{
  "user_name": "adereal_gadgets",
  "profile_photo": "https://scontent-lax3-2.cdninstagram.com/v/t51.2885-19/s150x150/64616346_1124432327680548_2889070345053011968_n.jpg?_nc_ht=scontent-lax3-2.cdninstagram.com&_nc_ohc=Bmfj5oKKANMAX-Vp_rU&tp=1&oh=56eb16160ad7edab4b43bead05e109a8&oe=5FEB82FA",
  "name": "Phone | Laptop | Accessories",
  "webiste": "https://l.instagram.com/?u=http%3A%2F%2Fwww.adereal.com%2F&e=ATMq8PxGGROWj7sOFpL56pkhwDiFgsXFU5Hq8ZirTCi1gxEE3pS0b8_lhz6f6SnwZMi1h_3LnbZXjxK3Zu3frA&s=1",
  "bio": "For affordable New and uk used Gadgets <a class=\" xil3i\" href=\"/explore/tags/iphone/\" tabindex=\"0\">#iphone</a> <a class=\" xil3i\" href=\"/explore/tags/samsung/\" tabindex=\"0\">#samsung</a> ). We deliver nationwide. <br>Call or WhatsApp Iyanu 09065741700<br>Tosin :09037579558<br>08091676438",
  "category": "",
  "posts_count": "2,023",
  "followers_count": "47.2k",
  "following_count": "825",
  "story_highlights": [
    {
      "text": "Advert",
      "src": "https://scontent-lax3-1.cdninstagram.com/v/t51.12442-15/e35/c0.292.750.750a/s150x150/62238182_460842544489305_8638700190684335288_n.jpg?_nc_ht=scontent-lax3-1.cdninstagram.com&_nc_cat=109&_nc_ohc=K6hzWc9kZWsAX-sRQLW&tp=1&oh=d9a5e8ea2ab04f716834f1650d81c256&oe=5FC5A56E"
    },
    {
      "text": "Happy customers",
      "src": "https://scontent-lax3-1.cdninstagram.com/v/t51.12442-15/e15/c0.280.720.720a/s150x150/58410405_121799439004192_1834389576081054250_n.jpg?_nc_ht=scontent-lax3-1.cdninstagram.com&_nc_cat=104&_nc_ohc=Js6nqr2revIAX9fNj9A&tp=1&oh=03153d9641ef38b493b9cfa997314c4d&oe=5FC5EE2F"
    },
    {
      "text": "Abuad uni",
      "src": "https://scontent-lax3-1.cdninstagram.com/v/t51.12442-15/e15/c0.280.720.720a/s150x150/49933402_772357816451524_1170277469032297526_n.jpg?_nc_ht=scontent-lax3-1.cdninstagram.com&_nc_cat=104&_nc_ohc=QCroID2iImAAX_eykit&tp=1&oh=ffa39ba3cb591c80a3d057b3309758d8&oe=5FC58E4D"
    },
    {
      "text": "Babcock uni",
      "src": "https://scontent-lax3-1.cdninstagram.com/v/t51.12442-15/e15/c0.280.720.720a/s150x150/50003741_291136084881987_1744234327732550090_n.jpg?_nc_ht=scontent-lax3-1.cdninstagram.com&_nc_cat=103&_nc_ohc=BoESxVkN2UsAX-Tubqd&tp=1&oh=9c9d6c1d4504fd7e87ab324323b2c987&oe=5FC5D1A2"
    },
    {
      "text": "Babcock deliver",
      "src": "https://scontent-lax3-1.cdninstagram.com/v/t51.12442-15/e15/c52.287.667.667a/s150x150/49319631_389073371650889_4772348936768880760_n.jpg?_nc_ht=scontent-lax3-1.cdninstagram.com&_nc_cat=105&_nc_ohc=Ikjj4MecCs8AX8vseDW&tp=1&oh=6e0a6ce294ba5457d9bd5b82ad527799&oe=5FC5DFA0"
    },
    {
      "text": "Highlights",
      "src": "https://scontent-lax3-1.cdninstagram.com/v/t51.12442-15/e35/c0.398.1024.1024a/s150x150/30593634_454338248355753_4017859467805720576_n.jpg?_nc_ht=scontent-lax3-1.cdninstagram.com&_nc_cat=109&_nc_ohc=iuIXMtCOb8QAX-C-g59&tp=1&oh=b9ef1f2eb1dec6f1fb1f1740e6bc33b1&oe=5FC58E8E"
    }
  ],
  "posts": [
    {
      "src": "https://scontent-lax3-1.cdninstagram.com/v/t51.2885-15/sh0.08/e35/s640x640/127147272_3475411239223215_3728856146623531263_n.jpg?_nc_ht=scontent-lax3-1.cdninstagram.com&_nc_cat=103&_nc_ohc=3tGkW-Pi4mcAX8Urvzk&tp=1&oh=5a802f77439b78a9e3e3a47b31a28c4c&oe=5FEECC8E"
    },
    {
      "src": "https://scontent-lax3-1.cdninstagram.com/v/t51.2885-15/sh0.08/e35/c0.180.1440.1440a/s640x640/127045075_388407425701637_7949185377624179427_n.jpg?_nc_ht=scontent-lax3-1.cdninstagram.com&_nc_cat=105&_nc_ohc=bxDGNo2UVJgAX_0wFwm&tp=1&oh=387ad0edc67ee1004061f01fa704656f&oe=5FEB84F2"
    },
    {
      "src": "https://scontent-lax3-2.cdninstagram.com/v/t51.2885-15/e35/c236.0.603.603a/126906770_2892010494164515_5335327508325235523_n.jpg?_nc_ht=scontent-lax3-2.cdninstagram.com&_nc_cat=107&_nc_ohc=n7CMven2j-4AX-ePQ_P&tp=1&oh=720500751b26643111afda51a54aefc8&oe=5FEDAAC8"
    },
    {
      "src": "https://scontent-lax3-1.cdninstagram.com/v/t51.2885-15/e35/c172.0.580.580a/126932629_828152661373352_6724795524101046471_n.jpg?_nc_ht=scontent-lax3-1.cdninstagram.com&_nc_cat=108&_nc_ohc=AnCTx1w5Mk0AX9WVK7s&tp=1&oh=5d126c7aaa5a4d070a02e36c22cd4636&oe=5FEDB3AE"
    },
    {
      "src": "https://scontent-lax3-1.cdninstagram.com/v/t51.2885-15/sh0.08/e35/s640x640/126994633_215111786674549_8643590984128385018_n.jpg?_nc_ht=scontent-lax3-1.cdninstagram.com&_nc_cat=101&_nc_ohc=oqEfv5clVr4AX-azL6O&tp=1&oh=5328b0cb78953682b8f1667749ecd40d&oe=5FEE4296"
    },
    {
      "src": "https://scontent-lax3-2.cdninstagram.com/v/t51.2885-15/sh0.08/e35/s640x640/127007460_851187059046618_3081032413833822178_n.jpg?_nc_ht=scontent-lax3-2.cdninstagram.com&_nc_cat=106&_nc_ohc=eRhlTIBe-5sAX-bqfrW&tp=1&oh=376e222ce2bea610ba7a7484cbc36041&oe=5FC56C8F"
    },
    {
      "src": "https://scontent-lax3-1.cdninstagram.com/v/t51.2885-15/sh0.08/e35/s640x640/126987737_810185286485172_1275781718460917383_n.jpg?_nc_ht=scontent-lax3-1.cdninstagram.com&_nc_cat=100&_nc_ohc=PlFrKZkkGE4AX9pEf3r&tp=1&oh=fe41b22424cf8aad789e539334dadb93&oe=5FC5D233"
    },
    {
      "src": "https://scontent-lax3-1.cdninstagram.com/v/t51.2885-15/sh0.08/e35/s640x640/126237404_680911406120906_6245939364734603030_n.jpg?_nc_ht=scontent-lax3-1.cdninstagram.com&_nc_cat=102&_nc_ohc=vicImrNduGIAX8Env-k&tp=1&oh=c5c62f0ccd26d78a8b7203f711b6a95e&oe=5FEB6D74"
    },
    {
      "src": "https://scontent-lax3-1.cdninstagram.com/v/t51.2885-15/sh0.08/e35/c0.90.720.720a/s640x640/125907157_196385275426596_914605889673590726_n.jpg?_nc_ht=scontent-lax3-1.cdninstagram.com&_nc_cat=100&_nc_ohc=9rpyopBeaFEAX_M1XM4&tp=1&oh=8da1d6570152462e3cf562bcfe878113&oe=5FC5E5CC"
    },
    {
      "src": "https://scontent-lax3-1.cdninstagram.com/v/t51.2885-15/e35/c236.0.603.603a/125931595_196832261899496_2528896739121512479_n.jpg?_nc_ht=scontent-lax3-1.cdninstagram.com&_nc_cat=108&_nc_ohc=B89PaWUBpVQAX9UJEh0&tp=1&oh=33e74eb2b958a6b829210630d3181ad2&oe=5FEC8551"
    },
    {
      "src": "https://scontent-lax3-2.cdninstagram.com/v/t51.2885-15/sh0.08/e35/s640x640/126105924_1079542599146779_6893927936896558417_n.jpg?_nc_ht=scontent-lax3-2.cdninstagram.com&_nc_cat=107&_nc_ohc=Q9o6e-iAX08AX8toAfs&tp=1&oh=56324235123ddd946282015bec214879&oe=5FED3308"
    },
    {
      "src": "https://scontent-lax3-1.cdninstagram.com/v/t51.2885-15/sh0.08/e35/s640x640/126115067_184402089893006_4474206456175910883_n.jpg?_nc_ht=scontent-lax3-1.cdninstagram.com&_nc_cat=102&_nc_ohc=KmyDz2JlaBgAX-Lp7-S&tp=1&oh=801a20c3a95577d2f938c8d7348fdd30&oe=5FC5D832"
    },
    {
      "src": "https://scontent-lax3-1.cdninstagram.com/v/t51.2885-15/sh0.08/e35/s640x640/125797890_220218516193377_3655690214990175724_n.jpg?_nc_ht=scontent-lax3-1.cdninstagram.com&_nc_cat=109&_nc_ohc=sOishA9l2lkAX_09xUx&tp=1&oh=4e8a78648c3b9e85a49805a5e9ce40bc&oe=5FC57CB7"
    },
    {
      "src": "https://scontent-lax3-1.cdninstagram.com/v/t51.2885-15/sh0.08/e35/s640x640/125529142_730690610860779_5743993833395471910_n.jpg?_nc_ht=scontent-lax3-1.cdninstagram.com&_nc_cat=103&_nc_ohc=2ZegB6n1OpAAX_-W_Cq&tp=1&oh=225cb1de6fd99ac124b863b8ce391fb1&oe=5FECF0B4"
    },
    {
      "src": "https://scontent-lax3-1.cdninstagram.com/v/t51.2885-15/sh0.08/e35/c0.90.720.720a/s640x640/125555825_679287189618622_6331063032342943611_n.jpg?_nc_ht=scontent-lax3-1.cdninstagram.com&_nc_cat=110&_nc_ohc=9fTQI6b4qEMAX9-nsA_&tp=1&oh=b78324fcf16701e677eaff9ee413be6c&oe=5FC5B323"
    },
    {
      "src": "https://scontent-lax3-1.cdninstagram.com/v/t51.2885-15/sh0.08/e35/c0.90.720.720a/s640x640/125463166_392975065285095_389826834840639986_n.jpg?_nc_ht=scontent-lax3-1.cdninstagram.com&_nc_cat=103&_nc_ohc=Iwtz0c2v_bgAX_9TYlG&tp=1&oh=82b65f90eb44004aa390fc926eb191ef&oe=5FC5996D"
    },
    {
      "src": "https://scontent-lax3-1.cdninstagram.com/v/t51.2885-15/sh0.08/e35/c0.90.720.720a/s640x640/125434474_371173604304217_4778605411078528317_n.jpg?_nc_ht=scontent-lax3-1.cdninstagram.com&_nc_cat=101&_nc_ohc=VQowkE_YFwsAX8qzyHW&tp=1&oh=9fc6444d34c1f9196c362368e47a7927&oe=5FC57943"
    },
    {
      "src": "https://scontent-lax3-2.cdninstagram.com/v/t51.2885-15/sh0.08/e35/s640x640/125446125_3526064830803727_4662229421854411121_n.jpg?_nc_ht=scontent-lax3-2.cdninstagram.com&_nc_cat=107&_nc_ohc=5DCIzOGBycAAX_wGoja&tp=1&oh=e032a2bf8fe0875786b0ed26083c8fbd&oe=5FC5C870"
    },
    {
      "src": "https://scontent-lax3-1.cdninstagram.com/v/t51.2885-15/sh0.08/e35/s640x640/125553982_375535763767804_1187364947351680133_n.jpg?_nc_ht=scontent-lax3-1.cdninstagram.com&_nc_cat=104&_nc_ohc=adi8nfmzstAAX8SbFUf&tp=1&oh=461917e68b6b46bd4b9662cee1280f76&oe=5FEB9BE9"
    },
    {
      "src": "https://scontent-lax3-1.cdninstagram.com/v/t51.2885-15/sh0.08/e35/c280.0.720.720a/s640x640/125193509_369864310792013_1027308988367465079_n.jpg?_nc_ht=scontent-lax3-1.cdninstagram.com&_nc_cat=105&_nc_ohc=WZMvqIoTtUIAX_wgWeJ&tp=1&oh=8bad6e01fd80bba2b916afba0003cc70&oe=5FEC5658"
    },
    {
      "src": "https://scontent-lax3-1.cdninstagram.com/v/t51.2885-15/sh0.08/e35/c280.0.720.720a/s640x640/125339783_1037533716718925_8766862977147520184_n.jpg?_nc_ht=scontent-lax3-1.cdninstagram.com&_nc_cat=105&_nc_ohc=stt3exbvS-gAX9_POgg&tp=1&oh=93167d50c341d84d3a2df0f5ffc0c89a&oe=5FEB90CA"
    },
    {
      "src": "https://scontent-lax3-1.cdninstagram.com/v/t51.2885-15/sh0.08/e35/c0.180.1440.1440a/s640x640/125098047_133197738208132_7831420932749627276_n.jpg?_nc_ht=scontent-lax3-1.cdninstagram.com&_nc_cat=104&_nc_ohc=y-p8BW2ScrkAX8UKFdn&tp=1&oh=80ae2e9a0e047b84fcfd0275bdcf4e34&oe=5FED8C98"
    },
    {
      "src": "https://scontent-lax3-1.cdninstagram.com/v/t51.2885-15/sh0.08/e35/s640x640/125040371_464191211228433_7796337905469065678_n.jpg?_nc_ht=scontent-lax3-1.cdninstagram.com&_nc_cat=109&_nc_ohc=CkkCXTWLcUUAX9CqvLQ&tp=1&oh=4a2f0ebe9677b95e0cb8652e5111e0a8&oe=5FEE4092"
    },
    {
      "src": "https://scontent-lax3-2.cdninstagram.com/v/t51.2885-15/sh0.08/e35/s640x640/125347342_693885501512743_8540765352948445272_n.jpg?_nc_ht=scontent-lax3-2.cdninstagram.com&_nc_cat=107&_nc_ohc=eCbtMLGbbBQAX_PKYCo&tp=1&oh=0a8d6621ebae9bac3c488eba787b9912&oe=5FEE94E1"
    }
  ]
}