{
  "user_name": "alrightgadgets",
  "profile_photo": "https://scontent-lax3-2.cdninstagram.com/v/t51.2885-19/s150x150/22159201_491739607848475_4214142325091205120_n.jpg?_nc_ht=scontent-lax3-2.cdninstagram.com&_nc_ohc=lRZaqauCTb4AX9wO9-_&tp=1&oh=035d6ae32e42f999c329fa5abf55c075&oe=5FECED1E",
  "name": "Alright Gadgets",
  "webiste": "https://l.instagram.com/?u=http%3A%2F%2Fwww.alrightgadgets.com%2F&e=ATMpYsBODJMh-d1bjcLJ5sbtSLTAzD0UuuJzFcueUSzjsJpT8ZPKoNL4rTWoMuFSjuAEbHhlo-AJZ9up-k3nqQ&s=1",
  "bio": "HEY! We're Alright Gadgets📱💻<br>Your one stop shop for Mobile Phones, laptops &amp; Accessories<br>You can trust us, it's Alright<br>Call :<br>08073262852<br>08181813414",
  "category": "",
  "posts_count": "3,548",
  "followers_count": "21.7k",
  "following_count": "3,648",
  "story_highlights": [
    {
      "text": "Buy confidence",
      "src": "https://scontent-lax3-1.cdninstagram.com/v/t51.2885-15/e15/c0.248.640.640a/s150x150/127699086_2934419463550708_6969897711670075477_n.jpg?_nc_ht=scontent-lax3-1.cdninstagram.com&_nc_cat=104&_nc_ohc=UmnHW7kzRekAX-vcxCJ&tp=1&oh=035c7aa32900177e87a262badb0646e3&oe=5FC5DD90"
    },
    {
      "text": "OshaySister 🙌",
      "src": "https://scontent-lax3-1.cdninstagram.com/v/t51.2885-15/e35/c0.292.750.750a/s150x150/125920313_491071475165160_2742778045551289456_n.jpg?_nc_ht=scontent-lax3-1.cdninstagram.com&_nc_cat=100&_nc_ohc=saz7GNFBiW0AX-MyE20&tp=1&oh=b3986a68d18184fbdf57986fcf05ec5e&oe=5FC5D034"
    },
    {
      "text": "iPhone12Pro Max",
      "src": "https://scontent-lax3-1.cdninstagram.com/v/t51.2885-15/e35/c0.437.1125.1125a/s150x150/125268193_1416171645394094_7341545505667961689_n.jpg?_nc_ht=scontent-lax3-1.cdninstagram.com&_nc_cat=102&_nc_ohc=FZtuQ9m5dJ0AX__5rGW&tp=1&oh=c2efa8317823ac1cafc14228f820ba8d&oe=5FC57D0F"
    },
    {
      "text": "Feedbacks",
      "src": "https://scontent-lax3-1.cdninstagram.com/v/t51.2885-15/e35/c0.398.1024.1024a/s150x150/122878233_640325356849630_6835216253591409053_n.jpg?_nc_ht=scontent-lax3-1.cdninstagram.com&_nc_cat=110&_nc_ohc=kpuTovpq0AQAX_kc2wh&tp=1&oh=100f56aa494ff3a2a10f2f01fe63bd52&oe=5FC5BF61"
    },
    {
      "text": "Customers",
      "src": "https://scontent-lax3-1.cdninstagram.com/v/t51.2885-15/e35/c0.437.1125.1125a/s150x150/121648890_789729621850119_6803134481458259939_n.jpg?_nc_ht=scontent-lax3-1.cdninstagram.com&_nc_cat=103&_nc_ohc=8Zf2eS_2O4oAX8e1cnT&tp=1&oh=362817839a8b6fc34caaa71d475ae657&oe=5FC5DF60"
    }
  ],
  "posts": [
    {
      "src": "https://scontent-lax3-1.cdninstagram.com/v/t51.2885-15/sh0.08/e35/c14.0.692.692a/s640x640/128192339_176552720604549_2519544753209506577_n.jpg?_nc_ht=scontent-lax3-1.cdninstagram.com&_nc_cat=109&_nc_ohc=NbjdsnFLIfMAX9_24oK&tp=1&oh=3714d9ba90daa76390fe1caef4c4107f&oe=5FC5A492"
    },
    {
      "src": "https://scontent-lax3-2.cdninstagram.com/v/t51.2885-15/e35/c0.168.432.432a/127791632_696972284581667_5486873517403266916_n.jpg?_nc_ht=scontent-lax3-2.cdninstagram.com&_nc_cat=111&_nc_ohc=2KIgZNAn-5gAX__5W5j&tp=1&oh=0210e2b9d1c65b65a0fc617667d20371&oe=5FC5B8DF"
    },
    {
      "src": "https://scontent-lax3-1.cdninstagram.com/v/t51.2885-15/e35/c157.0.405.405a/127990868_417331079289418_908903098754976519_n.jpg?_nc_ht=scontent-lax3-1.cdninstagram.com&_nc_cat=110&_nc_ohc=3vhUnIm3QOIAX99x_Th&tp=1&oh=16a6ad74422683351bad6e1ee2b85c05&oe=5FC61145"
    },
    {
      "src": "https://scontent-lax3-1.cdninstagram.com/v/t51.2885-15/sh0.08/e35/c0.180.1440.1440a/s640x640/127379559_201520398236306_230861862099379476_n.jpg?_nc_ht=scontent-lax3-1.cdninstagram.com&_nc_cat=102&_nc_ohc=XvVygtnb_xMAX_yYvTF&tp=1&oh=ded05e22f64875a2d3441821dcbd949d&oe=5FEE7873"
    },
    {
      "src": "https://scontent-lax3-1.cdninstagram.com/v/t51.2885-15/sh0.08/e35/s640x640/127309403_924337038098044_1366191738627001592_n.jpg?_nc_ht=scontent-lax3-1.cdninstagram.com&_nc_cat=104&_nc_ohc=bqWsYh-YdkAAX8RgacT&tp=1&oh=679271797d6af2c425bb8143f93a810f&oe=5FC5D20F"
    },
    {
      "src": "https://scontent-lax3-1.cdninstagram.com/v/t51.2885-15/sh0.08/e35/c0.90.720.720a/s640x640/127430127_695902647581498_8972098269234613132_n.jpg?_nc_ht=scontent-lax3-1.cdninstagram.com&_nc_cat=102&_nc_ohc=GjlifC6IC2wAX_wuXxn&tp=1&oh=5b2518935f42866b440f4fbfd7d036f1&oe=5FC5DDEC"
    },
    {
      "src": "https://scontent-lax3-1.cdninstagram.com/v/t51.2885-15/sh0.08/e35/c0.180.1440.1440a/s640x640/127283790_133808805176547_8473236459118783901_n.jpg?_nc_ht=scontent-lax3-1.cdninstagram.com&_nc_cat=103&_nc_ohc=pU-4t-0BntYAX8s2cfN&tp=1&oh=8a83cefbab43f4b21251d8035179d099&oe=5FED4BF2"
    },
    {
      "src": "https://scontent-lax3-1.cdninstagram.com/v/t51.2885-15/e35/c157.0.405.405a/127693582_419438639059618_2464534837948249744_n.jpg?_nc_ht=scontent-lax3-1.cdninstagram.com&_nc_cat=110&_nc_ohc=lxYxazXTs88AX_LrQtU&tp=1&oh=5a27fe67f50c60a2974ad5a3af089527&oe=5FC5EF12"
    },
    {
      "src": "https://scontent-lax3-1.cdninstagram.com/v/t51.2885-15/sh0.08/e35/c0.90.720.720a/s640x640/127906846_3985512911479726_7233941292470759339_n.jpg?_nc_ht=scontent-lax3-1.cdninstagram.com&_nc_cat=110&_nc_ohc=s7fLNg5FZUAAX_GJW-X&tp=1&oh=29f5903d087db4d2e58b757aeecc6e1d&oe=5FC5ADCE"
    },
    {
      "src": "https://scontent-lax3-1.cdninstagram.com/v/t51.2885-15/e35/c157.0.405.405a/128158375_308804126885372_6812338640741620895_n.jpg?_nc_ht=scontent-lax3-1.cdninstagram.com&_nc_cat=108&_nc_ohc=rU5sm-Krap0AX9wcIRv&tp=1&oh=784348ca830745c6d67f05edada76492&oe=5FC5BEA1"
    },
    {
      "src": "https://scontent-lax3-1.cdninstagram.com/v/t51.2885-15/sh0.08/e35/c0.180.1440.1440a/s640x640/127635564_129755602048330_3790433472128217530_n.jpg?_nc_ht=scontent-lax3-1.cdninstagram.com&_nc_cat=110&_nc_ohc=f3bDwumM2cwAX9_J9-x&tp=1&oh=d119e5750e20c84a06531498cb9d7e52&oe=5FEC09A7"
    },
    {
      "src": "https://scontent-lax3-2.cdninstagram.com/v/t51.2885-15/sh0.08/e35/s640x640/127618754_140864434454687_6953577245755281327_n.jpg?_nc_ht=scontent-lax3-2.cdninstagram.com&_nc_cat=111&_nc_ohc=c1wGgSZKSGkAX-kPWnt&tp=1&oh=94fb05e18edb7e7e432fcad8b577ad93&oe=5FEBA238"
    },
    {
      "src": "https://scontent-lax3-1.cdninstagram.com/v/t51.2885-15/sh0.08/e35/c0.90.720.720a/s640x640/127274364_392848131834113_6666245640246296332_n.jpg?_nc_ht=scontent-lax3-1.cdninstagram.com&_nc_cat=105&_nc_ohc=lyRNuAn_uEYAX--m4uC&tp=1&oh=babd1e216dcccbb4919ddc258d5b508c&oe=5FC5810A"
    },
    {
      "src": "https://scontent-lax3-1.cdninstagram.com/v/t51.2885-15/sh0.08/e35/s640x640/127371951_375612856990198_4972405190818768141_n.jpg?_nc_ht=scontent-lax3-1.cdninstagram.com&_nc_cat=110&_nc_ohc=wolQiEooyHgAX-ZCdOC&tp=1&oh=64168f20bf396d8beb7e2f4e8954d8cf&oe=5FED9DFB"
    },
    {
      "src": "https://scontent-lax3-1.cdninstagram.com/v/t51.2885-15/sh0.08/e35/c0.90.720.720a/s640x640/127441422_2816233228660237_4678612682526377821_n.jpg?_nc_ht=scontent-lax3-1.cdninstagram.com&_nc_cat=101&_nc_ohc=jGxyu_LkPCQAX-4F3cR&tp=1&oh=59ad6cfed4e7bbde0f7d67963acbc1dd&oe=5FC58982"
    },
    {
      "src": "https://scontent-lax3-1.cdninstagram.com/v/t51.2885-15/e35/c157.0.405.405a/127278831_377491250195854_3395826120839320575_n.jpg?_nc_ht=scontent-lax3-1.cdninstagram.com&_nc_cat=110&_nc_ohc=c5DhdzExI6AAX8SlPwy&tp=1&oh=bb3b22d86d3ad471973086ccac6163d1&oe=5FC59405"
    },
    {
      "src": "https://scontent-lax3-2.cdninstagram.com/v/t51.2885-15/e35/c157.0.405.405a/126333416_187344446266499_3197425506954735446_n.jpg?_nc_ht=scontent-lax3-2.cdninstagram.com&_nc_cat=111&_nc_ohc=jAYbyx879AkAX9kOUIG&tp=1&oh=dc1efd0e5304aefc8c1f5f1870ef83f4&oe=5FC59625"
    },
    {
      "src": "https://scontent-lax3-1.cdninstagram.com/v/t51.2885-15/e35/c157.0.405.405a/127379559_138032024770659_7322342578588322031_n.jpg?_nc_ht=scontent-lax3-1.cdninstagram.com&_nc_cat=103&_nc_ohc=U1TESTyU3FcAX-XN5Pp&tp=1&oh=70d4068cd889a70f1190e3869769681f&oe=5FC58FD3"
    },
    {
      "src": "https://scontent-lax3-1.cdninstagram.com/v/t51.2885-15/sh0.08/e35/c343.0.753.753a/s640x640/127405691_133811018227126_7173261233491197097_n.jpg?_nc_ht=scontent-lax3-1.cdninstagram.com&_nc_cat=110&_nc_ohc=rpnoSL9QiggAX9nyUkt&tp=1&oh=c6296a158f75673ac03067948d15cd01&oe=5FEC0316"
    },
    {
      "src": "https://scontent-lax3-1.cdninstagram.com/v/t51.2885-15/e35/c157.0.405.405a/127229213_3487958541289604_4864706763240041548_n.jpg?_nc_ht=scontent-lax3-1.cdninstagram.com&_nc_cat=108&_nc_ohc=9wFV-NoU_54AX9ldEwH&tp=1&oh=0b067cceedb679fdad833266e8b8c418&oe=5FC60BE2"
    },
    {
      "src": "https://scontent-lax3-1.cdninstagram.com/v/t51.2885-15/e35/c157.0.405.405a/127036250_128566838845545_8851885317663285905_n.jpg?_nc_ht=scontent-lax3-1.cdninstagram.com&_nc_cat=109&_nc_ohc=TKej2cK8rSQAX9nbh0O&tp=1&oh=9c880e7483f21d851c2368c8883069ba&oe=5FC5DFDB"
    },
    {
      "src": "https://scontent-lax3-2.cdninstagram.com/v/t51.2885-15/sh0.08/e35/c4.0.711.711a/s640x640/127630715_2871299119806355_5275295792903681979_n.jpg?_nc_ht=scontent-lax3-2.cdninstagram.com&_nc_cat=107&_nc_ohc=5by5y2y7pu8AX9_n7q5&tp=1&oh=21d4aa212f9c6f896e58ddebc504fecf&oe=5FC5EEAB"
    },
    {
      "src": "https://scontent-lax3-2.cdninstagram.com/v/t51.2885-15/sh0.08/e35/c0.90.720.720a/s640x640/127860335_374934153784535_2053128193407817683_n.jpg?_nc_ht=scontent-lax3-2.cdninstagram.com&_nc_cat=111&_nc_ohc=_AQBXqIMhBQAX8ybCVS&tp=1&oh=7871f72d02da82b3edc17bd826620708&oe=5FC587F2"
    },
    {
      "src": "https://scontent-lax3-1.cdninstagram.com/v/t51.2885-15/sh0.08/e35/c0.90.720.720a/s640x640/127182981_135129221731492_843327495351841210_n.jpg?_nc_ht=scontent-lax3-1.cdninstagram.com&_nc_cat=104&_nc_ohc=jF2QxWAtAgIAX_L5Tq8&tp=1&oh=9eb02d37e479340e0a2223319f29516d&oe=5FC5C4A1"
    }
  ]
}