{
  "user_name": "andrewtechgadgets",
  "profile_photo": "https://scontent-lax3-2.cdninstagram.com/v/t51.2885-19/s150x150/122327422_385261322666835_1970619854934521456_n.jpg?_nc_ht=scontent-lax3-2.cdninstagram.com&_nc_ohc=M5TsQAv5rSkAX__F8PW&tp=1&oh=e5a0749e79cdd0d0bb2f4e38c42debcb&oe=5FEE7419",
  "name": "ANDREWTECH GADGETS",
  "webiste": "",
  "bio": "📱Phones | 💻Laptops | Accessories<br>BUY. SELL. SWAP. REPAIR<br>💯 Quality Guaranteed 👌🏾<br>📞 08125734015 -09024469352‬<br>NOT ON FACEBOOK ❌ ❌ ❌❌",
  "category": "",
  "posts_count": "1,664",
  "followers_count": "40.7k",
  "following_count": "1,708",
  "story_highlights": [
    {
      "text": "Testimonies",
      "src": "https://scontent-lax3-2.cdninstagram.com/v/t51.2885-15/s150x150/67525694_778293005955843_3725202131873032590_n.jpg?_nc_ht=scontent-lax3-2.cdninstagram.com&_nc_ohc=qZ4z54z4uFgAX_e5SMm&tp=1&oh=c9d4e13da932188243dac07c6348953a&oe=5FEEF23E"
    },
    {
      "text": "iPhone",
      "src": "https://scontent-lax3-2.cdninstagram.com/v/t51.2885-15/s150x150/66705539_498091494324465_4596597871152347735_n.jpg?_nc_ht=scontent-lax3-2.cdninstagram.com&_nc_ohc=h2QD0ygfVaMAX9dDzrt&tp=1&oh=a0d68f9b66504489e5e43ad27a15077a&oe=5FEE7306"
    },
    {
      "text": "Accessories",
      "src": "https://scontent-lax3-2.cdninstagram.com/v/t51.2885-15/s150x150/67123094_470424223689951_7013232537341683751_n.jpg?_nc_ht=scontent-lax3-2.cdninstagram.com&_nc_ohc=kWJYpMCOzbwAX_GOYMe&tp=1&oh=b5da758ddb9840231f6dad5b466b0b71&oe=5FEE5F1E"
    },
    {
      "text": "Android Phones",
      "src": "https://scontent-lax3-2.cdninstagram.com/v/t51.2885-15/s150x150/66644826_1846704578766352_2242391611744315836_n.jpg?_nc_ht=scontent-lax3-2.cdninstagram.com&_nc_ohc=vr4mm-sisrEAX9d_YcN&tp=1&oh=7ecf11af18a6f10c797524445942c7f7&oe=5FEDFBBD"
    },
    {
      "text": "Swap Deals 👌",
      "src": "https://scontent-lax3-1.cdninstagram.com/v/t51.12442-15/e35/c0.1056.1152.1152a/s150x150/75483292_1413717228807113_7981957015031463930_n.jpg?_nc_ht=scontent-lax3-1.cdninstagram.com&_nc_cat=105&_nc_ohc=qf3gTVKs8TcAX_SqdXp&tp=1&oh=f6aa7243733111973f93cd249de63bb3&oe=5FC5C65E"
    },
    {
      "text": "Laptops",
      "src": "https://scontent-lax3-2.cdninstagram.com/v/t51.2885-15/s150x150/67839210_462787707902068_7931955066482546966_n.jpg?_nc_ht=scontent-lax3-2.cdninstagram.com&_nc_ohc=CqXQw5xh0ygAX9q75yt&tp=1&oh=b73ee6c9884497beecd42c3254c52b0b&oe=5FEE3416"
    },
    {
      "text": "Chip unlocked",
      "src": "https://scontent-lax3-1.cdninstagram.com/v/t51.12442-15/e35/c0.483.1242.1242a/s150x150/75467460_493221574645586_8114086397170462017_n.jpg?_nc_ht=scontent-lax3-1.cdninstagram.com&_nc_cat=102&_nc_ohc=bT-Z9E-1cnQAX-jbxYL&tp=1&oh=9c43675ce94b630aa7ff98f44a9de7bb&oe=5FC5C2EA"
    },
    {
      "text": "Account Number",
      "src": "https://scontent-lax3-1.cdninstagram.com/v/t51.12442-15/e35/c0.398.1024.1024a/s150x150/74682956_159097218499958_3096195054572514026_n.jpg?_nc_ht=scontent-lax3-1.cdninstagram.com&_nc_cat=102&_nc_ohc=bWOiCeGRUUwAX9kcYpH&tp=1&oh=91376fff315e5acf599cb4ff62b61c3e&oe=5FC5B509"
    },
    {
      "text": "How to Order",
      "src": "https://scontent-lax3-2.cdninstagram.com/v/t51.2885-15/s150x150/68705997_467663300737531_732925133715624126_n.jpg?_nc_ht=scontent-lax3-2.cdninstagram.com&_nc_ohc=x8z-eo3gLjUAX_ktNM6&tp=1&oh=8b2c5160cdc97a468d861bf001ded04d&oe=5FEBA818"
    },
    {
      "text": "Repair",
      "src": "https://scontent-lax3-2.cdninstagram.com/v/t51.2885-15/s150x150/67034357_367954513845594_2815814812899135216_n.jpg?_nc_ht=scontent-lax3-2.cdninstagram.com&_nc_ohc=MajlleInIDEAX_4t04h&tp=1&oh=f9804168b5570f87f10e5cb33d739be7&oe=5FEBDAD7"
    }
  ],
  "posts": [
    {
      "src": "https://scontent-lax3-1.cdninstagram.com/v/t51.2885-15/sh0.08/e35/s640x640/128418464_195227555437549_671764244789387175_n.jpg?_nc_ht=scontent-lax3-1.cdninstagram.com&_nc_cat=101&_nc_ohc=kR-cDMEk2MUAX902Ced&tp=1&oh=a5f6cca2b7b56fcbe4ad04769af2f3dd&oe=5FEEB72F"
    },
    {
      "src": "https://scontent-lax3-2.cdninstagram.com/v/t51.2885-15/sh0.08/e35/s640x640/128506723_122112243015451_6408554628899422882_n.jpg?_nc_ht=scontent-lax3-2.cdninstagram.com&_nc_cat=107&_nc_ohc=vywmM0KYPmQAX-S9DSk&tp=1&oh=5712f96990093eeb4fd5cf736d3f5f0d&oe=5FC5D9D5"
    },
    {
      "src": "https://scontent-lax3-1.cdninstagram.com/v/t51.2885-15/sh0.08/e35/s640x640/128029924_821901591983438_6887112386737315764_n.jpg?_nc_ht=scontent-lax3-1.cdninstagram.com&_nc_cat=102&_nc_ohc=GkwCbISDNHYAX9awAlv&tp=1&oh=118547463bafa215f71af23b554da689&oe=5FEE3278"
    },
    {
      "src": "https://scontent-lax3-2.cdninstagram.com/v/t51.2885-15/sh0.08/e35/s640x640/127769921_774317359790759_8668263973865810129_n.jpg?_nc_ht=scontent-lax3-2.cdninstagram.com&_nc_cat=111&_nc_ohc=dqM_8sIzRBIAX8QvVCl&tp=1&oh=b31e0d7c10373ceb5166eb5d7caf471c&oe=5FEB4D0E"
    },
    {
      "src": "https://scontent-lax3-1.cdninstagram.com/v/t51.2885-15/sh0.08/e35/s640x640/127454146_3688454217882377_9088194411724447373_n.jpg?_nc_ht=scontent-lax3-1.cdninstagram.com&_nc_cat=105&_nc_ohc=tcvov5SEU3QAX-DuIi4&tp=1&oh=632557d9bc105f67fdb9bc701c468b7d&oe=5FC5B078"
    },
    {
      "src": "https://scontent-lax3-1.cdninstagram.com/v/t51.2885-15/sh0.08/e35/s640x640/127369530_251262789955522_8198461971173849804_n.jpg?_nc_ht=scontent-lax3-1.cdninstagram.com&_nc_cat=110&_nc_ohc=GEEFa2VpLYsAX-8Ggsa&tp=1&oh=983841db89122e6d03b9db09838e74ca&oe=5FC5FD0B"
    },
    {
      "src": "https://scontent-lax3-1.cdninstagram.com/v/t51.2885-15/sh0.08/e35/s640x640/127406930_1323330354681533_4773158573059954473_n.jpg?_nc_ht=scontent-lax3-1.cdninstagram.com&_nc_cat=105&_nc_ohc=pnltFP8EBfMAX8mZr91&tp=1&oh=1d6e14fbedd2418871683801d49a4342&oe=5FEB21C6"
    },
    {
      "src": "https://scontent-lax3-1.cdninstagram.com/v/t51.2885-15/sh0.08/e35/s640x640/127420722_708954289737757_3895725517663785056_n.jpg?_nc_ht=scontent-lax3-1.cdninstagram.com&_nc_cat=101&_nc_ohc=aOv6OSh7GB0AX-zXHVo&tp=1&oh=81b3a76ade0a22e1e8ed7c8511310545&oe=5FC5BF56"
    },
    {
      "src": "https://scontent-lax3-1.cdninstagram.com/v/t51.2885-15/sh0.08/e35/s640x640/127936435_1521310894924346_8232331237853128198_n.jpg?_nc_ht=scontent-lax3-1.cdninstagram.com&_nc_cat=102&_nc_ohc=QoqG_upGkl0AX9YZJPX&tp=1&oh=051c30cf560704d3813d20378fbd8278&oe=5FC59BF7"
    },
    {
      "src": "https://scontent-lax3-1.cdninstagram.com/v/t51.2885-15/sh0.08/e35/s640x640/127618803_715343319405464_3239701534498390835_n.jpg?_nc_ht=scontent-lax3-1.cdninstagram.com&_nc_cat=108&_nc_ohc=9laPIEPBja8AX8_d2ZZ&tp=1&oh=cb915356b3dd5d430ff85ed68934ee4a&oe=5FEB0401"
    },
    {
      "src": "https://scontent-lax3-2.cdninstagram.com/v/t51.2885-15/sh0.08/e35/s640x640/127432873_1441047622766371_6181481347658418531_n.jpg?_nc_ht=scontent-lax3-2.cdninstagram.com&_nc_cat=107&_nc_ohc=oDXYu-_3pRQAX8zK9b_&tp=1&oh=886c70fd91a51a2fc31f79fb58d47f0f&oe=5FEE7B88"
    },
    {
      "src": "https://scontent-lax3-1.cdninstagram.com/v/t51.2885-15/sh0.08/e35/s640x640/127599631_402730144184249_5598450209791211707_n.jpg?_nc_ht=scontent-lax3-1.cdninstagram.com&_nc_cat=105&_nc_ohc=bDOR-T6CKx0AX-il1jN&tp=1&oh=daceaea43d38e7532b1cb51a1cac6f6d&oe=5FEE2BB9"
    },
    {
      "src": "https://scontent-lax3-2.cdninstagram.com/v/t51.2885-15/sh0.08/e35/s640x640/128410793_196682365402686_457333247745356855_n.jpg?_nc_ht=scontent-lax3-2.cdninstagram.com&_nc_cat=106&_nc_ohc=DT7a7wD8HYAAX9daPvZ&tp=1&oh=1f89bc9dee60dbb860641ee033655dd5&oe=5FECB6E8"
    },
    {
      "src": "https://scontent-lax3-1.cdninstagram.com/v/t51.2885-15/sh0.08/e35/s640x640/127656996_754396122086988_1289651372179759973_n.jpg?_nc_ht=scontent-lax3-1.cdninstagram.com&_nc_cat=100&_nc_ohc=khWgsjzQ8gwAX-2zi01&tp=1&oh=048a22f83b4b46173ae5c1a26e132c7d&oe=5FEBBF33"
    },
    {
      "src": "https://scontent-lax3-1.cdninstagram.com/v/t51.2885-15/sh0.08/e35/s640x640/127578363_3731026933608190_2883663373496356364_n.jpg?_nc_ht=scontent-lax3-1.cdninstagram.com&_nc_cat=110&_nc_ohc=Gt4s20y2d-kAX-DqfHX&tp=1&oh=9554803dc1fb537a1766edb3e046fffe&oe=5FEB1583"
    },
    {
      "src": "https://scontent-lax3-2.cdninstagram.com/v/t51.2885-15/sh0.08/e35/s640x640/127964711_415568039854158_960514918644811427_n.jpg?_nc_ht=scontent-lax3-2.cdninstagram.com&_nc_cat=106&_nc_ohc=eFyKL3lBjxgAX86AN2s&tp=1&oh=d813a475e1a28981e5e8bc4104ffb10e&oe=5FEEA280"
    },
    {
      "src": "https://scontent-lax3-1.cdninstagram.com/v/t51.2885-15/sh0.08/e35/s640x640/127335086_2743282969277544_7108274707291474062_n.jpg?_nc_ht=scontent-lax3-1.cdninstagram.com&_nc_cat=100&_nc_ohc=l-xGmRtLmxYAX_kJ0O7&tp=1&oh=bdee4c2d72abd30bf6535cea5d663e04&oe=5FEBD41B"
    },
    {
      "src": "https://scontent-lax3-2.cdninstagram.com/v/t51.2885-15/sh0.08/e35/s640x640/127640735_173776877745959_4946266901464114183_n.jpg?_nc_ht=scontent-lax3-2.cdninstagram.com&_nc_cat=111&_nc_ohc=enV_pZ4euVQAX9ej1-2&tp=1&oh=54ae2e71a1699dbcf4894c8a837e2def&oe=5FEBDB2B"
    },
    {
      "src": "https://scontent-lax3-1.cdninstagram.com/v/t51.2885-15/sh0.08/e35/s640x640/127427935_170749744592494_2392475665232191643_n.jpg?_nc_ht=scontent-lax3-1.cdninstagram.com&_nc_cat=110&_nc_ohc=2jY140rSCwAAX_lcmxQ&tp=1&oh=db4e1096d0a05e446cd67b829a483564&oe=5FECEB9E"
    },
    {
      "src": "https://scontent-lax3-1.cdninstagram.com/v/t51.2885-15/sh0.08/e35/s640x640/127499485_747124986157113_5545471813271163041_n.jpg?_nc_ht=scontent-lax3-1.cdninstagram.com&_nc_cat=109&_nc_ohc=Fsxe7BI1-04AX86FLwk&tp=1&oh=801e98138d73aa95e5c2a30a0d8fbe3e&oe=5FC5C9CC"
    },
    {
      "src": "https://scontent-lax3-2.cdninstagram.com/v/t51.2885-15/sh0.08/e35/c1.0.1238.1238a/s640x640/127855412_1293713001027619_3956547979483188208_n.jpg?_nc_ht=scontent-lax3-2.cdninstagram.com&_nc_cat=107&_nc_ohc=hUtk58TOD5sAX9qNx5E&tp=1&oh=93705cb981090c44c261f846e53b198e&oe=5FEB6B58"
    },
    {
      "src": "https://scontent-lax3-1.cdninstagram.com/v/t51.2885-15/sh0.08/e35/s640x640/127024053_374257443657274_2577012000552208357_n.jpg?_nc_ht=scontent-lax3-1.cdninstagram.com&_nc_cat=110&_nc_ohc=wwv-8wU3tiwAX-jTHAc&tp=1&oh=46004e9594ac80d9c5c48e260195f7e2&oe=5FED2522"
    },
    {
      "src": "https://scontent-lax3-1.cdninstagram.com/v/t51.2885-15/sh0.08/e35/c1.0.1238.1238a/s640x640/127344241_192934799111112_2180669344704335792_n.jpg?_nc_ht=scontent-lax3-1.cdninstagram.com&_nc_cat=100&_nc_ohc=fagT0BW47PMAX8P9vYG&tp=1&oh=7441bcc79601006278527cc56c0a888f&oe=5FEC7FEF"
    },
    {
      "src": "https://scontent-lax3-1.cdninstagram.com/v/t51.2885-15/sh0.08/e35/s640x640/127015320_153616973168967_5723798657601176509_n.jpg?_nc_ht=scontent-lax3-1.cdninstagram.com&_nc_cat=103&_nc_ohc=4DBEdm4NRpYAX-MQAx5&tp=1&oh=19928f787982e57e3ddd82afc61ff6f7&oe=5FC5B18A"
    }
  ]
}