{
  "user_name": "atadorahfashions",
  "profile_photo": "https://scontent-lax3-2.cdninstagram.com/v/t51.2885-19/s150x150/120766786_2423085284653828_2476448969642881521_n.jpg?_nc_ht=scontent-lax3-2.cdninstagram.com&_nc_ohc=dFwtdCNintQAX97geE2&tp=1&oh=435e11e912f820f4878b76958b87748e&oe=5FEB0E69",
  "name": "ATA DORAH FASHION HOUSE",
  "webiste": "",
  "bio": "LATEST FASHIONS <br>LATEST DESIGNS<br>CELEBRITY STYLISH<br><a class=\" xil3i\" href=\"/explore/tags/atadorahfashions/\" tabindex=\"0\">#atadorahfashions</a><br>Free delivery <br>MUTHAIGA • NGARA • PANGANI • CBD<br>ORDER: CALL|| WHAT'S UP 0711738941",
  "category": "",
  "posts_count": "6",
  "followers_count": "177",
  "following_count": "40",
  "story_highlights": [],
  "posts": [
    {
      "src": "https://scontent-lax3-1.cdninstagram.com/v/t51.2885-15/sh0.08/e35/s640x640/125224737_1002991936848609_5615265042075631145_n.jpg?_nc_ht=scontent-lax3-1.cdninstagram.com&_nc_cat=109&_nc_ohc=oe2YmwoNf44AX_ttaU9&tp=1&oh=5900c590ab891e8e071c892a8e35e99a&oe=5FEEE74B"
    },
    {
      "src": "https://scontent-lax3-1.cdninstagram.com/v/t51.2885-15/e35/c0.9.590.590a/121640356_668152107154601_8558515364592874903_n.jpg?_nc_ht=scontent-lax3-1.cdninstagram.com&_nc_cat=105&_nc_ohc=C4qOXZVSE4QAX-uth8s&tp=1&oh=2cf4acaad84520379208abed85fc4c0d&oe=5FED46C0"
    },
    {
      "src": "https://scontent-lax3-1.cdninstagram.com/v/t51.2885-15/sh0.08/e35/c135.0.810.810a/s640x640/121367170_343417503540649_8502159296307799673_n.jpg?_nc_ht=scontent-lax3-1.cdninstagram.com&_nc_cat=101&_nc_ohc=eCgEI7I_rnoAX93jpqQ&tp=1&oh=3f18cf28d8b11499d2920585b5c5b007&oe=5FED6DEB"
    },
    {
      "src": "https://scontent-lax3-2.cdninstagram.com/v/t51.2885-15/sh0.08/e35/c0.128.1024.1024a/s640x640/121189617_2672670486379638_559188263879758848_n.jpg?_nc_ht=scontent-lax3-2.cdninstagram.com&_nc_cat=106&_nc_ohc=3N0eLIcSG0wAX8uTiyj&tp=1&oh=0013c46066a0d7d0327316b89e1a5ee1&oe=5FEBA36F"
    },
    {
      "src": "https://scontent-lax3-1.cdninstagram.com/v/t51.2885-15/e35/c249.0.581.581a/121237138_650605708930869_1944855120668550523_n.jpg?_nc_ht=scontent-lax3-1.cdninstagram.com&_nc_cat=109&_nc_ohc=NkXwRLLlHbAAX8M1Aia&tp=1&oh=f91c94d820a6b0f3d16fd697cbadfea9&oe=5FED4834"
    },
    {
      "src": "https://scontent-lax3-1.cdninstagram.com/v/t51.2885-15/sh0.08/e35/s640x640/121172540_451222452519605_2828192748959373216_n.jpg?_nc_ht=scontent-lax3-1.cdninstagram.com&_nc_cat=105&_nc_ohc=Ch21peDyBWMAX_1GgnL&tp=1&oh=f2b355055a846154f15f86fd0b38c735&oe=5FED79B1"
    }
  ]
}