{
  "user_name": "backyardshoez",
  "profile_photo": "https://scontent-lax3-2.cdninstagram.com/v/t51.2885-19/s150x150/67783803_721775034942868_1916860027512029184_n.jpg?_nc_ht=scontent-lax3-2.cdninstagram.com&_nc_ohc=LZJm9T52tKcAX-3qaii&tp=1&oh=6f78d7874249eb90112924f2d890ed56&oe=5FEE11DC",
  "name": "#backyardshoez ♥️",
  "webiste": "https://l.instagram.com/?u=https%3A%2F%2Fbackyardshoez.co.ke%2F&e=ATPp-CDUry7eIhDmwoIt6izhAd2aHXa6VM7Z_e0V0g3aG23Vx-0MIRn6H3wjfoBLmWl1gsanyVMaPivo1bkeaw&s=1",
  "bio": "♥️Love it? Buy it. Tag/ DM us<br>♥️Westlands<br>♥️I&amp;M Tower<br>♥️Garden City<br>♥️Jamia Mall F53<br>♥️Adlife Plaza<br>♥️Nakuru<br>📱(+254)720596844 0738596844<br>We Deliver",
  "category": "",
  "posts_count": "8,003",
  "followers_count": "296k",
  "following_count": "427",
  "story_highlights": [
    {
      "text": "👑",
      "src": "https://scontent-lax3-1.cdninstagram.com/v/t51.2885-15/e35/c0.318.720.720a/s150x150/107851475_277789163489470_4543593272829325439_n.jpg?_nc_ht=scontent-lax3-1.cdninstagram.com&_nc_cat=110&_nc_ohc=MJOKNsXpZWIAX-BO6Sl&tp=1&oh=6bbbaabee02297f5c72da0a4c00fd2dd&oe=5FC57BA1"
    },
    {
      "text": "👠",
      "src": "https://scontent-lax3-1.cdninstagram.com/v/t51.2885-15/e35/c0.493.720.720a/s150x150/108010180_269999500967199_1837572355609134724_n.jpg?_nc_ht=scontent-lax3-1.cdninstagram.com&_nc_cat=103&_nc_ohc=yNLiei-YThQAX_xpkMn&tp=1&oh=24a941406c54fd710558ace1237b45bc&oe=5FC6047A"
    },
    {
      "text": "👗",
      "src": "https://scontent-lax3-1.cdninstagram.com/v/t51.2885-15/e35/c0.233.720.720a/s150x150/107876559_616938309202203_1891388719825806558_n.jpg?_nc_ht=scontent-lax3-1.cdninstagram.com&_nc_cat=103&_nc_ohc=XThC7EN-2UAAX8sd0Vh&tp=1&oh=73ba464fa6842cad60f2d8cdf78457dd&oe=5FC57F8E"
    },
    {
      "text": "👙",
      "src": "https://scontent-lax3-1.cdninstagram.com/v/t51.2885-15/e35/c0.319.720.720a/s150x150/107070986_2650047728606590_4315095682600921952_n.jpg?_nc_ht=scontent-lax3-1.cdninstagram.com&_nc_cat=110&_nc_ohc=h9CqlsFrzTMAX9tCVqB&tp=1&oh=4c9575a004851a467749a2ef12f34b01&oe=5FC5E5BD"
    },
    {
      "text": "👢",
      "src": "https://scontent-lax3-1.cdninstagram.com/v/t51.2885-15/e35/c0.496.720.720a/s150x150/103765031_110297000593863_6120106299515434110_n.jpg?_nc_ht=scontent-lax3-1.cdninstagram.com&_nc_cat=103&_nc_ohc=8xIh5DqcIH4AX-NUN7g&tp=1&oh=f007f8211bbdc479afe12bf745013f44&oe=5FC5B62B"
    },
    {
      "text": "👟",
      "src": "https://scontent-lax3-1.cdninstagram.com/v/t51.2885-15/e35/c0.330.720.720a/s150x150/107981754_373690400267702_8652040026743158460_n.jpg?_nc_ht=scontent-lax3-1.cdninstagram.com&_nc_cat=102&_nc_ohc=6ozS4wJzoh8AX8m8Y2K&tp=1&oh=a77ba5b301262849eacca4fb31a894e8&oe=5FC5F4BC"
    },
    {
      "text": "Reviews 📝",
      "src": "https://scontent-lax3-1.cdninstagram.com/v/t51.12442-15/e35/c102.439.839.839a/s150x150/40773935_260065924634340_3869900017711972352_n.jpg?_nc_ht=scontent-lax3-1.cdninstagram.com&_nc_cat=100&_nc_ohc=tJmbi-9bN4IAX9JjWAG&tp=1&oh=22a6df0795d5dfbf8dea0e06e0dd9dba&oe=5FC6102A"
    }
  ],
  "posts": [
    {
      "src": "https://scontent-lax3-2.cdninstagram.com/v/t51.2885-15/sh0.08/e35/c0.135.1080.1080a/s640x640/128242868_790244924887855_2254216685394152170_n.jpg?_nc_ht=scontent-lax3-2.cdninstagram.com&_nc_cat=107&_nc_ohc=pGFFVqxNqYUAX8hi8Q-&tp=1&oh=7c5641f7774d14fb39f1cd46180b32d5&oe=5FEEB7BB"
    },
    {
      "src": "https://scontent-lax3-2.cdninstagram.com/v/t51.2885-15/sh0.08/e35/c0.135.1080.1080a/s640x640/128109388_1060177384432919_1683271680635789027_n.jpg?_nc_ht=scontent-lax3-2.cdninstagram.com&_nc_cat=111&_nc_ohc=KQR-x9Phk5kAX92kTMW&tp=1&oh=a319bec200fe9b0875eea74bd1a93207&oe=5FEB32C4"
    },
    {
      "src": "https://scontent-lax3-1.cdninstagram.com/v/t51.2885-15/sh0.08/e35/s640x640/127719199_428884971818738_5170075366089012266_n.jpg?_nc_ht=scontent-lax3-1.cdninstagram.com&_nc_cat=102&_nc_ohc=zIELH-s5Y2AAX_GUlEW&tp=1&oh=f2f9a7c8a401300b567a18aa5bf4c4db&oe=5FEBF7DB"
    },
    {
      "src": "https://scontent-lax3-2.cdninstagram.com/v/t51.2885-15/sh0.08/e35/s640x640/128424413_189214162853923_7193981281161236607_n.jpg?_nc_ht=scontent-lax3-2.cdninstagram.com&_nc_cat=107&_nc_ohc=E6lZn9B7ClIAX9qvN7H&tp=1&oh=a5408a666f70a2e0436d71cbdf43fcad&oe=5FEE26DE"
    },
    {
      "src": "https://scontent-lax3-1.cdninstagram.com/v/t51.2885-15/sh0.08/e35/s640x640/127087967_309244793526321_7827953699570246879_n.jpg?_nc_ht=scontent-lax3-1.cdninstagram.com&_nc_cat=109&_nc_ohc=qehwSn4u1Q4AX8O2-kC&tp=1&oh=3ed45e8730c3e3e219e80f9e283084c4&oe=5FEC461C"
    },
    {
      "src": "https://scontent-lax3-1.cdninstagram.com/v/t51.2885-15/sh0.08/e35/s640x640/127765045_868776807204541_370540976237675234_n.jpg?_nc_ht=scontent-lax3-1.cdninstagram.com&_nc_cat=101&_nc_ohc=PZP3_hEyGWgAX_7ePwx&tp=1&oh=7835dfe9661ab7c72b1760dc7757c53b&oe=5FEB3D74"
    },
    {
      "src": "https://scontent-lax3-1.cdninstagram.com/v/t51.2885-15/sh0.08/e35/s640x640/127321074_176469794122376_4364411355819623909_n.jpg?_nc_ht=scontent-lax3-1.cdninstagram.com&_nc_cat=108&_nc_ohc=_5HgdvIAH6AAX8yqeP-&tp=1&oh=b5d613c5b828a01a18b9a08f7b670da0&oe=5FEEDB34"
    },
    {
      "src": "https://scontent-lax3-1.cdninstagram.com/v/t51.2885-15/sh0.08/e35/s640x640/127317618_377415103481081_6369090797824111240_n.jpg?_nc_ht=scontent-lax3-1.cdninstagram.com&_nc_cat=105&_nc_ohc=Mv80EzUIOk8AX_wmJJo&tp=1&oh=e82532ffb62d8a14abf2101dbbd92364&oe=5FED0840"
    },
    {
      "src": "https://scontent-lax3-1.cdninstagram.com/v/t51.2885-15/sh0.08/e35/s640x640/127455470_101357745126137_7556747896661438409_n.jpg?_nc_ht=scontent-lax3-1.cdninstagram.com&_nc_cat=105&_nc_ohc=Aei9haLb2n0AX9oevEH&tp=1&oh=1df54bee33d070ff7e9e0a7e9ff6482f&oe=5FED1B54"
    },
    {
      "src": "https://scontent-lax3-1.cdninstagram.com/v/t51.2885-15/sh0.08/e35/s640x640/127468747_2121578367973200_1087334059454804591_n.jpg?_nc_ht=scontent-lax3-1.cdninstagram.com&_nc_cat=100&_nc_ohc=rmnU8I2A5ZIAX9919T_&tp=1&oh=d7fe29ad4157492cca098213fdbdb2ba&oe=5FEE4666"
    },
    {
      "src": "https://scontent-lax3-1.cdninstagram.com/v/t51.2885-15/sh0.08/e35/s640x640/127233400_697062221195280_1599869959066101845_n.jpg?_nc_ht=scontent-lax3-1.cdninstagram.com&_nc_cat=100&_nc_ohc=E3eKyKBtSQ0AX_Xp_0h&tp=1&oh=5fb6a9191246d0a6073d5359a6f9c7b1&oe=5FC5A43E"
    },
    {
      "src": "https://scontent-lax3-1.cdninstagram.com/v/t51.2885-15/sh0.08/e35/s640x640/127145722_1076685846135660_5016752757781656937_n.jpg?_nc_ht=scontent-lax3-1.cdninstagram.com&_nc_cat=100&_nc_ohc=IhRDXJmkPl4AX_tyg4l&tp=1&oh=6d564ceeaaaf11ff7f4559ac97d763a1&oe=5FEB62D5"
    },
    {
      "src": "https://scontent-lax3-1.cdninstagram.com/v/t51.2885-15/sh0.08/e35/s640x640/127309037_123002412792080_7289816994667486331_n.jpg?_nc_ht=scontent-lax3-1.cdninstagram.com&_nc_cat=108&_nc_ohc=YlDnYYiCmUEAX-5lK6c&tp=1&oh=d0badee0d6ee3ab3dc3803ed7e382c8a&oe=5FED309F"
    },
    {
      "src": "https://scontent-lax3-1.cdninstagram.com/v/t51.2885-15/sh0.08/e35/s640x640/127243526_147619320436465_3473211179088283515_n.jpg?_nc_ht=scontent-lax3-1.cdninstagram.com&_nc_cat=101&_nc_ohc=WzelZhRutlsAX_-bSOy&tp=1&oh=5955a86c1c36037de14210a43022ba2c&oe=5FEB0020"
    },
    {
      "src": "https://scontent-lax3-1.cdninstagram.com/v/t51.2885-15/sh0.08/e35/s640x640/126232498_2763711010549720_8251277712715320307_n.jpg?_nc_ht=scontent-lax3-1.cdninstagram.com&_nc_cat=104&_nc_ohc=M7Ir5ymMAFwAX9lHEOS&tp=1&oh=4e20748aa4f1943640b2a6d99284f136&oe=5FEB88E4"
    },
    {
      "src": "https://scontent-lax3-1.cdninstagram.com/v/t51.2885-15/sh0.08/e35/s640x640/126148831_497162044577397_2987603111142404117_n.jpg?_nc_ht=scontent-lax3-1.cdninstagram.com&_nc_cat=109&_nc_ohc=KgvoLkd3Lo8AX9Buq-I&tp=1&oh=25a382ffd10cc2bef121889e8e8452fc&oe=5FED15ED"
    },
    {
      "src": "https://scontent-lax3-2.cdninstagram.com/v/t51.2885-15/sh0.08/e35/s640x640/126999131_2870813886575623_5717035209932594730_n.jpg?_nc_ht=scontent-lax3-2.cdninstagram.com&_nc_cat=107&_nc_ohc=a10QERhIjuMAX9TAX34&tp=1&oh=5a3d4a68a3af164af20ada80406ad92c&oe=5FEBC185"
    },
    {
      "src": "https://scontent-lax3-2.cdninstagram.com/v/t51.2885-15/sh0.08/e35/s640x640/127645860_3155861111317411_1337955933524410304_n.jpg?_nc_ht=scontent-lax3-2.cdninstagram.com&_nc_cat=107&_nc_ohc=FSHohiStEwUAX_a7bgC&tp=1&oh=cbb6725c25316159c23c721f187aab1f&oe=5FEE42E1"
    },
    {
      "src": "https://scontent-lax3-2.cdninstagram.com/v/t51.2885-15/sh0.08/e35/c0.0.1439.1439a/s640x640/127185131_128466315722363_3409822537824722083_n.jpg?_nc_ht=scontent-lax3-2.cdninstagram.com&_nc_cat=111&_nc_ohc=aK-jqJhM3D4AX-52Y9y&tp=1&oh=7fbe7aacfa35692e2d5c93e51a055de5&oe=5FED5B62"
    },
    {
      "src": "https://scontent-lax3-1.cdninstagram.com/v/t51.2885-15/e35/c0.210.540.540a/126899832_386051492818753_6476314268401574644_n.jpg?_nc_ht=scontent-lax3-1.cdninstagram.com&_nc_cat=101&_nc_ohc=i1xwJiarR4cAX-7px4f&tp=1&oh=a942142f43803b1b7d7f61cc9b605880&oe=5FC5AAF0"
    },
    {
      "src": "https://scontent-lax3-1.cdninstagram.com/v/t51.2885-15/sh0.08/e35/s640x640/126162022_826457924833676_2874778020555483876_n.jpg?_nc_ht=scontent-lax3-1.cdninstagram.com&_nc_cat=108&_nc_ohc=_Z6pII1wkd4AX8fH4HH&tp=1&oh=0033658e17c0bfd265127d8a17149167&oe=5FECE8B6"
    }
  ]
}