{
  "user_name": "beautyclick254",
  "profile_photo": "https://scontent-lax3-2.cdninstagram.com/v/t51.2885-19/s150x150/38996688_1130509240446200_2262095034977353728_n.jpg?_nc_ht=scontent-lax3-2.cdninstagram.com&_nc_ohc=wbaCFId6Uf4AX9owj5U&tp=1&oh=3afff79d424c6ff1837fa1f9d243ccdd&oe=5FEE207B",
  "name": "BeautyClick",
  "webiste": "https://l.instagram.com/?u=https%3A%2F%2Fbeautyclick.co.ke%2F&e=ATMIG910Ba24WZd3UHwqIgd4Uh6qRSrdao5QxP9rbnnOajJESkBARLhy_qZpPn6IrJQq2CUHRHHEqjG9ICi6yA&s=1",
  "bio": "Transforming beauty and fashion in sub-Saharan Africa.😊<br>Hair | Makeup | Skincare | Get Inspired🙌🏾<br>Shop Online👇🏽",
  "category": "",
  "posts_count": "3,378",
  "followers_count": "49.2k",
  "following_count": "146",
  "story_highlights": [
    {
      "text": "Make up",
      "src": "https://scontent-lax3-2.cdninstagram.com/v/t51.2885-15/s150x150/88932207_198700158111478_8152799741180426536_n.jpg?_nc_ht=scontent-lax3-2.cdninstagram.com&_nc_ohc=cCAOZMHxNJsAX_ZpwCI&tp=1&oh=e905fe241ec87a0d3b0a61f09b38071a&oe=5FEE650C"
    },
    {
      "text": "Skin Care",
      "src": "https://scontent-lax3-2.cdninstagram.com/v/t51.2885-15/s150x150/84343818_128411321947754_198225218146392825_n.jpg?_nc_ht=scontent-lax3-2.cdninstagram.com&_nc_ohc=mbv-cTfWbS8AX8W3aMU&tp=1&oh=8ecfdd7125ba683c4eb0a2f5f0ca4a99&oe=5FED33BD"
    },
    {
      "text": "Hair",
      "src": "https://scontent-lax3-2.cdninstagram.com/v/t51.2885-15/s150x150/85143683_601675094017432_6386847303608169183_n.jpg?_nc_ht=scontent-lax3-2.cdninstagram.com&_nc_ohc=wZYKkyKFvcsAX9WH5IV&tp=1&oh=e40e80a921a4f2b691f37399f65d736b&oe=5FEBEBBF"
    },
    {
      "text": "Show room",
      "src": "https://scontent-lax3-2.cdninstagram.com/v/t51.2885-15/s150x150/87649692_155902428763960_4625567194723567256_n.jpg?_nc_ht=scontent-lax3-2.cdninstagram.com&_nc_ohc=xw4oK2a_V8cAX_UQ-Oy&tp=1&oh=0bb513d6912090218278fd48452b0386&oe=5FECD0D9"
    },
    {
      "text": "Events",
      "src": "https://scontent-lax3-2.cdninstagram.com/v/t51.12442-15/e35/c150.458.446.446a/s150x150/42380399_348017145943266_4834756318254018947_n.jpg?_nc_ht=scontent-lax3-2.cdninstagram.com&_nc_cat=106&_nc_ohc=_e6767E0w7QAX-1GlyN&tp=1&oh=07ab8eea85202d875899ea044da09318&oe=5FC5AB7E"
    },
    {
      "text": "Reviews",
      "src": "https://scontent-lax3-1.cdninstagram.com/v/t51.12442-15/e35/c157.453.436.436a/s150x150/41826615_169240427287861_1730277183711332389_n.jpg?_nc_ht=scontent-lax3-1.cdninstagram.com&_nc_cat=101&_nc_ohc=A4IDLQAQK7IAX9hlfoO&tp=1&oh=847ba4733a015ae238c53f391e28e490&oe=5FC59408"
    },
    {
      "text": "Customers",
      "src": "https://scontent-lax3-2.cdninstagram.com/v/t51.12442-15/e35/c158.454.435.435a/s150x150/41038543_1144015979083711_7006366279494226938_n.jpg?_nc_ht=scontent-lax3-2.cdninstagram.com&_nc_cat=107&_nc_ohc=O2jqM_fg48kAX-0cfSE&tp=1&oh=f84196a5ec18753fd2506508a050de83&oe=5FC602B0"
    }
  ],
  "posts": [
    {
      "src": "https://scontent-lax3-1.cdninstagram.com/v/t51.2885-15/sh0.08/e35/c0.4.1071.1071a/s640x640/127632048_712421046096717_9105389512172669254_n.jpg?_nc_ht=scontent-lax3-1.cdninstagram.com&_nc_cat=109&_nc_ohc=DkYtaSuPP6cAX-MuKrh&tp=1&oh=2c494c2090d87671502d5979400a122d&oe=5FEECBA4"
    },
    {
      "src": "https://scontent-lax3-1.cdninstagram.com/v/t51.2885-15/e35/128378313_124840892598680_5360272276385212456_n.jpg?_nc_ht=scontent-lax3-1.cdninstagram.com&_nc_cat=108&_nc_ohc=QmwIFRJ9UHkAX9m4Qdy&tp=1&oh=93fc9bf5d1005749081a7ee3ebb152f1&oe=5FC5ACDE"
    },
    {
      "src": "https://scontent-lax3-2.cdninstagram.com/v/t51.2885-15/sh0.08/e35/s640x640/127272071_141637200661602_4340739765669628015_n.jpg?_nc_ht=scontent-lax3-2.cdninstagram.com&_nc_cat=106&_nc_ohc=BPlBJ873dr0AX_-0eeN&tp=1&oh=596bff792d88733b19a47c7050732a9a&oe=5FEEAFE5"
    },
    {
      "src": "https://scontent-lax3-2.cdninstagram.com/v/t51.2885-15/sh0.08/e35/s640x640/127675696_192849615741126_6880088757615212803_n.jpg?_nc_ht=scontent-lax3-2.cdninstagram.com&_nc_cat=106&_nc_ohc=az7LbnBWSf8AX_Nb4gx&tp=1&oh=e1060b73a2093e7c8a28675b5888caad&oe=5FED75C3"
    },
    {
      "src": "https://scontent-lax3-1.cdninstagram.com/v/t51.2885-15/sh0.08/e35/s640x640/127269278_836212140564421_139232683509976154_n.jpg?_nc_ht=scontent-lax3-1.cdninstagram.com&_nc_cat=101&_nc_ohc=RNRIell--KgAX8AJ3Y6&tp=1&oh=dd389052e1473443fbb559590c499d78&oe=5FECE2DA"
    },
    {
      "src": "https://scontent-lax3-1.cdninstagram.com/v/t51.2885-15/sh0.08/e35/s640x640/127329280_1104206376676990_4275329102835547008_n.jpg?_nc_ht=scontent-lax3-1.cdninstagram.com&_nc_cat=110&_nc_ohc=-X61E0IYBdkAX8HNW0b&tp=1&oh=3c1cac416d1057f077ba95a1026f1e7a&oe=5FEB067E"
    },
    {
      "src": "https://scontent-lax3-1.cdninstagram.com/v/t51.2885-15/sh0.08/e35/s640x640/127478938_2928193280759571_2176993717718670664_n.jpg?_nc_ht=scontent-lax3-1.cdninstagram.com&_nc_cat=103&_nc_ohc=AaLmYkS3r1IAX_66qtp&tp=1&oh=45aaa39fc48710ea8c165a9c6e31dd60&oe=5FEE684C"
    },
    {
      "src": "https://scontent-lax3-1.cdninstagram.com/v/t51.2885-15/sh0.08/e35/s640x640/127650481_294120525235604_1809015353392464028_n.jpg?_nc_ht=scontent-lax3-1.cdninstagram.com&_nc_cat=108&_nc_ohc=31MeFUhfGgsAX-Q_h34&tp=1&oh=9c943d482a5cdf596f1fa82c57fd994a&oe=5FEB3C9D"
    },
    {
      "src": "https://scontent-lax3-2.cdninstagram.com/v/t51.2885-15/sh0.08/e35/s640x640/127316168_387991355776091_3509016965676860064_n.jpg?_nc_ht=scontent-lax3-2.cdninstagram.com&_nc_cat=111&_nc_ohc=5uOezVl3SUUAX_9DhQe&tp=1&oh=f562a7188f731ef38eb84461c9f63723&oe=5FEDCA7D"
    },
    {
      "src": "https://scontent-lax3-2.cdninstagram.com/v/t51.2885-15/sh0.08/e35/s640x640/127243530_954855648253679_5714875440826226661_n.jpg?_nc_ht=scontent-lax3-2.cdninstagram.com&_nc_cat=111&_nc_ohc=cn6vW2G8bFgAX_yIXyU&tp=1&oh=f7bc4e44a215f3058f3d85c284dd7d80&oe=5FEC3FB3"
    },
    {
      "src": "https://scontent-lax3-1.cdninstagram.com/v/t51.2885-15/sh0.08/e35/s640x640/127243526_718366855723606_5245993992049118649_n.jpg?_nc_ht=scontent-lax3-1.cdninstagram.com&_nc_cat=110&_nc_ohc=8atlCM8rfNQAX-nszVF&tp=1&oh=a55ca01aa856ca0831516ec7d9e4c809&oe=5FC5A702"
    },
    {
      "src": "https://scontent-lax3-1.cdninstagram.com/v/t51.2885-15/e35/127617656_1803430676474253_4209840255069099079_n.jpg?_nc_ht=scontent-lax3-1.cdninstagram.com&_nc_cat=109&_nc_ohc=yXxJOJYGc_UAX9fPPFl&tp=1&oh=d79d63927b33f86e9fc12de4ba3bcb25&oe=5FEC4AE0"
    },
    {
      "src": "https://scontent-lax3-1.cdninstagram.com/v/t51.2885-15/e35/c0.60.480.480a/127159819_387631222494831_5225627579033130526_n.jpg?_nc_ht=scontent-lax3-1.cdninstagram.com&_nc_cat=103&_nc_ohc=3At45AVp-3AAX8X9aKq&tp=1&oh=0e4a6f767d52554ce8c738b2d9c6aa15&oe=5FC5B159"
    },
    {
      "src": "https://scontent-lax3-2.cdninstagram.com/v/t51.2885-15/e35/127712703_243704867092435_1386025746898366718_n.jpg?_nc_ht=scontent-lax3-2.cdninstagram.com&_nc_cat=107&_nc_ohc=4qtH4H0EjTYAX_L1NEJ&tp=1&oh=8da09006914a85e5fd6efd85ee1acd19&oe=5FEC0736"
    },
    {
      "src": "https://scontent-lax3-1.cdninstagram.com/v/t51.2885-15/sh0.08/e35/c0.107.857.857a/s640x640/127078976_387749422545625_1106901061041500474_n.jpg?_nc_ht=scontent-lax3-1.cdninstagram.com&_nc_cat=101&_nc_ohc=EkAX24joTf0AX_2jqEO&tp=1&oh=edb09b23163e767bc647e5fc24c141bf&oe=5FEB22C3"
    },
    {
      "src": "https://scontent-lax3-1.cdninstagram.com/v/t51.2885-15/sh0.08/e35/s640x640/127306004_915908222561700_1681900397846676996_n.jpg?_nc_ht=scontent-lax3-1.cdninstagram.com&_nc_cat=100&_nc_ohc=HJMHr0_yA6EAX_5AoEV&tp=1&oh=b89455f7bbc57d3df1b8d0964995afd2&oe=5FEE00C9"
    },
    {
      "src": "https://scontent-lax3-2.cdninstagram.com/v/t51.2885-15/sh0.08/e35/s640x640/125821083_216403313252142_5918553815493079101_n.jpg?_nc_ht=scontent-lax3-2.cdninstagram.com&_nc_cat=106&_nc_ohc=A_veExHQ2f0AX-6ogvc&tp=1&oh=355ad33a1cdc777a4b75e8119d228d4b&oe=5FED2938"
    },
    {
      "src": "https://scontent-lax3-1.cdninstagram.com/v/t51.2885-15/sh0.08/e35/s640x640/127004487_795599097890592_2057964676536161068_n.jpg?_nc_ht=scontent-lax3-1.cdninstagram.com&_nc_cat=100&_nc_ohc=gLCaKj2B-QIAX-HF0Vd&tp=1&oh=c8451d65bdd4f54125fef4b03c9c4c5f&oe=5FEBB187"
    },
    {
      "src": "https://scontent-lax3-2.cdninstagram.com/v/t51.2885-15/sh0.08/e35/s640x640/127025917_856021795209607_9029651373702007016_n.jpg?_nc_ht=scontent-lax3-2.cdninstagram.com&_nc_cat=107&_nc_ohc=79KdreAbFZ8AX9lZOnA&tp=1&oh=5b8a2491752dad6f98c2dba7da18ff7e&oe=5FEB8E5A"
    },
    {
      "src": "https://scontent-lax3-1.cdninstagram.com/v/t51.2885-15/sh0.08/e35/c19.0.1041.1041a/s640x640/126889043_694500584802928_9057070711664469964_n.jpg?_nc_ht=scontent-lax3-1.cdninstagram.com&_nc_cat=104&_nc_ohc=XS23t8bRMN8AX_JXD9q&tp=1&oh=dd89d90f72e860112ddac1db1c1a7bab&oe=5FED2ED5"
    },
    {
      "src": "https://scontent-lax3-1.cdninstagram.com/v/t51.2885-15/sh0.08/e35/s640x640/126768164_446398480085472_424949342386245299_n.jpg?_nc_ht=scontent-lax3-1.cdninstagram.com&_nc_cat=100&_nc_ohc=Osq8bX3TSugAX8PQqhz&tp=1&oh=af9062740c8ca0341bee16cc5679bbbb&oe=5FEDDBE3"
    },
    {
      "src": "https://scontent-lax3-1.cdninstagram.com/v/t51.2885-15/sh0.08/e35/s640x640/126905743_143675210830356_3564102793481629720_n.jpg?_nc_ht=scontent-lax3-1.cdninstagram.com&_nc_cat=100&_nc_ohc=rLIMSuh9XrQAX8bnLgo&tp=1&oh=3e1439a4bdea8005200630eb77f62b8d&oe=5FEEC317"
    },
    {
      "src": "https://scontent-lax3-2.cdninstagram.com/v/t51.2885-15/sh0.08/e35/s640x640/126913139_178746667219595_6900712108317308084_n.jpg?_nc_ht=scontent-lax3-2.cdninstagram.com&_nc_cat=111&_nc_ohc=szAEPvbz1FYAX9BkjOw&tp=1&oh=4040881a33d26ae17cde103e1521845a&oe=5FEE0E12"
    },
    {
      "src": "https://scontent-lax3-1.cdninstagram.com/v/t51.2885-15/sh0.08/e35/s640x640/126223531_2826677580954744_3440773408772546935_n.jpg?_nc_ht=scontent-lax3-1.cdninstagram.com&_nc_cat=100&_nc_ohc=BOexAxn8J-YAX-Hsa0g&tp=1&oh=318429552f83ab4b6bcb80a074c1bc82&oe=5FED1076"
    }
  ]
}