{
  "user_name": "bigtechdevices",
  "profile_photo": "https://scontent-lax3-2.cdninstagram.com/v/t51.2885-19/s150x150/122961996_967585163723381_2197099101177425831_n.jpg?_nc_ht=scontent-lax3-2.cdninstagram.com&_nc_ohc=gs5uF2L2g6AAX-Lb56-&tp=1&oh=804df8569e5369001b22ac0ff3f40e4c&oe=5FEDA2DB",
  "name": "PHONES | LAPTOPS | ACCESSORIES",
  "webiste": "https://l.instagram.com/?u=http%3A%2F%2Fbigtechdevices.com%2F&e=ATMYD48LC7yuLUSaz9VM8eSK-3kaHFVVIihe2U17u-cp70MO3dOwFJTeEbvU5vhhJLoaM_hYY6U1Aqr7bGUbqA&s=1",
  "bio": "*BRAND NEW &amp; UK USED PHONE/LAPTOP/ACCESSORIES<br>*Mon-fri (8:30am - 6:00pm) <br>*Thursday (10:00am - 6:00pm)<br>*Call:07043887882<br>*chat:09068965262",
  "category": "",
  "posts_count": "956",
  "followers_count": "114k",
  "following_count": "1,885",
  "story_highlights": [
    {
      "text": ".",
      "src": "https://scontent-lax3-1.cdninstagram.com/v/t51.2885-15/e35/c0.352.720.720a/s150x150/123064034_1055677418266928_5813466205377257360_n.jpg?_nc_ht=scontent-lax3-1.cdninstagram.com&_nc_cat=108&_nc_ohc=aiSUX8qOc2sAX8ImYHI&tp=1&oh=b95b6d6c81ef46deea10325a6abe4a45&oe=5FC57F6D"
    },
    {
      "text": ".",
      "src": "https://scontent-lax3-2.cdninstagram.com/v/t51.2885-15/e35/c0.352.720.720a/s150x150/123018328_804529956980070_3564480925969307975_n.jpg?_nc_ht=scontent-lax3-2.cdninstagram.com&_nc_cat=106&_nc_ohc=ZzdwLkWhlMMAX_69FSQ&tp=1&oh=4c64cb5cb9acc47539f168091b4bcca9&oe=5FC60CCE"
    },
    {
      "text": ".",
      "src": "https://scontent-lax3-1.cdninstagram.com/v/t51.2885-15/e35/c0.352.720.720a/s150x150/123128060_195465275371609_8563395926549084983_n.jpg?_nc_ht=scontent-lax3-1.cdninstagram.com&_nc_cat=101&_nc_ohc=fNarmClqnXMAX8_yU1S&tp=1&oh=b858ad6412aa457d35b160d1d738ca1c&oe=5FC5ABEA"
    },
    {
      "text": ".",
      "src": "https://scontent-lax3-1.cdninstagram.com/v/t51.2885-15/e35/c0.352.720.720a/s150x150/123138007_352580575849185_3803248119807931288_n.jpg?_nc_ht=scontent-lax3-1.cdninstagram.com&_nc_cat=109&_nc_ohc=fzeklD_fCqoAX_2bwAn&tp=1&oh=830390973c30ee4c59a011beeccf83d7&oe=5FC5FACD"
    },
    {
      "text": ".",
      "src": "https://scontent-lax3-1.cdninstagram.com/v/t51.2885-15/e35/c0.352.720.720a/s150x150/123030328_2779681592359606_2774319131571466329_n.jpg?_nc_ht=scontent-lax3-1.cdninstagram.com&_nc_cat=110&_nc_ohc=_T-WDVaT-gwAX9aQhws&tp=1&oh=852894d4f63a88e2af35d3d39cef480d&oe=5FC5CEF7"
    },
    {
      "text": ".",
      "src": "https://scontent-lax3-1.cdninstagram.com/v/t51.2885-15/e35/c2.352.718.718a/s150x150/123029056_1653231058189754_6752750296174749189_n.jpg?_nc_ht=scontent-lax3-1.cdninstagram.com&_nc_cat=102&_nc_ohc=ex6qiZJiykIAX9tacQR&tp=1&oh=978a177422e8b7befd3667c419cf3512&oe=5FC5F5D0"
    },
    {
      "text": ".",
      "src": "https://scontent-lax3-2.cdninstagram.com/v/t51.2885-15/e35/c0.352.720.720a/s150x150/122966898_691680641457727_3993262066922087204_n.jpg?_nc_ht=scontent-lax3-2.cdninstagram.com&_nc_cat=107&_nc_ohc=MP7FqwIjywwAX_-cC2J&tp=1&oh=9911e74179f40e7bb457f2303dcc0c7d&oe=5FC6096C"
    },
    {
      "text": "Ads",
      "src": "https://scontent-lax3-1.cdninstagram.com/v/t51.2885-15/e15/c0.280.720.720a/s150x150/118993327_317814692787134_6982643992025196078_n.jpg?_nc_ht=scontent-lax3-1.cdninstagram.com&_nc_cat=102&_nc_ohc=-bXS1c62pUQAX92uiw3&tp=1&oh=45510fabc27f1798389a190e413f7f25&oe=5FC5F0C0"
    },
    {
      "text": "#BTD Adds",
      "src": "https://scontent-lax3-2.cdninstagram.com/v/t51.2885-15/e15/c0.280.720.720a/s150x150/117409144_948055045606986_3930277219358021822_n.jpg?_nc_ht=scontent-lax3-2.cdninstagram.com&_nc_cat=106&_nc_ohc=g5pbkxz_ubIAX-cDOMo&tp=1&oh=2030db6b521f994d32237875448acf63&oe=5FC59C26"
    },
    {
      "text": "Frodd bbn",
      "src": "https://scontent-lax3-1.cdninstagram.com/v/t51.12442-15/e35/c0.322.828.828a/s150x150/73236823_726833397794276_4809413202854824614_n.jpg?_nc_ht=scontent-lax3-1.cdninstagram.com&_nc_cat=108&_nc_ohc=iKys45uTIuUAX_pLosr&tp=1&oh=a70c16a21d85fc85b27f5f8b71174058&oe=5FC5EBC3"
    },
    {
      "text": "Reviews",
      "src": "https://scontent-lax3-1.cdninstagram.com/v/t51.12442-15/e35/c0.322.828.828a/s150x150/70837854_127907428554398_5236246582656557980_n.jpg?_nc_ht=scontent-lax3-1.cdninstagram.com&_nc_cat=102&_nc_ohc=oA2qnj5BLB8AX8_WelY&tp=1&oh=e33aff537dd2960136eb992bd45ce983&oe=5FC5E1F0"
    }
  ],
  "posts": [
    {
      "src": "https://scontent-lax3-1.cdninstagram.com/v/t51.2885-15/sh0.08/e35/s640x640/127927764_205366811112557_2905866207879287444_n.jpg?_nc_ht=scontent-lax3-1.cdninstagram.com&_nc_cat=105&_nc_ohc=BEbnsJeqFqEAX9Lqx5x&tp=1&oh=7e21d8097dd09a4a92ac20fe78b2cbf4&oe=5FEB1AEE"
    },
    {
      "src": "https://scontent-lax3-1.cdninstagram.com/v/t51.2885-15/e15/s640x640/127955482_421232715952773_6069849508427957983_n.jpg?_nc_ht=scontent-lax3-1.cdninstagram.com&_nc_cat=109&_nc_ohc=0eRm7PXz5SkAX8mqwsO&tp=1&oh=1c82f590e782f6eab65003ba41ac355c&oe=5FC5BE12"
    },
    {
      "src": "https://scontent-lax3-1.cdninstagram.com/v/t51.2885-15/sh0.08/e35/s640x640/128388420_948564619001690_7416451661325472326_n.jpg?_nc_ht=scontent-lax3-1.cdninstagram.com&_nc_cat=102&_nc_ohc=uPU8IaWF_I4AX93jqV-&tp=1&oh=e3b274aa0b5fbfc9ce48348e69f55880&oe=5FEC60A7"
    },
    {
      "src": "https://scontent-lax3-2.cdninstagram.com/v/t51.2885-15/sh0.08/e35/s640x640/127797366_659989381354819_6466109800765689277_n.jpg?_nc_ht=scontent-lax3-2.cdninstagram.com&_nc_cat=107&_nc_ohc=jYSKyE2mF3MAX_5V1dJ&tp=1&oh=9296b8a1f1482d70abb60ad39a67c929&oe=5FEC6B6D"
    },
    {
      "src": "https://scontent-lax3-1.cdninstagram.com/v/t51.2885-15/sh0.08/e35/c0.101.810.810a/s640x640/128462576_2849938738609548_1655318017975640082_n.jpg?_nc_ht=scontent-lax3-1.cdninstagram.com&_nc_cat=100&_nc_ohc=P5hDOvvgXREAX__-cTE&tp=1&oh=0893f50dd9f0d1f3b17938e0ff029865&oe=5FED7DA0"
    },
    {
      "src": "https://scontent-lax3-1.cdninstagram.com/v/t51.2885-15/sh0.08/e35/c0.180.1440.1440a/s640x640/127692567_369187524374224_6607544185960308151_n.jpg?_nc_ht=scontent-lax3-1.cdninstagram.com&_nc_cat=104&_nc_ohc=5l90HJ4gnBIAX9dM5LP&tp=1&oh=e6010e4cf6ec7467005ee485d8533a5b&oe=5FEDF718"
    },
    {
      "src": "https://scontent-lax3-1.cdninstagram.com/v/t51.2885-15/sh0.08/e35/s640x640/127815795_192015362423696_2101097515721948591_n.jpg?_nc_ht=scontent-lax3-1.cdninstagram.com&_nc_cat=108&_nc_ohc=qpX_O_1p_E0AX8HV01I&tp=1&oh=f465ef900cfe76300901ea455d3eb73b&oe=5FEE96A7"
    },
    {
      "src": "https://scontent-lax3-1.cdninstagram.com/v/t51.2885-15/sh0.08/e35/s640x640/127667038_488387818795908_7494575288621474901_n.jpg?_nc_ht=scontent-lax3-1.cdninstagram.com&_nc_cat=100&_nc_ohc=B69ZSMA1hHIAX-Ia8i6&tp=1&oh=489b23fb42d0afd5f02a0c3e59f82b78&oe=5FED2852"
    },
    {
      "src": "https://scontent-lax3-1.cdninstagram.com/v/t51.2885-15/sh0.08/e35/s640x640/127188296_397325404948480_7566617975831073436_n.jpg?_nc_ht=scontent-lax3-1.cdninstagram.com&_nc_cat=104&_nc_ohc=t2E026_knW0AX8S0vdh&tp=1&oh=e236ad7c75c7c93e03b4537080a58487&oe=5FC56E9A"
    },
    {
      "src": "https://scontent-lax3-1.cdninstagram.com/v/t51.2885-15/sh0.08/e35/s640x640/127187933_683109352592319_8280000007445518595_n.jpg?_nc_ht=scontent-lax3-1.cdninstagram.com&_nc_cat=103&_nc_ohc=s2NDd2GnBNgAX--wiUb&tp=1&oh=254f41e474eec42dec137a26d48b2038&oe=5FED9F39"
    },
    {
      "src": "https://scontent-lax3-2.cdninstagram.com/v/t51.2885-15/sh0.08/e35/s640x640/127142494_198167311774415_4508548686771539075_n.jpg?_nc_ht=scontent-lax3-2.cdninstagram.com&_nc_cat=111&_nc_ohc=Tp6M4R-TvowAX8vP4RN&tp=1&oh=284d721c73d04a366c018cff1222859a&oe=5FED355A"
    },
    {
      "src": "https://scontent-lax3-1.cdninstagram.com/v/t51.2885-15/sh0.08/e35/s640x640/126253367_1041359096379320_1756949555491928904_n.jpg?_nc_ht=scontent-lax3-1.cdninstagram.com&_nc_cat=108&_nc_ohc=2nemBMjF2C0AX8Q5a4W&tp=1&oh=8258d1942521801bd1bb2abdc393c7c6&oe=5FEE84A1"
    },
    {
      "src": "https://scontent-lax3-1.cdninstagram.com/v/t51.2885-15/sh0.08/e35/s640x640/127102124_286678799421957_4668862717422924487_n.jpg?_nc_ht=scontent-lax3-1.cdninstagram.com&_nc_cat=109&_nc_ohc=3c8F0WxbXGkAX8QgvhB&tp=1&oh=90e18b74e9e47daa34ed811573af4a72&oe=5FED5BB7"
    },
    {
      "src": "https://scontent-lax3-1.cdninstagram.com/v/t51.2885-15/sh0.08/e35/c0.101.810.810a/s640x640/127323122_211314307055122_5773207556652989495_n.jpg?_nc_ht=scontent-lax3-1.cdninstagram.com&_nc_cat=110&_nc_ohc=xT77_17etIEAX_dPeGP&tp=1&oh=fb928465b6c226d9f696282eabe67061&oe=5FEC7F18"
    },
    {
      "src": "https://scontent-lax3-1.cdninstagram.com/v/t51.2885-15/sh0.08/e35/c0.180.1440.1440a/s640x640/126971028_162748058887133_5420706689115509265_n.jpg?_nc_ht=scontent-lax3-1.cdninstagram.com&_nc_cat=105&_nc_ohc=F3i0H72CqiMAX-jFHx6&tp=1&oh=d0582da774875f5e79cbf2506cf7427a&oe=5FED0574"
    },
    {
      "src": "https://scontent-lax3-1.cdninstagram.com/v/t51.2885-15/sh0.08/e35/s640x640/127225718_2805706003005644_7460625240041652112_n.jpg?_nc_ht=scontent-lax3-1.cdninstagram.com&_nc_cat=108&_nc_ohc=lgHc7HdAzyIAX-06jqf&tp=1&oh=541c471aa77a9f7a95094a83b8e557bd&oe=5FED4FAA"
    },
    {
      "src": "https://scontent-lax3-1.cdninstagram.com/v/t51.2885-15/sh0.08/e35/s640x640/127141425_369768714307904_7134720586500845041_n.jpg?_nc_ht=scontent-lax3-1.cdninstagram.com&_nc_cat=108&_nc_ohc=V5cD98X0uYIAX-jjnBZ&tp=1&oh=395b303cfa4421e946b525ce23f65d29&oe=5FEC8842"
    },
    {
      "src": "https://scontent-lax3-1.cdninstagram.com/v/t51.2885-15/sh0.08/e35/s640x640/126954568_213744976781749_4652499684218724351_n.jpg?_nc_ht=scontent-lax3-1.cdninstagram.com&_nc_cat=101&_nc_ohc=ps9G5RPVztQAX_erfD8&tp=1&oh=74b8e6a7905cd82b84d75f063c5b1526&oe=5FEDEAD1"
    },
    {
      "src": "https://scontent-lax3-2.cdninstagram.com/v/t51.2885-15/sh0.08/e35/s640x640/126823699_3847503098593711_8323161095402871744_n.jpg?_nc_ht=scontent-lax3-2.cdninstagram.com&_nc_cat=107&_nc_ohc=j5wfpl6WNasAX-zk1B9&tp=1&oh=94dd250f30d167f2a4ee81b277616fc3&oe=5FEBDE47"
    },
    {
      "src": "https://scontent-lax3-1.cdninstagram.com/v/t51.2885-15/sh0.08/e35/s640x640/127242234_139402310891052_8249029308495200559_n.jpg?_nc_ht=scontent-lax3-1.cdninstagram.com&_nc_cat=100&_nc_ohc=wG032wz_BwsAX-Qann7&tp=1&oh=c389d04b9709fa2620b458470ffd1145&oe=5FED6BD9"
    },
    {
      "src": "https://scontent-lax3-1.cdninstagram.com/v/t51.2885-15/sh0.08/e35/s640x640/126941562_1152739521808815_780740261384823718_n.jpg?_nc_ht=scontent-lax3-1.cdninstagram.com&_nc_cat=103&_nc_ohc=06u9O1VSeBQAX-5PvT7&tp=1&oh=f9baec17950514e88c22ed32f355ac4e&oe=5FECCBC1"
    },
    {
      "src": "https://scontent-lax3-2.cdninstagram.com/v/t51.2885-15/sh0.08/e35/s640x640/126214906_934689537062515_2835745605619302177_n.jpg?_nc_ht=scontent-lax3-2.cdninstagram.com&_nc_cat=107&_nc_ohc=v77-feNTn4sAX_VWI6S&tp=1&oh=2ea1201b0b468f52aba1872908b6b9ac&oe=5FEBC3E4"
    },
    {
      "src": "https://scontent-lax3-1.cdninstagram.com/v/t51.2885-15/sh0.08/e35/s640x640/126513645_210608910444332_3509282300109534797_n.jpg?_nc_ht=scontent-lax3-1.cdninstagram.com&_nc_cat=108&_nc_ohc=N-T1UozMTYYAX84W_MR&tp=1&oh=6b1aacaa6e82cf058e57d134ffc61b14&oe=5FED0319"
    },
    {
      "src": "https://scontent-lax3-2.cdninstagram.com/v/t51.2885-15/sh0.08/e35/c0.180.1440.1440a/s640x640/126449292_3720499818058458_3006400244042538631_n.jpg?_nc_ht=scontent-lax3-2.cdninstagram.com&_nc_cat=106&_nc_ohc=-lJhDtR5Il0AX8tOAnS&tp=1&oh=e0bc02ad43057fd84ce5f2edd0b272c0&oe=5FED0332"
    }
  ]
}