{
  "user_name": "bodmantech",
  "profile_photo": "https://scontent-lax3-2.cdninstagram.com/v/t51.2885-19/s150x150/116905666_182316493327508_8500038609756516179_n.jpg?_nc_ht=scontent-lax3-2.cdninstagram.com&_nc_ohc=Np3XFWsT00cAX8cB30o&tp=1&oh=fc5afdaeda7fa3867a9596a560489904&oe=5FEBE748",
  "name": "Phone Store🇳🇬 (NEW/UK USED)",
  "webiste": "",
  "bio": "♦️Apple Devices &amp; Many More <br>♦️”QUALITY-FIRST”<br>♦️Follow OUR BACKUP PAGE♻️ <a class=\"notranslate\" href=\"/bodmantech.ng/\" tabindex=\"0\">@bodmantech.ng</a><br>♦️Nationwide Delivery🛍<br>♦️☎️:08121351433/09058283095",
  "category": "",
  "posts_count": "4,234",
  "followers_count": "39.6k",
  "following_count": "4,274",
  "story_highlights": [
    {
      "text": "We Moved!!",
      "src": "https://scontent-lax3-1.cdninstagram.com/v/t51.2885-15/e35/c0.322.828.828a/s150x150/116642441_1360489684141692_4624621844871236475_n.jpg?_nc_ht=scontent-lax3-1.cdninstagram.com&_nc_cat=100&_nc_ohc=FTs5yEjVtvAAX-VsgpT&tp=1&oh=d2ade58b4dd212cd2d67a0db6a534e0e&oe=5FC5C8BB"
    },
    {
      "text": "Macbooks",
      "src": "https://scontent-lax3-1.cdninstagram.com/v/t51.12442-15/e35/c0.398.1024.1024a/s150x150/68857507_672576763264462_3866724951018657625_n.jpg?_nc_ht=scontent-lax3-1.cdninstagram.com&_nc_cat=110&_nc_ohc=keTDMvaUy_AAX8HwYuq&tp=1&oh=0aa0aeb6582d6d4af7b49f5f6ec1fd3e&oe=5FC5CBFB"
    },
    {
      "text": "iPhones",
      "src": "https://scontent-lax3-1.cdninstagram.com/v/t51.12442-15/e35/c0.398.1024.1024a/s150x150/49858032_1963450663964776_365530118254944070_n.jpg?_nc_ht=scontent-lax3-1.cdninstagram.com&_nc_cat=104&_nc_ohc=d5zxdtwy8OkAX-OoKWY&tp=1&oh=0e49c616c405a392c1ef26f902e6369b&oe=5FC5930A"
    },
    {
      "text": "Samsungs",
      "src": "https://scontent-lax3-1.cdninstagram.com/v/t51.12442-15/e35/c0.398.1024.1024a/s150x150/47200054_2098894220172657_7259013307338265062_n.jpg?_nc_ht=scontent-lax3-1.cdninstagram.com&_nc_cat=109&_nc_ohc=RG1fnvymxRkAX-hoJwp&tp=1&oh=50fe563f0dc6d7672c237d8bd63c817d&oe=5FC59394"
    },
    {
      "text": "Apple Watch",
      "src": "https://scontent-lax3-1.cdninstagram.com/v/t51.12442-15/e35/c0.398.1024.1024a/s150x150/47693136_361182364693824_7603403254896096469_n.jpg?_nc_ht=scontent-lax3-1.cdninstagram.com&_nc_cat=100&_nc_ohc=EdJfriJOazgAX9Sjklx&tp=1&oh=b1da93c1287c3f01350c772e3110511e&oe=5FC5BB1B"
    },
    {
      "text": "AirPods",
      "src": "https://scontent-lax3-1.cdninstagram.com/v/t51.12442-15/e35/c0.398.1024.1024a/s150x150/47585406_220530775554812_5251287518624219275_n.jpg?_nc_ht=scontent-lax3-1.cdninstagram.com&_nc_cat=108&_nc_ohc=9xK9ucxaapkAX-g7Bmp&tp=1&oh=bd253696f88dd5a578545444252b14a5&oe=5FC5CF99"
    },
    {
      "text": "Headphones",
      "src": "https://scontent-lax3-1.cdninstagram.com/v/t51.12442-15/e35/c0.398.1024.1024a/s150x150/47582711_502097953647545_1675730281812216291_n.jpg?_nc_ht=scontent-lax3-1.cdninstagram.com&_nc_cat=105&_nc_ohc=-oA2vBZL79gAX8XIVAC&tp=1&oh=b0af6f6bfe55b2fb9c5fd2a7d49d8a65&oe=5FC58713"
    },
    {
      "text": "PowerBanks",
      "src": "https://scontent-lax3-1.cdninstagram.com/v/t51.12442-15/e35/c0.398.1024.1024a/s150x150/47585058_2152495718142478_304121308362812598_n.jpg?_nc_ht=scontent-lax3-1.cdninstagram.com&_nc_cat=110&_nc_ohc=R5JmntyUsxMAX_2faYa&tp=1&oh=e7d4c993c729c9d761b8263a676dc1fc&oe=5FC5A535"
    }
  ],
  "posts": [
    {
      "src": "https://scontent-lax3-2.cdninstagram.com/v/t51.2885-15/sh0.08/e35/c0.180.1440.1440a/s640x640/128168960_485529995751611_3312372522457548401_n.jpg?_nc_ht=scontent-lax3-2.cdninstagram.com&_nc_cat=111&_nc_ohc=cDoSNiHMqc4AX-ifbe7&tp=1&oh=d5956806042875ac79112d89020ac3c3&oe=5FEBA305"
    },
    {
      "src": "https://scontent-lax3-1.cdninstagram.com/v/t51.2885-15/sh0.08/e35/s640x640/127819939_797408810822415_2680256434848263214_n.jpg?_nc_ht=scontent-lax3-1.cdninstagram.com&_nc_cat=103&_nc_ohc=oxz1b_ukSpsAX8ypaxN&tp=1&oh=a5e01335dabdae949fc718a29b52c957&oe=5FEC958C"
    },
    {
      "src": "https://scontent-lax3-1.cdninstagram.com/v/t51.2885-15/sh0.08/e35/c0.180.1440.1440a/s640x640/127476311_1077210466040607_5846784630012818323_n.jpg?_nc_ht=scontent-lax3-1.cdninstagram.com&_nc_cat=103&_nc_ohc=WeaaeR3n1fMAX8netFs&tp=1&oh=eec7f2b79422b8a2eb0dfd1d8c150d6d&oe=5FEDFEB2"
    },
    {
      "src": "https://scontent-lax3-2.cdninstagram.com/v/t51.2885-15/sh0.08/e35/s640x640/127474615_829189721209591_3513053093449531021_n.jpg?_nc_ht=scontent-lax3-2.cdninstagram.com&_nc_cat=107&_nc_ohc=FRDhHUlLOyUAX8qzjmJ&tp=1&oh=99f37edc26d2acf2cf3b4f954d4147c5&oe=5FEE021E"
    },
    {
      "src": "https://scontent-lax3-1.cdninstagram.com/v/t51.2885-15/sh0.08/e35/c0.180.1440.1440a/s640x640/128114245_376390633640926_4493422923522404289_n.jpg?_nc_ht=scontent-lax3-1.cdninstagram.com&_nc_cat=110&_nc_ohc=fSwg8n7OJdoAX-NDqGc&tp=1&oh=76c28a504d0ab1205e45fcca445d3edd&oe=5FED0975"
    },
    {
      "src": "https://scontent-lax3-2.cdninstagram.com/v/t51.2885-15/sh0.08/e35/s640x640/127154402_1391090594583703_1432909485148642369_n.jpg?_nc_ht=scontent-lax3-2.cdninstagram.com&_nc_cat=107&_nc_ohc=ESac897qcVUAX-Tb7fj&tp=1&oh=73f14dd35f20ab15eff2a5e5e78f4088&oe=5FED0D29"
    },
    {
      "src": "https://scontent-lax3-1.cdninstagram.com/v/t51.2885-15/sh0.08/e35/s640x640/127453356_3538098122977856_9200909537572508464_n.jpg?_nc_ht=scontent-lax3-1.cdninstagram.com&_nc_cat=108&_nc_ohc=o1XbRkeP_i4AX8JXic6&tp=1&oh=bcd3f83a19bd3d561018c1d7d842a6f5&oe=5FEDB4BC"
    },
    {
      "src": "https://scontent-lax3-1.cdninstagram.com/v/t51.2885-15/sh0.08/e35/s640x640/127269286_377371676880141_4057926929016235954_n.jpg?_nc_ht=scontent-lax3-1.cdninstagram.com&_nc_cat=109&_nc_ohc=kpGiR72s53YAX9QOyEV&tp=1&oh=c2791ac46e7a58ce83cccc688dd50074&oe=5FEC0165"
    },
    {
      "src": "https://scontent-lax3-2.cdninstagram.com/v/t51.2885-15/sh0.08/e35/s640x640/126381699_141461757320166_6726636304449719703_n.jpg?_nc_ht=scontent-lax3-2.cdninstagram.com&_nc_cat=106&_nc_ohc=Eby373iwQCoAX8WCHoi&tp=1&oh=3c62b61c247e516118ee107a8dcf5449&oe=5FEC52AB"
    },
    {
      "src": "https://scontent-lax3-1.cdninstagram.com/v/t51.2885-15/sh0.08/e35/c180.0.1080.1080a/s640x640/127004486_404006810791335_5655515680367525282_n.jpg?_nc_ht=scontent-lax3-1.cdninstagram.com&_nc_cat=103&_nc_ohc=MZ3j2xOVzIkAX9CKiIe&tp=1&oh=965429a7adb4572fc50e8a1309c7a9d8&oe=5FEDAE25"
    },
    {
      "src": "https://scontent-lax3-1.cdninstagram.com/v/t51.2885-15/sh0.08/e35/c180.0.1080.1080a/s640x640/127232994_2806559239629908_616329852310275518_n.jpg?_nc_ht=scontent-lax3-1.cdninstagram.com&_nc_cat=108&_nc_ohc=k9EixpPrAq8AX_osZ-3&tp=1&oh=1b559fe8280a8fb6abea40a3769f2c0f&oe=5FED93AF"
    },
    {
      "src": "https://scontent-lax3-1.cdninstagram.com/v/t51.2885-15/sh0.08/e35/c0.180.1440.1440a/s640x640/126945171_374291260511793_609909607935222544_n.jpg?_nc_ht=scontent-lax3-1.cdninstagram.com&_nc_cat=109&_nc_ohc=mJy537mxxyAAX9iAzcq&tp=1&oh=dd8fd8714f5b594e46dded6ee7dd2b84&oe=5FED0BF9"
    },
    {
      "src": "https://scontent-lax3-1.cdninstagram.com/v/t51.2885-15/sh0.08/e35/c0.1.1427.1427a/s640x640/126175148_408908486910729_946961040243801754_n.jpg?_nc_ht=scontent-lax3-1.cdninstagram.com&_nc_cat=109&_nc_ohc=uFfA0bUq_bUAX9rbhgs&tp=1&oh=96010f42e670bb3328320a1ad6a2e731&oe=5FEBCBBA"
    },
    {
      "src": "https://scontent-lax3-1.cdninstagram.com/v/t51.2885-15/e35/c157.0.405.405a/126882292_713532702912202_1672136945514139472_n.jpg?_nc_ht=scontent-lax3-1.cdninstagram.com&_nc_cat=110&_nc_ohc=nOM73E_EYUMAX_eDf-3&tp=1&oh=cbd185c87c005dd9c12bcee86b2f1725&oe=5FC5B06B"
    },
    {
      "src": "https://scontent-lax3-1.cdninstagram.com/v/t51.2885-15/sh0.08/e35/c0.180.1440.1440a/s640x640/127184066_118399083284929_196725469359804904_n.jpg?_nc_ht=scontent-lax3-1.cdninstagram.com&_nc_cat=101&_nc_ohc=lx_EkhqFhq4AX_pzB4b&tp=1&oh=2c2fb4fab5630cd405b897e372e3aa99&oe=5FEE2F41"
    },
    {
      "src": "https://scontent-lax3-1.cdninstagram.com/v/t51.2885-15/sh0.08/e35/s640x640/126941076_289703959049676_7047616272886953333_n.jpg?_nc_ht=scontent-lax3-1.cdninstagram.com&_nc_cat=100&_nc_ohc=X1ynPrjTkVwAX9YCKpV&tp=1&oh=36d9bc2de812ad072c931b27cc862d86&oe=5FED55B8"
    },
    {
      "src": "https://scontent-lax3-1.cdninstagram.com/v/t51.2885-15/sh0.08/e35/c0.180.1440.1440a/s640x640/127101153_1334049826927333_4966367000134126651_n.jpg?_nc_ht=scontent-lax3-1.cdninstagram.com&_nc_cat=101&_nc_ohc=1OIuD_gQrnkAX-FntE_&tp=1&oh=07dd58bfbec5a2cd2108a9cd02aa3215&oe=5FEDFBF3"
    },
    {
      "src": "https://scontent-lax3-1.cdninstagram.com/v/t51.2885-15/sh0.08/e35/s640x640/127015319_113533623908518_6097815502161681757_n.jpg?_nc_ht=scontent-lax3-1.cdninstagram.com&_nc_cat=110&_nc_ohc=qQtozyr8g_UAX9-5-qL&tp=1&oh=da4a3e34545716ae5fa1743900e79596&oe=5FEC7344"
    },
    {
      "src": "https://scontent-lax3-2.cdninstagram.com/v/t51.2885-15/sh0.08/e35/s640x640/127054358_738663106742622_1912022714027879455_n.jpg?_nc_ht=scontent-lax3-2.cdninstagram.com&_nc_cat=106&_nc_ohc=npfljaP2G1sAX9xWs9M&tp=1&oh=d77434d622d5b3056e94d54093905267&oe=5FEC37F5"
    },
    {
      "src": "https://scontent-lax3-1.cdninstagram.com/v/t51.2885-15/sh0.08/e35/s640x640/126480598_471249150503772_4977314561989924747_n.jpg?_nc_ht=scontent-lax3-1.cdninstagram.com&_nc_cat=100&_nc_ohc=gBtSUOQsppoAX9h8f6P&tp=1&oh=4a73d83a7d204fe3cebf2c6ce317ab8a&oe=5FEC340E"
    },
    {
      "src": "https://scontent-lax3-1.cdninstagram.com/v/t51.2885-15/sh0.08/e35/s640x640/126823699_1015177488981440_5838505741225140868_n.jpg?_nc_ht=scontent-lax3-1.cdninstagram.com&_nc_cat=108&_nc_ohc=ExqGD8i5iU8AX_1PfOQ&tp=1&oh=2377ce5a01e37ee11d6cf20b84622eeb&oe=5FECCD3E"
    },
    {
      "src": "https://scontent-lax3-1.cdninstagram.com/v/t51.2885-15/sh0.08/e35/s640x640/125876625_3476211495798172_3506103124818201933_n.jpg?_nc_ht=scontent-lax3-1.cdninstagram.com&_nc_cat=104&_nc_ohc=4mUkm5ZgR78AX_bn3WA&tp=1&oh=a6afc9d824ab9fea8f30dee3eeaf437c&oe=5FEB06CD"
    },
    {
      "src": "https://scontent-lax3-1.cdninstagram.com/v/t51.2885-15/sh0.08/e35/c0.180.1440.1440a/s640x640/126112277_693150371336775_2304219414368825609_n.jpg?_nc_ht=scontent-lax3-1.cdninstagram.com&_nc_cat=103&_nc_ohc=TCay-iBYrgQAX_QTEot&tp=1&oh=38f8d08e748f0d12e51b550c014992cd&oe=5FEC232B"
    },
    {
      "src": "https://scontent-lax3-1.cdninstagram.com/v/t51.2885-15/sh0.08/e35/c0.180.1440.1440a/s640x640/126545932_178550903897156_5075223163370992680_n.jpg?_nc_ht=scontent-lax3-1.cdninstagram.com&_nc_cat=108&_nc_ohc=ZHbGmZEedxUAX9zKCSM&tp=1&oh=23575af98bac00eaeacc0f18a7027fff&oe=5FEE86F2"
    }
  ]
}