{
  "user_name": "canoonstore",
  "profile_photo": "https://scontent-lax3-2.cdninstagram.com/v/t51.2885-19/s150x150/90209718_300025974302592_1006742567565393920_n.jpg?_nc_ht=scontent-lax3-2.cdninstagram.com&_nc_ohc=cabNcjuQX3AAX_L5cUb&tp=1&oh=08875a441cac5163422a8a00831c5914&oe=5FEE867D",
  "name": "phone | Laptop | accessories",
  "webiste": "https://l.instagram.com/?u=http%3A%2F%2Fcanoonstore.com%2F&e=ATOip3E7WLnytlIqv5RJKg59hopSXTs6bUPQVXL0SBNe1vcbC_tCn_6ve6c543r6har9dj9Q71gOuB7MVOC3-w&s=1",
  "bio": "▪︎Mon - Sat (9am - 6pm ) | Thurs (10am - 6pm)<br>▪︎Call 08068065323 08098088800 08099156000<br>▪︎whatsapp 08099156000<br>▪︎Repair-07065321223<br>▪︎ <a class=\"notranslate\" href=\"/canoonstoreng/\" tabindex=\"0\">@canoonstoreng</a>",
  "category": "",
  "posts_count": "4,978",
  "followers_count": "143k",
  "following_count": "1,874",
  "story_highlights": [
    {
      "text": "Reviews",
      "src": "https://scontent-lax3-2.cdninstagram.com/v/t51.2885-15/s150x150/61496517_433121260786707_2177256475722245950_n.jpg?_nc_ht=scontent-lax3-2.cdninstagram.com&_nc_ohc=4A9rDHSO4rMAX_XsEkl&tp=1&oh=870dc7e0ca222b42e466effed240dc6c&oe=5FEC6776"
    }
  ],
  "posts": [
    {
      "src": "https://scontent-lax3-1.cdninstagram.com/v/t51.2885-15/sh0.08/e35/c0.90.720.720a/s640x640/127850136_202443581332299_8594739776103501535_n.jpg?_nc_ht=scontent-lax3-1.cdninstagram.com&_nc_cat=103&_nc_ohc=S5neaH946t4AX9sxyeL&tp=1&oh=f8dbcaad794bcf1dcd30e9d83cc81821&oe=5FC60F80"
    },
    {
      "src": "https://scontent-lax3-1.cdninstagram.com/v/t51.2885-15/sh0.08/e35/c0.84.1080.1080a/s640x640/128088723_4736054426466013_8960534581959035717_n.jpg?_nc_ht=scontent-lax3-1.cdninstagram.com&_nc_cat=101&_nc_ohc=_AyrMbOj8CMAX9SNwvc&tp=1&oh=7f6fc00c7256bbea5b123b133533daef&oe=5FECB72D"
    },
    {
      "src": "https://scontent-lax3-1.cdninstagram.com/v/t51.2885-15/sh0.08/e35/s640x640/128209498_393066271840154_7082922298801783341_n.jpg?_nc_ht=scontent-lax3-1.cdninstagram.com&_nc_cat=102&_nc_ohc=3FKVkSkoVuIAX-20uFE&tp=1&oh=cb163219c20a6cac4ac7b4272090a788&oe=5FEE9CCC"
    },
    {
      "src": "https://scontent-lax3-1.cdninstagram.com/v/t51.2885-15/sh0.08/e35/c0.135.1080.1080a/s640x640/127640912_1093172644467881_8471058468319209579_n.jpg?_nc_ht=scontent-lax3-1.cdninstagram.com&_nc_cat=105&_nc_ohc=RwCHLtJOkaUAX8hi_Ws&tp=1&oh=8215880e2de271ba968293fa937543a4&oe=5FEC055D"
    },
    {
      "src": "https://scontent-lax3-1.cdninstagram.com/v/t51.2885-15/sh0.08/e35/c0.22.1080.1080a/s640x640/127777470_189487806164001_7726165424639813756_n.jpg?_nc_ht=scontent-lax3-1.cdninstagram.com&_nc_cat=109&_nc_ohc=-N1hRTGooUQAX_MVScK&tp=1&oh=11720d92d5d4c0a3dc8f9664618b41d1&oe=5FEE69D8"
    },
    {
      "src": "https://scontent-lax3-1.cdninstagram.com/v/t51.2885-15/sh0.08/e35/c0.135.1080.1080a/s640x640/127824388_275262443949144_5287762994032488416_n.jpg?_nc_ht=scontent-lax3-1.cdninstagram.com&_nc_cat=100&_nc_ohc=E7sZEHcOC58AX_oxxSZ&tp=1&oh=89b98118621a03d1229a4d6592507f02&oe=5FEBBB22"
    },
    {
      "src": "https://scontent-lax3-2.cdninstagram.com/v/t51.2885-15/e35/c157.0.406.406a/127454115_2809420769311434_8288080576408592634_n.jpg?_nc_ht=scontent-lax3-2.cdninstagram.com&_nc_cat=106&_nc_ohc=2_5mwBB1q6QAX_Y2DMp&tp=1&oh=73531cf800baf8dd9761e3ac66888954&oe=5FC5CB7C"
    },
    {
      "src": "https://scontent-lax3-1.cdninstagram.com/v/t51.2885-15/sh0.08/e35/s640x640/127495244_813139565919010_119228845679937786_n.jpg?_nc_ht=scontent-lax3-1.cdninstagram.com&_nc_cat=110&_nc_ohc=9XAKhMvjS_YAX97hET4&tp=1&oh=0930c73d5c7b6350f6b8caa8ac6a8568&oe=5FEBB5B1"
    },
    {
      "src": "https://scontent-lax3-2.cdninstagram.com/v/t51.2885-15/sh0.08/e35/s640x640/127617656_375393680352311_1826189043594780619_n.jpg?_nc_ht=scontent-lax3-2.cdninstagram.com&_nc_cat=111&_nc_ohc=RsYU-i6rMqIAX_pcVH7&tp=1&oh=d7fc4bfb904ec1f111fe124a80a00fd6&oe=5FED146A"
    },
    {
      "src": "https://scontent-lax3-1.cdninstagram.com/v/t51.2885-15/sh0.08/e35/s640x640/127658960_211073047193788_4955531344076907435_n.jpg?_nc_ht=scontent-lax3-1.cdninstagram.com&_nc_cat=104&_nc_ohc=A1ZuofV_UzsAX94ME_v&tp=1&oh=048cced5cc5e126adde0aedbae3b9d35&oe=5FEBC793"
    },
    {
      "src": "https://scontent-lax3-1.cdninstagram.com/v/t51.2885-15/sh0.08/e35/s640x640/127797366_671650710173817_6077372690896250500_n.jpg?_nc_ht=scontent-lax3-1.cdninstagram.com&_nc_cat=109&_nc_ohc=fz_cQagWrQcAX_H_PrD&tp=1&oh=8366b5396b417fce3a39d058805cfc38&oe=5FEE0738"
    },
    {
      "src": "https://scontent-lax3-1.cdninstagram.com/v/t51.2885-15/sh0.08/e35/s640x640/128192339_185655743200047_3804177214439334580_n.jpg?_nc_ht=scontent-lax3-1.cdninstagram.com&_nc_cat=103&_nc_ohc=enreFMyxigkAX9DQAna&tp=1&oh=0730bd1ca8cfbc98bdeb5edf40512c8a&oe=5FEB1B4B"
    },
    {
      "src": "https://scontent-lax3-1.cdninstagram.com/v/t51.2885-15/sh0.08/e35/s640x640/127456560_169485341516617_2424469889814228762_n.jpg?_nc_ht=scontent-lax3-1.cdninstagram.com&_nc_cat=101&_nc_ohc=MG2KZGpYKNUAX-EDnhe&tp=1&oh=39db35dc99b0a83511cbfbe1d167e995&oe=5FED4CB9"
    },
    {
      "src": "https://scontent-lax3-2.cdninstagram.com/v/t51.2885-15/sh0.08/e35/s640x640/127405692_1283846735315831_5223131401680244393_n.jpg?_nc_ht=scontent-lax3-2.cdninstagram.com&_nc_cat=111&_nc_ohc=LuM9W9iE8d0AX9WYgxJ&tp=1&oh=216495594f59569f7d03e24dae1b8368&oe=5FEBEDFD"
    },
    {
      "src": "https://scontent-lax3-1.cdninstagram.com/v/t51.2885-15/sh0.08/e35/c113.0.1214.1214a/s640x640/127290447_948857775639168_6857622317846323808_n.jpg?_nc_ht=scontent-lax3-1.cdninstagram.com&_nc_cat=100&_nc_ohc=d60hO91f4XUAX-1DPt7&tp=1&oh=ad8fb4d4d35f48430eae943b76df099b&oe=5FEDC136"
    },
    {
      "src": "https://scontent-lax3-1.cdninstagram.com/v/t51.2885-15/sh0.08/e35/s640x640/127120947_722314041729650_6211605600620978012_n.jpg?_nc_ht=scontent-lax3-1.cdninstagram.com&_nc_cat=102&_nc_ohc=6TofCk1c220AX-ftA9Q&tp=1&oh=c9e8ffe8b55fe8594d1e98c70b796dac&oe=5FEC6FC8"
    },
    {
      "src": "https://scontent-lax3-2.cdninstagram.com/v/t51.2885-15/sh0.08/e35/s640x640/127026505_164916991997910_23596964510416006_n.jpg?_nc_ht=scontent-lax3-2.cdninstagram.com&_nc_cat=106&_nc_ohc=EU61QtYrzGwAX8QyBe_&tp=1&oh=3bc4f74c2a091408b040461bda1a62c5&oe=5FEE77A8"
    },
    {
      "src": "https://scontent-lax3-1.cdninstagram.com/v/t51.2885-15/sh0.08/e35/c0.30.1440.1440a/s640x640/127028462_670261510525983_1352052103052205592_n.jpg?_nc_ht=scontent-lax3-1.cdninstagram.com&_nc_cat=103&_nc_ohc=-2T2s9gGBhUAX_9i75g&tp=1&oh=49c7b9ad0c5d0eb5290da07c9c0a05ef&oe=5FEDA087"
    },
    {
      "src": "https://scontent-lax3-1.cdninstagram.com/v/t51.2885-15/e35/c172.0.376.376a/126922528_3629180823833324_9208789307662047615_n.jpg?_nc_ht=scontent-lax3-1.cdninstagram.com&_nc_cat=108&_nc_ohc=O6g6Mc9wL00AX9D-cPL&tp=1&oh=d74c6821ac01a02bf980d66bb843eb04&oe=5FC5B862"
    },
    {
      "src": "https://scontent-lax3-2.cdninstagram.com/v/t51.2885-15/sh0.08/e35/s640x640/126905596_941560926249739_2026336744873725515_n.jpg?_nc_ht=scontent-lax3-2.cdninstagram.com&_nc_cat=107&_nc_ohc=iQq2qUnzYoAAX_c-8aN&tp=1&oh=93cbe3c4f246eef64e66df9e8121fb06&oe=5FEC6C2C"
    },
    {
      "src": "https://scontent-lax3-1.cdninstagram.com/v/t51.2885-15/sh0.08/e35/c0.90.720.720a/s640x640/126162024_830249587776974_1593598557378298072_n.jpg?_nc_ht=scontent-lax3-1.cdninstagram.com&_nc_cat=102&_nc_ohc=LcPcooe1iDQAX9o6SdS&tp=1&oh=d97aca8998640c4194a284cb88f12cc1&oe=5FC5AF63"
    },
    {
      "src": "https://scontent-lax3-1.cdninstagram.com/v/t51.2885-15/e35/c157.0.406.406a/126869601_1080477592381706_3976155174282055361_n.jpg?_nc_ht=scontent-lax3-1.cdninstagram.com&_nc_cat=102&_nc_ohc=idGeMQLs23EAX-UF1JN&tp=1&oh=83e3e53f637fefbf9d6b93e12c0d726f&oe=5FC60B5B"
    },
    {
      "src": "https://scontent-lax3-1.cdninstagram.com/v/t51.2885-15/sh0.08/e35/c0.97.1440.1440a/s640x640/126996633_168880464950557_4367203456526215556_n.jpg?_nc_ht=scontent-lax3-1.cdninstagram.com&_nc_cat=101&_nc_ohc=RnGTCpTMrxEAX9mHJQ1&tp=1&oh=5d014dbe26b633c2b9e872e47b4eff63&oe=5FEBA7D9"
    },
    {
      "src": "https://scontent-lax3-1.cdninstagram.com/v/t51.2885-15/sh0.08/e35/s640x640/127002503_412284796799475_1385993928530959184_n.jpg?_nc_ht=scontent-lax3-1.cdninstagram.com&_nc_cat=103&_nc_ohc=wDPOtgLAtR0AX_QAd_0&tp=1&oh=e8f5cfae18884003bd86226e327b6359&oe=5FEBA6AA"
    }
  ]
}