{
  "user_name": "dabz_global",
  "profile_photo": "https://scontent-lax3-2.cdninstagram.com/v/t51.2885-19/s150x150/47694043_294942008037344_8364542486491693056_n.jpg?_nc_ht=scontent-lax3-2.cdninstagram.com&_nc_ohc=LIECPHaDMlAAX-bv7Zk&tp=1&oh=1c70e219b9bc57782bf836a5df21ec13&oe=5FEC3E0F",
  "name": "Dabz Global | Apple Centre",
  "webiste": "",
  "bio": "We Buy 💵 Sell💰Swap 💫<br>Twitter: <a class=\"notranslate\" href=\"/DabzGlobal/\" tabindex=\"0\">@DabzGlobal</a><br>Call &amp; WhatsApp 08076709313 <br>Call 08144343028 only<br>For Complaints, call 09078333831<br>Open: Mon🔛Sat || 8am-7pm",
  "category": "",
  "posts_count": "1,187",
  "followers_count": "42.8k",
  "following_count": "1,159",
  "story_highlights": [
    {
      "text": "Scam page list!",
      "src": "https://scontent-lax3-1.cdninstagram.com/v/t51.2885-15/e35/c9.876.1152.1152a/s150x150/106724436_292607222094566_8330715444056406730_n.jpg?_nc_ht=scontent-lax3-1.cdninstagram.com&_nc_cat=102&_nc_ohc=O3v386_8QcIAX8SI_GW&tp=1&oh=4af54e9431afc08fd1c2879193bbefb7&oe=5FC5D515"
    },
    {
      "text": "Response Time",
      "src": "https://scontent-lax3-2.cdninstagram.com/v/t51.12442-15/e35/c0.292.750.750a/s150x150/82053281_160547191883730_7039841790928674821_n.jpg?_nc_ht=scontent-lax3-2.cdninstagram.com&_nc_cat=106&_nc_ohc=CBtj4_k2Vg4AX8HEAFc&tp=1&oh=6d7e496ee99ecad5e7447aba677b3001&oe=5FC60FA4"
    },
    {
      "text": "Urgent Response",
      "src": "https://scontent-lax3-1.cdninstagram.com/v/t51.12442-15/e35/c0.398.1024.1024a/s150x150/72771105_552249928652824_4844688544264537209_n.jpg?_nc_ht=scontent-lax3-1.cdninstagram.com&_nc_cat=104&_nc_ohc=UT6xpQKtaUAAX_ajrlF&tp=1&oh=409ca99d0d63cf6c6b8a1c50cb1ef06f&oe=5FC58F8C"
    }
  ],
  "posts": [
    {
      "src": "https://scontent-lax3-1.cdninstagram.com/v/t51.2885-15/sh0.08/e35/c0.180.1440.1440a/s640x640/127844271_2487796001520297_8657534271767897332_n.jpg?_nc_ht=scontent-lax3-1.cdninstagram.com&_nc_cat=109&_nc_ohc=piicT8cXVD4AX8Tzlal&tp=1&oh=4b8cca66ab4a0d6d2408dc34d520eab4&oe=5FED8383"
    },
    {
      "src": "https://scontent-lax3-1.cdninstagram.com/v/t51.2885-15/sh0.08/e35/c0.180.1440.1440a/s640x640/127807502_179628813819225_7639074475893014458_n.jpg?_nc_ht=scontent-lax3-1.cdninstagram.com&_nc_cat=109&_nc_ohc=hcR8hAT7ZeYAX_JT15e&tp=1&oh=a64e197c7643b2a4c75deb3f7244198c&oe=5FED708F"
    },
    {
      "src": "https://scontent-lax3-1.cdninstagram.com/v/t51.2885-15/sh0.08/e35/c0.168.1350.1350a/s640x640/127323700_200384201667089_8881827611199855142_n.jpg?_nc_ht=scontent-lax3-1.cdninstagram.com&_nc_cat=105&_nc_ohc=7WC6SqbcZQoAX_D_PWY&tp=1&oh=e5c6f3fd8c121911fb183808935ae1a7&oe=5FEB5454"
    },
    {
      "src": "https://scontent-lax3-1.cdninstagram.com/v/t51.2885-15/sh0.08/e35/c0.180.1440.1440a/s640x640/127147271_700663710852809_304724021344173921_n.jpg?_nc_ht=scontent-lax3-1.cdninstagram.com&_nc_cat=105&_nc_ohc=Xn3lHvUc5SgAX-oATeo&tp=1&oh=eccdab0ff4b1566cf507a3a7c33b1547&oe=5FED44E2"
    },
    {
      "src": "https://scontent-lax3-1.cdninstagram.com/v/t51.2885-15/sh0.08/e35/c0.90.720.720a/s640x640/127316690_822936954948507_6479298792208080725_n.jpg?_nc_ht=scontent-lax3-1.cdninstagram.com&_nc_cat=103&_nc_ohc=gYPp4TRP0IgAX-DN_wf&tp=1&oh=f0befda66e4f54b33c3588bca039512a&oe=5FC56B3B"
    },
    {
      "src": "https://scontent-lax3-1.cdninstagram.com/v/t51.2885-15/sh0.08/e35/c0.180.1440.1440a/s640x640/127655252_422977868718200_7254384826366311310_n.jpg?_nc_ht=scontent-lax3-1.cdninstagram.com&_nc_cat=108&_nc_ohc=fZ4ds8XMU5cAX-7_ZRJ&tp=1&oh=821e175a7f47f102d6a686c328c432c4&oe=5FEE87FF"
    },
    {
      "src": "https://scontent-lax3-1.cdninstagram.com/v/t51.2885-15/sh0.08/e35/c0.168.1350.1350a/s640x640/127658959_377063830020790_7415808323174338931_n.jpg?_nc_ht=scontent-lax3-1.cdninstagram.com&_nc_cat=110&_nc_ohc=8onYVXiMU2sAX8E706T&tp=1&oh=7b88e38c6e8921965c2cbdccb88a04ba&oe=5FEEB072"
    },
    {
      "src": "https://scontent-lax3-2.cdninstagram.com/v/t51.2885-15/sh0.08/e35/c36.0.1168.1168a/s640x640/127340901_785470795631515_8382503028711173713_n.jpg?_nc_ht=scontent-lax3-2.cdninstagram.com&_nc_cat=107&_nc_ohc=sjf0MMy3oicAX-1nRBI&tp=1&oh=5bdf73d71dda7faaaa586b96129af90a&oe=5FECC30E"
    },
    {
      "src": "https://scontent-lax3-1.cdninstagram.com/v/t51.2885-15/sh0.08/e35/s640x640/127073087_196976295352313_1934491418514431725_n.jpg?_nc_ht=scontent-lax3-1.cdninstagram.com&_nc_cat=105&_nc_ohc=MKgGGwN1rdAAX8-wjb7&tp=1&oh=ed3522456a54e3d4d6ca722eeaa76e1d&oe=5FEEE583"
    },
    {
      "src": "https://scontent-lax3-2.cdninstagram.com/v/t51.2885-15/sh0.08/e35/c180.0.1080.1080a/s640x640/127010208_195085795488791_9118846269407454785_n.jpg?_nc_ht=scontent-lax3-2.cdninstagram.com&_nc_cat=111&_nc_ohc=9bzBRI-wg8oAX-HwotP&tp=1&oh=1d14d2faa3495ff877ec87254f717b06&oe=5FECDFED"
    },
    {
      "src": "https://scontent-lax3-1.cdninstagram.com/v/t51.2885-15/sh0.08/e35/c0.180.1440.1440a/s640x640/127075162_206661864402770_4526443847142389975_n.jpg?_nc_ht=scontent-lax3-1.cdninstagram.com&_nc_cat=102&_nc_ohc=reBB2jv11u0AX_9FppB&tp=1&oh=b3901221ae382e9c2211587e2a6defa0&oe=5FEBF67C"
    },
    {
      "src": "https://scontent-lax3-1.cdninstagram.com/v/t51.2885-15/sh0.08/e35/c0.180.1440.1440a/s640x640/127229215_212828523613757_355588091656958768_n.jpg?_nc_ht=scontent-lax3-1.cdninstagram.com&_nc_cat=105&_nc_ohc=5qs0TzJbK8UAX9GHmO_&tp=1&oh=e3ffdcb6b12190453690d6d9976b2a38&oe=5FEEB72C"
    },
    {
      "src": "https://scontent-lax3-1.cdninstagram.com/v/t51.2885-15/sh0.08/e35/c0.180.1440.1440a/s640x640/127287234_385178206023304_780189320740256088_n.jpg?_nc_ht=scontent-lax3-1.cdninstagram.com&_nc_cat=104&_nc_ohc=kqTqoU9U4lAAX-J4t3K&tp=1&oh=cd670a6c1b0491725cc17062643bb8f2&oe=5FED354C"
    },
    {
      "src": "https://scontent-lax3-2.cdninstagram.com/v/t51.2885-15/sh0.08/e35/c19.0.1203.1203a/s640x640/126908979_194184825541566_6357283341797552929_n.jpg?_nc_ht=scontent-lax3-2.cdninstagram.com&_nc_cat=106&_nc_ohc=huWEnhbRWe4AX_MMIwi&tp=1&oh=ff078e442efbdfd99a4d59062272ac58&oe=5FECCCAE"
    },
    {
      "src": "https://scontent-lax3-1.cdninstagram.com/v/t51.2885-15/sh0.08/e35/c0.180.1440.1440a/s640x640/127023421_1160510927698935_3841372761177299257_n.jpg?_nc_ht=scontent-lax3-1.cdninstagram.com&_nc_cat=103&_nc_ohc=izdqcaMR1EwAX-en5C5&tp=1&oh=cca1255c490d75c6e85a5a11367d0a3d&oe=5FEE528C"
    },
    {
      "src": "https://scontent-lax3-1.cdninstagram.com/v/t51.2885-15/sh0.08/e35/s640x640/126898493_404605200664960_2140112462254711394_n.jpg?_nc_ht=scontent-lax3-1.cdninstagram.com&_nc_cat=104&_nc_ohc=pmhqprmTdhYAX8z-Ss0&tp=1&oh=85acbf1b32eae697d8d41c0175cba7a7&oe=5FEBBE46"
    },
    {
      "src": "https://scontent-lax3-1.cdninstagram.com/v/t51.2885-15/e35/c113.0.452.452a/126990215_112576693912101_2240079406602443778_n.jpg?_nc_ht=scontent-lax3-1.cdninstagram.com&_nc_cat=109&_nc_ohc=xa7BJcqNyrEAX8bHVny&tp=1&oh=acf55f114bf313d57084da741fd9967a&oe=5FEEE32D"
    },
    {
      "src": "https://scontent-lax3-1.cdninstagram.com/v/t51.2885-15/sh0.08/e35/s640x640/126631865_3824434964273390_519696000581333608_n.jpg?_nc_ht=scontent-lax3-1.cdninstagram.com&_nc_cat=102&_nc_ohc=Zl9nf11DP_4AX-PO_8L&tp=1&oh=aaa293c54b38cda45e6ecd6fa4433c9f&oe=5FED9F14"
    },
    {
      "src": "https://scontent-lax3-2.cdninstagram.com/v/t51.2885-15/e35/c101.0.607.607a/126877387_680378226206754_3564549920026793353_n.jpg?_nc_ht=scontent-lax3-2.cdninstagram.com&_nc_cat=106&_nc_ohc=WedFlxHdRvUAX8ehGel&tp=1&oh=063e6d8cbe31bdf1e50f2eb4a723f51c&oe=5FEC7ED5"
    },
    {
      "src": "https://scontent-lax3-2.cdninstagram.com/v/t51.2885-15/sh0.08/e35/c0.180.1440.1440a/s640x640/126122437_229434998540286_2979527063146114633_n.jpg?_nc_ht=scontent-lax3-2.cdninstagram.com&_nc_cat=106&_nc_ohc=mo707DWr_roAX8JSBHt&tp=1&oh=bbcac60f96ff1483b5d6f4b662a7bfe8&oe=5FED9E94"
    },
    {
      "src": "https://scontent-lax3-2.cdninstagram.com/v/t51.2885-15/e35/c101.0.607.607a/126409477_5029084877109583_6574237414538768689_n.jpg?_nc_ht=scontent-lax3-2.cdninstagram.com&_nc_cat=107&_nc_ohc=xz1LRP1FKsAAX_QllEK&tp=1&oh=8af9dee1a527cbebb9781726125452a4&oe=5FEBF536"
    },
    {
      "src": "https://scontent-lax3-1.cdninstagram.com/v/t51.2885-15/sh0.08/e35/c0.180.1440.1440a/s640x640/126904451_587049658741077_9002778571631879856_n.jpg?_nc_ht=scontent-lax3-1.cdninstagram.com&_nc_cat=109&_nc_ohc=hJFlL8TFZNIAX9R3HRX&tp=1&oh=b3391d3cf8399bbf6943bef3995a03c2&oe=5FEDB8C7"
    },
    {
      "src": "https://scontent-lax3-1.cdninstagram.com/v/t51.2885-15/sh0.08/e35/c0.179.1440.1440a/s640x640/126210957_703241107259064_4832181012218840808_n.jpg?_nc_ht=scontent-lax3-1.cdninstagram.com&_nc_cat=100&_nc_ohc=OwL01UqMMkAAX_W1o5_&tp=1&oh=3a28c69070fc59b0194a2f5001b4d9a4&oe=5FED7898"
    },
    {
      "src": "https://scontent-lax3-1.cdninstagram.com/v/t51.2885-15/e35/c101.0.607.607a/127090097_408576826995585_376164490706592334_n.jpg?_nc_ht=scontent-lax3-1.cdninstagram.com&_nc_cat=109&_nc_ohc=Tc_U5ZnmiDwAX9M90lt&tp=1&oh=f513d9441ec7f9ed2115123c66e1a084&oe=5FEB281D"
    }
  ]
}