{
  "user_name": "desweetphones",
  "profile_photo": "https://scontent-lax3-2.cdninstagram.com/v/t51.2885-19/s150x150/69910113_733933320382925_4251896698235781120_n.jpg?_nc_ht=scontent-lax3-2.cdninstagram.com&_nc_ohc=eO9wwqwC4lEAX8xCOaW&tp=1&oh=c36880b7fefad61063481b6303e8efd3&oe=5FEDDB66",
  "name": "De Sweet Phone",
  "webiste": "https://l.instagram.com/?u=http%3A%2F%2Fwww.desweetphones.com%2F&e=ATPg-A-Z-HNhsQsqt4HmSSo1x7WPGu4a8FC-vi9-dI1YBuqzRx1IP9HTsX5hXIEqwLxBCxH-bX9ki2V43-A_Xw&s=1",
  "bio": "<a class=\" xil3i\" href=\"/explore/tags/sales/\" tabindex=\"0\">#Sales</a> and distribution of <a class=\" xil3i\" href=\"/explore/tags/genuine/\" tabindex=\"0\">#genuine</a> quality <a class=\" xil3i\" href=\"/explore/tags/new/\" tabindex=\"0\">#New</a> and <a class=\" xil3i\" href=\"/explore/tags/uk/\" tabindex=\"0\">#uk</a> used <a class=\" xil3i\" href=\"/explore/tags/mobile/\" tabindex=\"0\">#mobile</a> <a class=\" xil3i\" href=\"/explore/tags/phones/\" tabindex=\"0\">#phones</a><br><a class=\" xil3i\" href=\"/explore/tags/iphone/\" tabindex=\"0\">#iPhone</a><br><a class=\" xil3i\" href=\"/explore/tags/samsung/\" tabindex=\"0\">#samsung</a><br><a class=\" xil3i\" href=\"/explore/tags/tecno/\" tabindex=\"0\">#Tecno</a><br>Call📲07031276997<br>Whatsapp📲09090230000",
  "category": "",
  "posts_count": "1,589",
  "followers_count": "52.2k",
  "following_count": "955",
  "story_highlights": [
    {
      "text": "FEEDBACKS",
      "src": "https://scontent-lax3-2.cdninstagram.com/v/t51.2885-15/s150x150/47581221_366030750816743_5568007396514594816_n.jpg?_nc_ht=scontent-lax3-2.cdninstagram.com&_nc_ohc=wmPfW1zpK_IAX9NefHx&tp=1&oh=6862b99005e7d069a784e6cfc177a162&oe=5FEED6DF"
    },
    {
      "text": "SNAPCHAT!",
      "src": "https://scontent-lax3-2.cdninstagram.com/v/t51.2885-15/s150x150/47585641_2206798926307022_7271054421499314176_n.jpg?_nc_ht=scontent-lax3-2.cdninstagram.com&_nc_ohc=BZetsaw9ahYAX-HiRD6&tp=1&oh=48e2c87e602c8baaef0d2e631f6ec133&oe=5FEC921C"
    },
    {
      "text": "Today's Price",
      "src": "https://scontent-lax3-2.cdninstagram.com/v/t51.2885-15/s150x150/46219188_355901028558980_5460155630931148800_n.jpg?_nc_ht=scontent-lax3-2.cdninstagram.com&_nc_ohc=8yCFUoe_a54AX-V9iOU&tp=1&oh=a54e27264521deddb586553f75132be5&oe=5FED0CBF"
    },
    {
      "text": "5k off Today",
      "src": "https://scontent-lax3-2.cdninstagram.com/v/t51.2885-15/s150x150/46553462_336245856970442_3261930290108432384_n.jpg?_nc_ht=scontent-lax3-2.cdninstagram.com&_nc_ohc=NmXfJP2O-TEAX8ZzXDf&tp=1&oh=3dff70304cac96f4cc8a5d2a6115a278&oe=5FEB28BC"
    },
    {
      "text": "UK PRICELIST",
      "src": "https://scontent-lax3-2.cdninstagram.com/v/t51.2885-15/s150x150/46657717_2245259829095712_337287101764599808_n.jpg?_nc_ht=scontent-lax3-2.cdninstagram.com&_nc_ohc=n-XpP0MUTcIAX_eUstN&tp=1&oh=0f1e44c4a36752343eb50fb7396a046c&oe=5FEE26DC"
    },
    {
      "text": "SWAP",
      "src": "https://scontent-lax3-2.cdninstagram.com/v/t51.2885-15/s150x150/47153315_1990802340995359_3110543542011822080_n.jpg?_nc_ht=scontent-lax3-2.cdninstagram.com&_nc_ohc=wtYUTtAlDgQAX9j5t6k&tp=1&oh=7cccf01f3a18a29d5975b7864d3df09f&oe=5FEB8129"
    }
  ],
  "posts": [
    {
      "src": "https://scontent-lax3-2.cdninstagram.com/v/t51.2885-15/sh0.08/e35/c0.180.1440.1440a/s640x640/127157830_1501915896665082_4428242866748021878_n.jpg?_nc_ht=scontent-lax3-2.cdninstagram.com&_nc_cat=106&_nc_ohc=M8uiXyM6qYMAX-SlrnQ&tp=1&oh=845a6d66a82662fe88b3641912b7c531&oe=5FEE8DCB"
    },
    {
      "src": "https://scontent-lax3-2.cdninstagram.com/v/t51.2885-15/sh0.08/e35/c160.0.1120.1120a/s640x640/127182626_1698710840279507_5492441793541289677_n.jpg?_nc_ht=scontent-lax3-2.cdninstagram.com&_nc_cat=111&_nc_ohc=bmyyet4Ge8gAX9k5OIu&tp=1&oh=81f39614f3a675fdc8b3eee1e879d34d&oe=5FEE619B"
    },
    {
      "src": "https://scontent-lax3-1.cdninstagram.com/v/t51.2885-15/sh0.08/e35/s640x640/127554089_242634307216093_542154868972606670_n.jpg?_nc_ht=scontent-lax3-1.cdninstagram.com&_nc_cat=101&_nc_ohc=HuOpHO-NTIkAX8xITQU&tp=1&oh=8ee653f3a7feaf7ab50922080396dcb6&oe=5FEB3C9A"
    },
    {
      "src": "https://scontent-lax3-2.cdninstagram.com/v/t51.2885-15/sh0.08/e35/c0.180.1440.1440a/s640x640/126982352_433025394528027_5412646962234098214_n.jpg?_nc_ht=scontent-lax3-2.cdninstagram.com&_nc_cat=1&_nc_ohc=JTXlwYW3NIoAX8pPebM&tp=1&oh=f3cd7d556426ff466687378202f9b3c7&oe=5FEB95E7"
    },
    {
      "src": "https://scontent-lax3-2.cdninstagram.com/v/t51.2885-15/sh0.08/e35/c140.0.1000.1000a/s640x640/127019533_222407239269287_4523008770196843704_n.jpg?_nc_ht=scontent-lax3-2.cdninstagram.com&_nc_cat=111&_nc_ohc=YPEf9iYZv20AX-DKTPk&tp=1&oh=4a0602b43a92fb13595a8d5d56a517ba&oe=5FECED21"
    },
    {
      "src": "https://scontent-lax3-1.cdninstagram.com/v/t51.2885-15/sh0.08/e35/s640x640/126923948_1310589885976844_6985986112480049199_n.jpg?_nc_ht=scontent-lax3-1.cdninstagram.com&_nc_cat=108&_nc_ohc=F6gkVy4gfxgAX8GtDSr&tp=1&oh=c47394a836e9e9cb4a088f000a72b173&oe=5FEB4BCF"
    },
    {
      "src": "https://scontent-lax3-1.cdninstagram.com/v/t51.2885-15/sh0.08/e35/s640x640/126948214_1082706642180267_3204821163408312126_n.jpg?_nc_ht=scontent-lax3-1.cdninstagram.com&_nc_cat=103&_nc_ohc=ItLUZ8lHcVQAX-BaOBV&tp=1&oh=48da9740c3ab37cfcaebe4d50f601f2d&oe=5FEEE5E6"
    },
    {
      "src": "https://scontent-lax3-1.cdninstagram.com/v/t51.2885-15/sh0.08/e35/s640x640/125840471_372592690479879_6913174240787722318_n.jpg?_nc_ht=scontent-lax3-1.cdninstagram.com&_nc_cat=103&_nc_ohc=1-5VMXOC3qkAX_9qOUO&tp=1&oh=e7993436d92683e4f54caea3b71a5f37&oe=5FEB3374"
    },
    {
      "src": "https://scontent-lax3-1.cdninstagram.com/v/t51.2885-15/sh0.08/e35/c0.174.1440.1440a/s640x640/127059918_189602462748588_2577970254471436740_n.jpg?_nc_ht=scontent-lax3-1.cdninstagram.com&_nc_cat=100&_nc_ohc=c_asi3DLG3wAX_eef5C&tp=1&oh=2c4a2a50d52dc2cd5674d796b4893eb2&oe=5FEB7830"
    },
    {
      "src": "https://scontent-lax3-1.cdninstagram.com/v/t51.2885-15/sh0.08/e35/c0.180.1440.1440a/s640x640/126489349_842486663182286_4950351452869677655_n.jpg?_nc_ht=scontent-lax3-1.cdninstagram.com&_nc_cat=102&_nc_ohc=uGe6_A6-_VwAX84bN3V&tp=1&oh=0bbc4d400fb551563b192385f95c639d&oe=5FEC9A4B"
    },
    {
      "src": "https://scontent-lax3-1.cdninstagram.com/v/t51.2885-15/sh0.08/e35/c0.122.1440.1440a/s640x640/126292417_286720399395824_4980843999725955658_n.jpg?_nc_ht=scontent-lax3-1.cdninstagram.com&_nc_cat=108&_nc_ohc=3MAHerbuxDsAX_0sfDn&tp=1&oh=d42caa2c7c4520b8c8fae9326bbb26e5&oe=5FEE4937"
    },
    {
      "src": "https://scontent-lax3-2.cdninstagram.com/v/t51.2885-15/sh0.08/e35/s640x640/126298110_392496632105574_8367157505163265206_n.jpg?_nc_ht=scontent-lax3-2.cdninstagram.com&_nc_cat=106&_nc_ohc=JWptytFxoPcAX9kKjHj&tp=1&oh=677626de1561ac5d72070740044d7ead&oe=5FEE9B22"
    },
    {
      "src": "https://scontent-lax3-1.cdninstagram.com/v/t51.2885-15/sh0.08/e35/c155.0.930.930a/s640x640/126530143_3602296089850788_1257813814838857471_n.jpg?_nc_ht=scontent-lax3-1.cdninstagram.com&_nc_cat=100&_nc_ohc=cHEhPp-zXzIAX-3OZ-d&tp=1&oh=b98e11866cd7ee2c63c25a14aea4fe0f&oe=5FECB1BB"
    },
    {
      "src": "https://scontent-lax3-1.cdninstagram.com/v/t51.2885-15/sh0.08/e35/c0.172.1440.1440a/s640x640/125912254_1543557955849732_3049766817381626419_n.jpg?_nc_ht=scontent-lax3-1.cdninstagram.com&_nc_cat=104&_nc_ohc=I7UZL_jZ_usAX_Qz69-&tp=1&oh=bda885b7e34cbf69b83c39e08dea9124&oe=5FEE318D"
    },
    {
      "src": "https://scontent-lax3-1.cdninstagram.com/v/t51.2885-15/sh0.08/e35/s640x640/125512011_876303619843526_4315311498078001041_n.jpg?_nc_ht=scontent-lax3-1.cdninstagram.com&_nc_cat=102&_nc_ohc=FNRZ-dGOI0AAX8tUy1A&tp=1&oh=652b092a01d015f0b00b4673ea529dbb&oe=5FEE2314"
    },
    {
      "src": "https://scontent-lax3-1.cdninstagram.com/v/t51.2885-15/sh0.08/e35/s640x640/125547150_237669921118396_5955802238590495905_n.jpg?_nc_ht=scontent-lax3-1.cdninstagram.com&_nc_cat=104&_nc_ohc=aCfTKinVAucAX8SmRbB&tp=1&oh=0cbaa5ec85b60369a207a28f319c9c65&oe=5FEC0C11"
    },
    {
      "src": "https://scontent-lax3-1.cdninstagram.com/v/t51.2885-15/sh0.08/e35/s640x640/125913014_850060865746817_3804341380277835638_n.jpg?_nc_ht=scontent-lax3-1.cdninstagram.com&_nc_cat=105&_nc_ohc=0h64bqMuG3kAX-g0JXR&tp=1&oh=5e24c89cbd13a7b901a748cae09ea063&oe=5FEC29A4"
    },
    {
      "src": "https://scontent-lax3-1.cdninstagram.com/v/t51.2885-15/sh0.08/e35/s640x640/125416548_393136598544994_7378739119115467419_n.jpg?_nc_ht=scontent-lax3-1.cdninstagram.com&_nc_cat=110&_nc_ohc=fSic0dmtJAUAX82NYR6&tp=1&oh=4d38f24a07cc0b23f14cc3c4cd8f49fc&oe=5FEDA4B4"
    },
    {
      "src": "https://scontent-lax3-1.cdninstagram.com/v/t51.2885-15/sh0.08/e35/c0.0.1439.1439a/s640x640/125365597_207963574045976_1742841217656285301_n.jpg?_nc_ht=scontent-lax3-1.cdninstagram.com&_nc_cat=108&_nc_ohc=50AE0Ah7xa0AX_M9CAw&tp=1&oh=4bf2ecc8daaa1f03ebf94147d408c56d&oe=5FED6DCD"
    },
    {
      "src": "https://scontent-lax3-1.cdninstagram.com/v/t51.2885-15/sh0.08/e35/s640x640/125552609_1323304148005275_226972494699600646_n.jpg?_nc_ht=scontent-lax3-1.cdninstagram.com&_nc_cat=103&_nc_ohc=BhpXrLdcLOgAX8G1f2T&tp=1&oh=30294f299841a303cb74fe89132d6def&oe=5FED66FF"
    },
    {
      "src": "https://scontent-lax3-2.cdninstagram.com/v/t51.2885-15/sh0.08/e35/s640x640/125525872_207146220974394_8926313510063842441_n.jpg?_nc_ht=scontent-lax3-2.cdninstagram.com&_nc_cat=106&_nc_ohc=FVRuwNmnsbMAX_SZG52&tp=1&oh=2d6d40ccebb35f616f98d9daf765e822&oe=5FED95AC"
    },
    {
      "src": "https://scontent-lax3-1.cdninstagram.com/v/t51.2885-15/e35/125232589_361437931802545_173241878211587061_n.jpg?_nc_ht=scontent-lax3-1.cdninstagram.com&_nc_cat=101&_nc_ohc=e2uZDLm8X1MAX8gzOvb&tp=1&oh=c11c3d6abe64f3dd5815f64606e5f74d&oe=5FC61041"
    },
    {
      "src": "https://scontent-lax3-1.cdninstagram.com/v/t51.2885-15/sh0.08/e35/s640x640/125037480_131073205130637_3477121880178816053_n.jpg?_nc_ht=scontent-lax3-1.cdninstagram.com&_nc_cat=109&_nc_ohc=pHb0ERiMOf0AX-KbFzZ&tp=1&oh=a1ad6193ee9a804fdf3a2267bc689473&oe=5FEBC369"
    },
    {
      "src": "https://scontent-lax3-1.cdninstagram.com/v/t51.2885-15/sh0.08/e35/s640x640/124992500_278454200249739_8134979152636753526_n.jpg?_nc_ht=scontent-lax3-1.cdninstagram.com&_nc_cat=103&_nc_ohc=D8JlExHCFkEAX9fRdEz&tp=1&oh=118232103b351b277654c7d37300e170&oe=5FEC72F9"
    }
  ]
}