{
  "user_name": "doubledphones",
  "profile_photo": "https://scontent-lax3-2.cdninstagram.com/v/t51.2885-19/s150x150/77410982_498295337479244_5568183889605689344_n.jpg?_nc_ht=scontent-lax3-2.cdninstagram.com&_nc_ohc=kZTItp8mvwIAX-5cMGi&tp=1&oh=93426e71bde3369f3b7eb1ec27615f4d&oe=5FEB510A",
  "name": "DoubleD Phones | Phone Shop",
  "webiste": "https://l.instagram.com/?u=http%3A%2F%2Fwa.me%2F08060631285&e=ATOymqieuJy-2D8VMA0OMtF1B9e98bLKWi12Zt8q-AcfHLZQqr_ceMHQbmqszd4papv6LkuEVk2sNmNQrJcciA&s=1",
  "bio": "Buy <a class=\" xil3i\" href=\"/explore/tags/new/\" tabindex=\"0\">#New</a> &amp; <a class=\" xil3i\" href=\"/explore/tags/uk/\" tabindex=\"0\">#UK</a> Used Mobile Phone with warranty <br><a class=\" xil3i\" href=\"/explore/tags/iphone/\" tabindex=\"0\">#iPhone</a> <a class=\" xil3i\" href=\"/explore/tags/samsung/\" tabindex=\"0\">#Samsung</a><br>⏱Mon - Sat: 8am - 6pm<br>Call📞: 09019090001<br>Call📞: 08060631285<br>🚚Nationwide Delivery",
  "category": "",
  "posts_count": "978",
  "followers_count": "2,998",
  "following_count": "817",
  "story_highlights": [
    {
      "text": "iPhone 12",
      "src": "https://scontent-lax3-2.cdninstagram.com/v/t51.2885-15/e35/c0.506.1080.1080a/s150x150/122768385_161552032296727_725933046021579653_n.jpg?_nc_ht=scontent-lax3-2.cdninstagram.com&_nc_cat=107&_nc_ohc=kXpUp-NiPC8AX-wD3mv&tp=1&oh=ddde543dbb0382100d6e3c7e59c466e2&oe=5FC600A2"
    },
    {
      "text": "Brand new phones",
      "src": "https://scontent-lax3-1.cdninstagram.com/v/t51.2885-15/e35/c0.506.1080.1080a/s150x150/117816215_746851152773354_8817550461260243099_n.jpg?_nc_ht=scontent-lax3-1.cdninstagram.com&_nc_cat=102&_nc_ohc=Ftsof0ZFUEMAX8m5ZR6&tp=1&oh=5584baf7ff1a3717129eeded5c0dd36d&oe=5FC5B044"
    },
    {
      "text": "#Best customers",
      "src": "https://scontent-lax3-2.cdninstagram.com/v/t51.2885-15/e35/c0.507.1080.1080a/s150x150/117265746_175035224134279_3760698088304560944_n.jpg?_nc_ht=scontent-lax3-2.cdninstagram.com&_nc_cat=107&_nc_ohc=71Qur9R7g1QAX8d1bkh&tp=1&oh=b36bd3b8bfdbff05a32c66f775915335&oe=5FC5BB9A"
    },
    {
      "text": "REVIEWS",
      "src": "https://scontent-lax3-1.cdninstagram.com/v/t51.12442-15/e35/c0.497.1080.1080a/s150x150/61958407_144348659961096_4204505916625229321_n.jpg?_nc_ht=scontent-lax3-1.cdninstagram.com&_nc_cat=100&_nc_ohc=5LZoZb4CC14AX_gJuMR&tp=1&oh=ffa78b8b3c3c2fdbfbca1bf2a04a092b&oe=5FC60D32"
    },
    {
      "text": "CONTACT US",
      "src": "https://scontent-lax3-2.cdninstagram.com/v/t51.12442-15/e35/c0.497.1080.1080a/s150x150/62134188_151007782705439_6843304932316519550_n.jpg?_nc_ht=scontent-lax3-2.cdninstagram.com&_nc_cat=111&_nc_ohc=RpcSJahI6lMAX_FfKRb&tp=1&oh=08b4c884e993a1927eb7639890fbf5fd&oe=5FC5B743"
    },
    {
      "text": "ACCESSORIES",
      "src": "https://scontent-lax3-1.cdninstagram.com/v/t51.12442-15/e35/c0.497.1080.1080a/s150x150/62014215_454106668736017_2023876261384515297_n.jpg?_nc_ht=scontent-lax3-1.cdninstagram.com&_nc_cat=101&_nc_ohc=zoS7OWAzHzEAX_0ySWO&tp=1&oh=58aca9b10af63742ebb2e1132fe0aa7e&oe=5FC5860A"
    },
    {
      "text": "PRICE LIST",
      "src": "https://scontent-lax3-1.cdninstagram.com/v/t51.12442-15/e35/c0.497.1080.1080a/s150x150/61606811_2080824472211124_1823411357510769539_n.jpg?_nc_ht=scontent-lax3-1.cdninstagram.com&_nc_cat=100&_nc_ohc=hXbLnOZyXvkAX-4rmW6&tp=1&oh=9fc29c846affc931a73e2c06e3c363ef&oe=5FC5B969"
    },
    {
      "text": "DEALS",
      "src": "https://scontent-lax3-2.cdninstagram.com/v/t51.12442-15/e35/c0.497.1080.1080a/s150x150/61305209_2283635218526563_7713773336164432010_n.jpg?_nc_ht=scontent-lax3-2.cdninstagram.com&_nc_cat=107&_nc_ohc=D_ELjcr8a14AX_8urWb&tp=1&oh=ba3c67a1385027e8d0b0efa41f1f1851&oe=5FC58F49"
    }
  ],
  "posts": [
    {
      "src": "https://scontent-lax3-1.cdninstagram.com/v/t51.2885-15/sh0.08/e35/s640x640/127998993_1565932700271881_1565023448500124667_n.jpg?_nc_ht=scontent-lax3-1.cdninstagram.com&_nc_cat=105&_nc_ohc=RQhP70NCa2oAX9wCI_7&tp=1&oh=44b662fee76d2567e223ea375612f376&oe=5FEBCC63"
    },
    {
      "src": "https://scontent-lax3-1.cdninstagram.com/v/t51.2885-15/sh0.08/e35/s640x640/127876999_392911895095013_3572398333514040223_n.jpg?_nc_ht=scontent-lax3-1.cdninstagram.com&_nc_cat=105&_nc_ohc=c4qEbiJdmBkAX9SK-KM&tp=1&oh=ea95e77e6b2ec768b9a1bd317243e466&oe=5FED39CC"
    },
    {
      "src": "https://scontent-lax3-1.cdninstagram.com/v/t51.2885-15/sh0.08/e35/s640x640/128193703_131953218473285_8428309036116943516_n.jpg?_nc_ht=scontent-lax3-1.cdninstagram.com&_nc_cat=105&_nc_ohc=A6ZyQS9QpogAX8jzWOR&tp=1&oh=3673ca1eb239f70254e76e6bb1e0f76b&oe=5FEEEC92"
    },
    {
      "src": "https://scontent-lax3-1.cdninstagram.com/v/t51.2885-15/sh0.08/e35/s640x640/128583760_877423866335004_5287104124486249704_n.jpg?_nc_ht=scontent-lax3-1.cdninstagram.com&_nc_cat=100&_nc_ohc=ztZ2vFIcDUwAX9e1ldQ&tp=1&oh=2e826112595565c16ee0639b497d94f7&oe=5FEC4B67"
    },
    {
      "src": "https://scontent-lax3-1.cdninstagram.com/v/t51.2885-15/sh0.08/e35/s640x640/127986274_233819464745597_5426275972292885762_n.jpg?_nc_ht=scontent-lax3-1.cdninstagram.com&_nc_cat=105&_nc_ohc=-DiOYrKkqdgAX-KzrEH&tp=1&oh=aeda243e9a92f142c87c2c7652dae885&oe=5FEE497B"
    },
    {
      "src": "https://scontent-lax3-1.cdninstagram.com/v/t51.2885-15/sh0.08/e35/s640x640/127445938_312717959749552_1928464559229809583_n.jpg?_nc_ht=scontent-lax3-1.cdninstagram.com&_nc_cat=104&_nc_ohc=OJx14ysrerQAX8YcZuq&tp=1&oh=2a48dce805159c72c4bd6d06d38a04a1&oe=5FEB75E5"
    },
    {
      "src": "https://scontent-lax3-1.cdninstagram.com/v/t51.2885-15/sh0.08/e35/s640x640/127247409_2783075465290634_5737999600206897224_n.jpg?_nc_ht=scontent-lax3-1.cdninstagram.com&_nc_cat=102&_nc_ohc=GwrcqP8S-D8AX90DARA&tp=1&oh=debadd53e1a8318e5b69d6fb98c5ef1e&oe=5FEB2A90"
    },
    {
      "src": "https://scontent-lax3-1.cdninstagram.com/v/t51.2885-15/sh0.08/e35/s640x640/127699194_170265931457160_7111672534218689929_n.jpg?_nc_ht=scontent-lax3-1.cdninstagram.com&_nc_cat=100&_nc_ohc=pkkw932OhngAX8f-PX1&tp=1&oh=7c64583e9330bb8de73f0f56b9b83964&oe=5FED98C5"
    },
    {
      "src": "https://scontent-lax3-1.cdninstagram.com/v/t51.2885-15/sh0.08/e35/s640x640/127660262_203343141366677_497292599538765679_n.jpg?_nc_ht=scontent-lax3-1.cdninstagram.com&_nc_cat=105&_nc_ohc=ZslEUCJewhsAX942_Sw&tp=1&oh=a923b88f7971ffd22f4c092ce3baa3b6&oe=5FEBD27A"
    },
    {
      "src": "https://scontent-lax3-2.cdninstagram.com/v/t51.2885-15/sh0.08/e35/s640x640/127008804_160162185804499_4606111962739211810_n.jpg?_nc_ht=scontent-lax3-2.cdninstagram.com&_nc_cat=107&_nc_ohc=X8MjPjoC9rUAX9zE-hR&tp=1&oh=413d8f48cdec60f56b897eb9a0b6d240&oe=5FEDE2FE"
    },
    {
      "src": "https://scontent-lax3-1.cdninstagram.com/v/t51.2885-15/sh0.08/e35/s640x640/127337611_814629659325629_5711906323087521754_n.jpg?_nc_ht=scontent-lax3-1.cdninstagram.com&_nc_cat=105&_nc_ohc=_a2A2KLoHj0AX9V0uAk&tp=1&oh=bbb8fafafeb58e4e43630cf998d7072a&oe=5FED0761"
    },
    {
      "src": "https://scontent-lax3-1.cdninstagram.com/v/t51.2885-15/sh0.08/e35/s640x640/126963845_745590452723321_7343665124446186485_n.jpg?_nc_ht=scontent-lax3-1.cdninstagram.com&_nc_cat=105&_nc_ohc=l1mySJH-MNcAX9tkf68&tp=1&oh=10826cafcc0f8d54406352735b5a9b2e&oe=5FEBDF37"
    },
    {
      "src": "https://scontent-lax3-2.cdninstagram.com/v/t51.2885-15/sh0.08/e35/s640x640/127094592_180725663667498_1141909814731983489_n.jpg?_nc_ht=scontent-lax3-2.cdninstagram.com&_nc_cat=106&_nc_ohc=L1jSTpHfWoYAX_l592R&tp=1&oh=b05836c8e6b5b91b70cbdf49ca55b5b1&oe=5FEB9840"
    },
    {
      "src": "https://scontent-lax3-1.cdninstagram.com/v/t51.2885-15/sh0.08/e35/s640x640/127025319_2869764503289937_984145715463456904_n.jpg?_nc_ht=scontent-lax3-1.cdninstagram.com&_nc_cat=101&_nc_ohc=8gGiasZne1YAX8HWP7T&tp=1&oh=4a4d9744754c8de801702784c9cdc2c3&oe=5FEE561B"
    },
    {
      "src": "https://scontent-lax3-1.cdninstagram.com/v/t51.2885-15/sh0.08/e35/s640x640/127169357_2790001587949212_1758617514800839995_n.jpg?_nc_ht=scontent-lax3-1.cdninstagram.com&_nc_cat=100&_nc_ohc=_IxGe0qHfFgAX9Rv6QE&tp=1&oh=552fc3e04d100bcc21f59a56d8d992cb&oe=5FEB9C0F"
    },
    {
      "src": "https://scontent-lax3-1.cdninstagram.com/v/t51.2885-15/sh0.08/e35/s640x640/126844087_1660008037514818_5061211217318437310_n.jpg?_nc_ht=scontent-lax3-1.cdninstagram.com&_nc_cat=110&_nc_ohc=o0aqV0y2jeUAX-tYWkk&tp=1&oh=2a1b958372a67cf590f28755cb46f527&oe=5FEBEE4A"
    },
    {
      "src": "https://scontent-lax3-1.cdninstagram.com/v/t51.2885-15/sh0.08/e35/s640x640/126447892_417239439276473_1201690638269250690_n.jpg?_nc_ht=scontent-lax3-1.cdninstagram.com&_nc_cat=105&_nc_ohc=gChYlyRBZmEAX-OpxH4&tp=1&oh=16a79a3b99a43e6970be344a953aab95&oe=5FEBE70A"
    },
    {
      "src": "https://scontent-lax3-1.cdninstagram.com/v/t51.2885-15/sh0.08/e35/s640x640/125915194_1540035622873917_773937519227877686_n.jpg?_nc_ht=scontent-lax3-1.cdninstagram.com&_nc_cat=109&_nc_ohc=I9KWh7AW6TIAX8MnuoJ&tp=1&oh=cadf8c4a3268fd7ff8fd8f12e6be47bb&oe=5FEC0CC5"
    },
    {
      "src": "https://scontent-lax3-1.cdninstagram.com/v/t51.2885-15/sh0.08/e35/s640x640/126159192_188944149395537_5278195950407918959_n.jpg?_nc_ht=scontent-lax3-1.cdninstagram.com&_nc_cat=105&_nc_ohc=0Rhlqd5g5TIAX-UStsp&tp=1&oh=cdc1d13fe0d6a7e469353067618b47fc&oe=5FED4C2B"
    },
    {
      "src": "https://scontent-lax3-1.cdninstagram.com/v/t51.2885-15/sh0.08/e35/s640x640/126146409_955272168294913_7012870296888154243_n.jpg?_nc_ht=scontent-lax3-1.cdninstagram.com&_nc_cat=101&_nc_ohc=_zPGbXlRFq8AX_T7KeF&tp=1&oh=6987c04dc18b45b2bf27aef7ab940adf&oe=5FEB8DDA"
    },
    {
      "src": "https://scontent-lax3-1.cdninstagram.com/v/t51.2885-15/sh0.08/e35/s640x640/125326965_975458812978508_4190263423549193100_n.jpg?_nc_ht=scontent-lax3-1.cdninstagram.com&_nc_cat=108&_nc_ohc=iNA6_RWvPB8AX9htsAh&tp=1&oh=d96ab681d5772baa30b6417b38e7f6cd&oe=5FEB72A8"
    },
    {
      "src": "https://scontent-lax3-2.cdninstagram.com/v/t51.2885-15/sh0.08/e35/s640x640/126236481_744323689508179_4110079013214133098_n.jpg?_nc_ht=scontent-lax3-2.cdninstagram.com&_nc_cat=107&_nc_ohc=zcCrJQznNJ8AX_6XZYt&tp=1&oh=12a57af5b9231dfad07fe7afc42c16f9&oe=5FEC1158"
    },
    {
      "src": "https://scontent-lax3-1.cdninstagram.com/v/t51.2885-15/sh0.08/e35/s640x640/125771861_373949700383338_3620372949028332895_n.jpg?_nc_ht=scontent-lax3-1.cdninstagram.com&_nc_cat=110&_nc_ohc=uIpX7qjQO0EAX8mrpLX&tp=1&oh=dafa10eec8cd80e2fcc1727b8c3e36fe&oe=5FEB7B46"
    },
    {
      "src": "https://scontent-lax3-1.cdninstagram.com/v/t51.2885-15/sh0.08/e35/s640x640/125766472_2604836626481151_6892346991793445066_n.jpg?_nc_ht=scontent-lax3-1.cdninstagram.com&_nc_cat=103&_nc_ohc=ZbZe24NRnB4AX8OcS80&tp=1&oh=8a50e5975de96ae987132969d257a971&oe=5FED470A"
    }
  ]
}