{
  "user_name": "ebuscotechnologies",
  "profile_photo": "https://scontent-lax3-2.cdninstagram.com/v/t51.2885-19/s150x150/51048654_391683391610729_2517564482926936064_n.jpg?_nc_ht=scontent-lax3-2.cdninstagram.com&_nc_ohc=J75ggR_mk48AX8eD47a&tp=1&oh=231882c9e6a2f6a7778339a55194081f&oe=5FEEE678",
  "name": "EBUSCO TECHNOLOGIES",
  "webiste": "https://l.instagram.com/?u=https%3A%2F%2Fwa.me%2Fmessage%2FFSGUKT37S5HJF1&e=ATNSRWAaTpyp9NZl4WgjyT1LMkt9Tprhj6Xvs3H_as0SWGgDDjTGEwy0km0snOjJNhKwgAlk3ND9ZlO6k30vOw&s=1",
  "bio": "Sales 🏷️ Service 🔧 Unlock 🔓 Flash ⚙️<br>Phones (Brand new &amp; UK Used)📱Laptops 💻  Accessories <br>08113245833. 08027561812 . 08115374028 📞",
  "category": "",
  "posts_count": "1,233",
  "followers_count": "3,016",
  "following_count": "1,594",
  "story_highlights": [
    {
      "text": "ACCESSORIES",
      "src": "https://scontent-lax3-2.cdninstagram.com/v/t51.2885-15/s150x150/117955292_119097999681520_4303551733656699620_n.jpg?_nc_ht=scontent-lax3-2.cdninstagram.com&_nc_ohc=E9ErWw8sM5YAX_UwAVE&tp=1&oh=2a71f395f95b90053c2b9d2b41eb6fe5&oe=5FEDEDAA"
    },
    {
      "text": "MIFI",
      "src": "https://scontent-lax3-2.cdninstagram.com/v/t51.2885-15/s150x150/108183160_3079531652126021_1883316605603573934_n.jpg?_nc_ht=scontent-lax3-2.cdninstagram.com&_nc_ohc=RzjY4D8X8GMAX_i4PcQ&tp=1&oh=f24f80a474a1ff8d041bafa7c4851c1f&oe=5FED1F11"
    },
    {
      "text": "PODS",
      "src": "https://scontent-lax3-2.cdninstagram.com/v/t51.2885-15/s150x150/106711532_120063479471110_5097073685939346691_n.jpg?_nc_ht=scontent-lax3-2.cdninstagram.com&_nc_ohc=tnITPTMt0AEAX_Ck3_3&tp=1&oh=a9f5b32020e2ce783d2676e715debff5&oe=5FEC1317"
    },
    {
      "text": "PS4❤️",
      "src": "https://scontent-lax3-2.cdninstagram.com/v/t51.2885-15/s150x150/106099114_315687012925096_6900639453293814125_n.jpg?_nc_ht=scontent-lax3-2.cdninstagram.com&_nc_ohc=KwCAHrCkxfAAX_V1jAc&tp=1&oh=fb1a39b01fb5b49f8fd16aa49eb658b1&oe=5FEEBF17"
    },
    {
      "text": "HIGHLIGHT",
      "src": "https://scontent-lax3-2.cdninstagram.com/v/t51.2885-15/s150x150/106119371_1705871516218208_7337840095600091624_n.jpg?_nc_ht=scontent-lax3-2.cdninstagram.com&_nc_ohc=K662CDAcsX8AX_ciAdM&tp=1&oh=37496f59cc1faf34ad3493ffe2b052b6&oe=5FEE6DA7"
    },
    {
      "text": "HIGHLIGHT",
      "src": "https://scontent-lax3-2.cdninstagram.com/v/t51.2885-15/s150x150/105949109_114422503457266_8244172424078141469_n.jpg?_nc_ht=scontent-lax3-2.cdninstagram.com&_nc_ohc=kzKq5cguEq0AX-xMtfy&tp=1&oh=f3962a9d93fece55c574d7f38d5623b1&oe=5FEE824B"
    },
    {
      "text": "STORE",
      "src": "https://scontent-lax3-2.cdninstagram.com/v/t51.2885-15/s150x150/104641744_1462469077290297_3890177696764101219_n.jpg?_nc_ht=scontent-lax3-2.cdninstagram.com&_nc_ohc=DDrtTmcKrD4AX-MY2It&tp=1&oh=6559a13462d48c03365a42fc059d62bd&oe=5FEB9567"
    },
    {
      "text": "ACCESSORIES",
      "src": "https://scontent-lax3-2.cdninstagram.com/v/t51.2885-15/s150x150/103684626_655698801691193_467577499731676086_n.jpg?_nc_ht=scontent-lax3-2.cdninstagram.com&_nc_ohc=MPiCCTdkuPQAX9fod5O&tp=1&oh=2275cc510ff0b7f6407ddbacc85f65a0&oe=5FEBCDAA"
    },
    {
      "text": "USED WATCH",
      "src": "https://scontent-lax3-2.cdninstagram.com/v/t51.2885-15/s150x150/82226375_739710913524566_4756897609153913377_n.jpg?_nc_ht=scontent-lax3-2.cdninstagram.com&_nc_ohc=tKvjS6rrRiIAX8yz9Uv&tp=1&oh=f9ee88d7ed9c60743a8cdf3e05a5502b&oe=5FEB3EE4"
    },
    {
      "text": "JBL SPEAKERS",
      "src": "https://scontent-lax3-2.cdninstagram.com/v/t51.2885-15/s150x150/103705066_957798481340583_3455848339681004572_n.jpg?_nc_ht=scontent-lax3-2.cdninstagram.com&_nc_ohc=RQAMttp5_90AX8IaYhI&tp=1&oh=d431516434d6e6b7aeb95a852d6d5532&oe=5FEEDE71"
    },
    {
      "text": "CHILDREN TABS",
      "src": "https://scontent-lax3-2.cdninstagram.com/v/t51.2885-15/s150x150/104056545_261054021840888_1799827824673892235_n.jpg?_nc_ht=scontent-lax3-2.cdninstagram.com&_nc_ohc=osrYIs762cYAX8OwCP8&tp=1&oh=4c952974877a20f8299c5c7d55e6b51e&oe=5FECB9F1"
    },
    {
      "text": "DELIVERY",
      "src": "https://scontent-lax3-2.cdninstagram.com/v/t51.2885-15/s150x150/104238842_906124496518553_8007931585424338064_n.jpg?_nc_ht=scontent-lax3-2.cdninstagram.com&_nc_ohc=HlyhRDv2ZEEAX96sQu4&tp=1&oh=39c588fdf994aa45564eab24df877ba4&oe=5FEE69AA"
    },
    {
      "text": "ENQUIRIES",
      "src": "https://scontent-lax3-1.cdninstagram.com/v/t51.12442-15/e35/c0.312.720.720a/s150x150/67905924_401385493913847_5235302255498982454_n.jpg?_nc_ht=scontent-lax3-1.cdninstagram.com&_nc_cat=103&_nc_ohc=6r36_RhHKGUAX-IByW1&tp=1&oh=e233ed52d0d437254911c6c73fb92ae7&oe=5FC57C30"
    }
  ],
  "posts": [
    {
      "src": "https://scontent-lax3-1.cdninstagram.com/v/t51.2885-15/sh0.08/e35/s640x640/127750407_660879647820332_3368828655772085031_n.jpg?_nc_ht=scontent-lax3-1.cdninstagram.com&_nc_cat=108&_nc_ohc=9zwintaYp4UAX_j22ER&tp=1&oh=812527e3207aac6bff7f255b85d3c767&oe=5FECCE91"
    },
    {
      "src": "https://scontent-lax3-1.cdninstagram.com/v/t51.2885-15/e35/127706936_194658512245292_3309966965253194133_n.jpg?_nc_ht=scontent-lax3-1.cdninstagram.com&_nc_cat=108&_nc_ohc=RvMwPtPopSQAX_8oO0F&tp=1&oh=df2ce4adebce06cef80541892cdfb14e&oe=5FC5B202"
    },
    {
      "src": "https://scontent-lax3-1.cdninstagram.com/v/t51.2885-15/sh0.08/e35/s640x640/127419837_373665567227686_6348170201097086320_n.jpg?_nc_ht=scontent-lax3-1.cdninstagram.com&_nc_cat=110&_nc_ohc=fgsDRFxTZ6IAX_YWcxZ&tp=1&oh=902c53f193e8c30c823b35fe03f4a581&oe=5FEE8CCB"
    },
    {
      "src": "https://scontent-lax3-1.cdninstagram.com/v/t51.2885-15/sh0.08/e35/s640x640/127636595_1079064452525926_359014460108580254_n.jpg?_nc_ht=scontent-lax3-1.cdninstagram.com&_nc_cat=110&_nc_ohc=3RlLUrnaN00AX_FmT9O&tp=1&oh=91de25b53829400c4f179eb20e3d2bde&oe=5FEC2A3B"
    },
    {
      "src": "https://scontent-lax3-1.cdninstagram.com/v/t51.2885-15/sh0.08/e35/s640x640/127299018_513040542985320_8214743342978314502_n.jpg?_nc_ht=scontent-lax3-1.cdninstagram.com&_nc_cat=100&_nc_ohc=JlhfwL-5IeEAX-1UJV_&tp=1&oh=01076995f645caafe2faf0eb4cbac889&oe=5FEDE9F1"
    },
    {
      "src": "https://scontent-lax3-1.cdninstagram.com/v/t51.2885-15/sh0.08/e35/s640x640/127709441_579197780143544_5234590322537336907_n.jpg?_nc_ht=scontent-lax3-1.cdninstagram.com&_nc_cat=108&_nc_ohc=n_GW3b7_ktYAX9C_eaQ&tp=1&oh=9b7ff54cc7b2bc5d1039fe72e3fa426c&oe=5FEB3E0E"
    },
    {
      "src": "https://scontent-lax3-1.cdninstagram.com/v/t51.2885-15/sh0.08/e35/s640x640/127589975_178377950604733_623294330822546436_n.jpg?_nc_ht=scontent-lax3-1.cdninstagram.com&_nc_cat=101&_nc_ohc=VlhSMhqFHBcAX8SMUfs&tp=1&oh=f4d11c23de93f25dee9f8f94f3e97663&oe=5FC59D62"
    },
    {
      "src": "https://scontent-lax3-1.cdninstagram.com/v/t51.2885-15/sh0.08/e35/s640x640/128199547_736860380269985_8683419823527576955_n.jpg?_nc_ht=scontent-lax3-1.cdninstagram.com&_nc_cat=105&_nc_ohc=8TcnxDot1k4AX-pV2Ba&tp=1&oh=6a51123ab43b8e24c9dfcf81e5b5527c&oe=5FC5D5DD"
    },
    {
      "src": "https://scontent-lax3-1.cdninstagram.com/v/t51.2885-15/sh0.08/e35/s640x640/127318607_142349977229621_4002751668167891782_n.jpg?_nc_ht=scontent-lax3-1.cdninstagram.com&_nc_cat=105&_nc_ohc=ZB5iW27jBDEAX_BgScu&tp=1&oh=30d2d6b5ae48beced3e79b4deee3ca9f&oe=5FC5C250"
    },
    {
      "src": "https://scontent-lax3-2.cdninstagram.com/v/t51.2885-15/sh0.08/e35/s640x640/127681470_205786967699623_2553945491909584681_n.jpg?_nc_ht=scontent-lax3-2.cdninstagram.com&_nc_cat=107&_nc_ohc=HB3-AJImeNkAX-NsDOj&tp=1&oh=788708f04b1e08c42475db3c9730b44f&oe=5FC6130A"
    },
    {
      "src": "https://scontent-lax3-1.cdninstagram.com/v/t51.2885-15/sh0.08/e35/s640x640/127331751_3780265188659340_8587971987238035547_n.jpg?_nc_ht=scontent-lax3-1.cdninstagram.com&_nc_cat=100&_nc_ohc=xDTYoFVRJQIAX8CuKli&tp=1&oh=8e013773c3c7e4b28edb83c53dd1ec83&oe=5FEE1F4F"
    },
    {
      "src": "https://scontent-lax3-1.cdninstagram.com/v/t51.2885-15/sh0.08/e35/s640x640/127813540_364668151293185_6458764462877290663_n.jpg?_nc_ht=scontent-lax3-1.cdninstagram.com&_nc_cat=105&_nc_ohc=0B548WQEMrsAX-0UHtP&tp=1&oh=0f0aee9d1f68c6726f01b0680e37741c&oe=5FEB9BBB"
    },
    {
      "src": "https://scontent-lax3-1.cdninstagram.com/v/t51.2885-15/sh0.08/e35/s640x640/126998370_205106377836315_573982073884903928_n.jpg?_nc_ht=scontent-lax3-1.cdninstagram.com&_nc_cat=103&_nc_ohc=vaZoqdRGs_MAX-2OhaL&tp=1&oh=1a3ee5a60d8e7411ddab21a92fd03618&oe=5FEBB299"
    },
    {
      "src": "https://scontent-lax3-1.cdninstagram.com/v/t51.2885-15/sh0.08/e35/c0.179.1440.1440a/s640x640/127608864_3576103579121666_8403683514198069997_n.jpg?_nc_ht=scontent-lax3-1.cdninstagram.com&_nc_cat=102&_nc_ohc=9AfmptZfvKQAX9DuUzk&tp=1&oh=273ff470a9e85f2e132f592492ad75d1&oe=5FEDA869"
    },
    {
      "src": "https://scontent-lax3-1.cdninstagram.com/v/t51.2885-15/sh0.08/e35/s640x640/126867096_654935241855564_1433011417252857453_n.jpg?_nc_ht=scontent-lax3-1.cdninstagram.com&_nc_cat=100&_nc_ohc=YpaUScLa8VoAX-83c7K&tp=1&oh=48b18ad8c4435bb400921a7ce09f90b6&oe=5FC60D51"
    },
    {
      "src": "https://scontent-lax3-2.cdninstagram.com/v/t51.2885-15/sh0.08/e35/s640x640/127266342_368654394416087_52910439895246208_n.jpg?_nc_ht=scontent-lax3-2.cdninstagram.com&_nc_cat=111&_nc_ohc=RTy_Sxei8n8AX_KaK4D&tp=1&oh=8515e9560722dbf149042bc05855aae2&oe=5FEC19F5"
    },
    {
      "src": "https://scontent-lax3-2.cdninstagram.com/v/t51.2885-15/sh0.08/e35/s640x640/127276611_394830954902898_4920803227812634813_n.jpg?_nc_ht=scontent-lax3-2.cdninstagram.com&_nc_cat=106&_nc_ohc=qinrH6StiTsAX-6q64i&tp=1&oh=93f231b61de9f8643b5166771a91feca&oe=5FC5D7BC"
    },
    {
      "src": "https://scontent-lax3-1.cdninstagram.com/v/t51.2885-15/sh0.08/e35/s640x640/127283441_753663865236464_5329127802582589775_n.jpg?_nc_ht=scontent-lax3-1.cdninstagram.com&_nc_cat=108&_nc_ohc=9vZmT29R30UAX-MMV6u&tp=1&oh=531f67bba1c37f17f74be9ba9ccdf5f0&oe=5FC58926"
    },
    {
      "src": "https://scontent-lax3-1.cdninstagram.com/v/t51.2885-15/sh0.08/e35/c0.32.1303.1303a/s640x640/125825157_454961212152777_5778100763257584409_n.jpg?_nc_ht=scontent-lax3-1.cdninstagram.com&_nc_cat=109&_nc_ohc=G4Uq9jLFaC8AX8DgQG3&tp=1&oh=95fd0e287bae04fd99ea27db3f33675b&oe=5FED6BE1"
    },
    {
      "src": "https://scontent-lax3-2.cdninstagram.com/v/t51.2885-15/sh0.08/e35/s640x640/126835066_398717034612487_8342974851476568133_n.jpg?_nc_ht=scontent-lax3-2.cdninstagram.com&_nc_cat=107&_nc_ohc=flJE43t2MjoAX80pXxN&tp=1&oh=948c1c0d887258aa5430a912b8848117&oe=5FEE5184"
    },
    {
      "src": "https://scontent-lax3-2.cdninstagram.com/v/t51.2885-15/sh0.08/e35/s640x640/126796464_709469653108363_6788218666929744962_n.jpg?_nc_ht=scontent-lax3-2.cdninstagram.com&_nc_cat=107&_nc_ohc=sEL8bgZ1DysAX_A_Zdm&tn=hc_cd7SiRReDNUW5&tp=1&oh=a349bbb03b2492c76d0d6dd2b9fb4be0&oe=5FC5CD27"
    },
    {
      "src": "https://scontent-lax3-1.cdninstagram.com/v/t51.2885-15/sh0.08/e35/s640x640/126720623_1264499967249489_3724720090590232645_n.jpg?_nc_ht=scontent-lax3-1.cdninstagram.com&_nc_cat=109&_nc_ohc=c6HkkofRAZEAX9Pw_Oz&tp=1&oh=5c9780452b1206f23478cc10bb2fc7ff&oe=5FEDA522"
    },
    {
      "src": "https://scontent-lax3-1.cdninstagram.com/v/t51.2885-15/sh0.08/e35/s640x640/126421298_429291271400745_3530158918300272633_n.jpg?_nc_ht=scontent-lax3-1.cdninstagram.com&_nc_cat=109&_nc_ohc=CvptN0iZvn4AX8kYyu-&tp=1&oh=16cd7bc943aa0c4cdd981b2fc567c4fb&oe=5FC5A323"
    },
    {
      "src": "https://scontent-lax3-1.cdninstagram.com/v/t51.2885-15/sh0.08/e35/s640x640/126882292_2668064380125622_64189048993591576_n.jpg?_nc_ht=scontent-lax3-1.cdninstagram.com&_nc_cat=110&_nc_ohc=EyVy75V2BoEAX-uMFqh&tp=1&oh=a40300721fe898f9defd2e0403624158&oe=5FED7A8B"
    }
  ]
}