{
  "user_name": "emobilestores",
  "profile_photo": "https://scontent-lax3-2.cdninstagram.com/v/t51.2885-19/s150x150/47192107_1961041213964081_8796048663785766912_n.jpg?_nc_ht=scontent-lax3-2.cdninstagram.com&_nc_ohc=R66PLyOc3V8AX_CDZ2k&tp=1&oh=2918bb7e29e361b19f4bb77e970b2d69&oe=5FEEC6F1",
  "name": "phone | Laptop | accessories",
  "webiste": "https://l.instagram.com/?u=http%3A%2F%2Fwww.emobilestores.com.ng%2F&e=ATPzrXQMZK49WwnJwjigt3G12dCnvwzjtty2soJFKtNd2oc4lVO1IzseOuZgpieBZwDwY5DsrB5eDMdkBzfZTA&s=1",
  "bio": "Buy | Sell | Swap<br>Best store to get quality gadget and best price in the market <br>Whatsapp: 08131220449<br>Call<br>•08131220449  <br>•09079089383<br>‭•08077432628‬",
  "category": "",
  "posts_count": "3,365",
  "followers_count": "109k",
  "following_count": "644",
  "story_highlights": [
    {
      "src": "Highlights",
      "text": "https://scontent-lax3-2.cdninstagram.com/v/t51.2885-15/e15/c0.248.640.640a/s150x150/125911424_307710840269003_2701289397714840894_n.jpg?_nc_ht=scontent-lax3-2.cdninstagram.com&_nc_cat=111&_nc_ohc=EEs6krJBa7kAX8p8PUI&tp=1&oh=d7f19356ef775a82932d785652f6365a&oe=5FC5B229"
    },
    {
      "src": "Highlights",
      "text": "https://scontent-lax3-1.cdninstagram.com/v/t51.2885-15/e15/c0.280.720.720a/s150x150/125428793_1453797421482266_8733395996324409830_n.jpg?_nc_ht=scontent-lax3-1.cdninstagram.com&_nc_cat=102&_nc_ohc=6Sbw3y1ZVFAAX_W5Eae&tp=1&oh=bcc482f6bd661126c3e4e4c5da9fc59f&oe=5FC5E0DC"
    },
    {
      "src": "Highlights",
      "text": "https://scontent-lax3-1.cdninstagram.com/v/t51.2885-15/e15/c0.280.720.720a/s150x150/122406472_357269432371617_3500723949498280246_n.jpg?_nc_ht=scontent-lax3-1.cdninstagram.com&_nc_cat=109&_nc_ohc=9YR3AyxIHx0AX-nqJhS&tp=1&oh=6ca6c5df952f37663616d719268df81d&oe=5FC5772A"
    },
    {
      "src": "Highlights",
      "text": "https://scontent-lax3-1.cdninstagram.com/v/t51.2885-15/e15/c0.280.720.720a/s150x150/122164124_187249512909458_1504527884584398623_n.jpg?_nc_ht=scontent-lax3-1.cdninstagram.com&_nc_cat=102&_nc_ohc=ET1lF3Pb3uAAX8TEYnY&tp=1&oh=02fe4e25bd7b29fcafe38f9101566df0&oe=5FC5AB74"
    },
    {
      "src": "Highlights",
      "text": "https://scontent-lax3-2.cdninstagram.com/v/t51.2885-15/e15/c0.420.1080.1080a/s150x150/121481831_774221343430926_917421577060563053_n.jpg?_nc_ht=scontent-lax3-2.cdninstagram.com&_nc_cat=106&_nc_ohc=Nq86kWXPIGkAX8PY2-_&tp=1&oh=d677eb00960219386970045031c065ec&oe=5FC5A7AE"
    },
    {
      "src": "Highlights",
      "text": "https://scontent-lax3-1.cdninstagram.com/v/t51.12442-15/e15/c0.280.720.720a/s150x150/49906770_742433576143394_6812422913253862838_n.jpg?_nc_ht=scontent-lax3-1.cdninstagram.com&_nc_cat=102&_nc_ohc=uUuw0-05PMcAX8zs3BO&tp=1&oh=1be0b27fb0da13e32bf01e28ef92701d&oe=5FC5A8BF"
    }
  ],
  "posts": [
    {
      "src": "https://scontent-lax3-2.cdninstagram.com/v/t51.2885-15/sh0.08/e35/s640x640/127108410_397962954976386_4763513183908691454_n.jpg?_nc_ht=scontent-lax3-2.cdninstagram.com&_nc_cat=106&_nc_ohc=3KCY5xnG3Y4AX-e2eJb&tp=1&oh=c58dd08845bda105a6c99bf8fb242046&oe=5FEDA662"
    },
    {
      "src": "https://scontent-lax3-2.cdninstagram.com/v/t51.2885-15/sh0.08/e35/c180.0.1080.1080a/s640x640/128109207_292900858713731_8858584155604255366_n.jpg?_nc_ht=scontent-lax3-2.cdninstagram.com&_nc_cat=111&_nc_ohc=hBTgEpZmoSQAX97Wtnd&tp=1&oh=44fa6dc58f48e4e3a95dfd7e6499dc8d&oe=5FEB522C"
    },
    {
      "src": "https://scontent-lax3-1.cdninstagram.com/v/t51.2885-15/sh0.08/e35/s640x640/127606726_986733131815601_4281367197157674792_n.jpg?_nc_ht=scontent-lax3-1.cdninstagram.com&_nc_cat=105&_nc_ohc=SwvL9tWsKuwAX-1EtpQ&tp=1&oh=c17ec925416e1199ecaf5c3b882cae40&oe=5FC5FE9C"
    },
    {
      "src": "https://scontent-lax3-1.cdninstagram.com/v/t51.2885-15/sh0.08/e35/c89.0.872.872a/s640x640/127476312_399759724709449_5813706592639632823_n.jpg?_nc_ht=scontent-lax3-1.cdninstagram.com&_nc_cat=101&_nc_ohc=PEVnuJH8E1cAX9eIwO0&tp=1&oh=6952fb82752fa2b21c82fac5daff4c55&oe=5FEE92DB"
    },
    {
      "src": "https://scontent-lax3-2.cdninstagram.com/v/t51.2885-15/sh0.08/e35/s640x640/128575876_818175349005535_8267281814778713281_n.jpg?_nc_ht=scontent-lax3-2.cdninstagram.com&_nc_cat=107&_nc_ohc=jXFGQ1F3i9UAX9CiljN&tp=1&oh=41b6dcc59c32159c81f453e7179c3095&oe=5FECDB60"
    },
    {
      "src": "https://scontent-lax3-1.cdninstagram.com/v/t51.2885-15/sh0.08/e35/s640x640/127813540_418266252533810_8792944233674310952_n.jpg?_nc_ht=scontent-lax3-1.cdninstagram.com&_nc_cat=102&_nc_ohc=LPgw4vbEn88AX_j_esx&tp=1&oh=f82868ebbe943b5c76d0c5a18d98f9b9&oe=5FEEC3C6"
    },
    {
      "src": "https://scontent-lax3-2.cdninstagram.com/v/t51.2885-15/sh0.08/e35/c0.180.1440.1440a/s640x640/126236480_2804944956493031_391376225775831170_n.jpg?_nc_ht=scontent-lax3-2.cdninstagram.com&_nc_cat=111&_nc_ohc=6nhEax2fqn4AX_X87vH&tp=1&oh=c02c161e0316cd05f4038a5cee91d264&oe=5FEBFA4E"
    },
    {
      "src": "https://scontent-lax3-1.cdninstagram.com/v/t51.2885-15/sh0.08/e35/c4.0.1233.1233a/s640x640/127266340_997222974121251_5823199174373271141_n.jpg?_nc_ht=scontent-lax3-1.cdninstagram.com&_nc_cat=103&_nc_ohc=XsDTXxnQc4QAX9Mq5TW&tp=1&oh=3d35a836c22cf2e2b1de34a160265a69&oe=5FECA875"
    },
    {
      "src": "https://scontent-lax3-2.cdninstagram.com/v/t51.2885-15/sh0.08/e35/s640x640/126199022_704586907145791_3825570749224531169_n.jpg?_nc_ht=scontent-lax3-2.cdninstagram.com&_nc_cat=107&_nc_ohc=wsjRjjQrOnIAX9Zqah_&tp=1&oh=042f0c47c5b63003773a8e681aa86c3b&oe=5FEE23F5"
    },
    {
      "src": "https://scontent-lax3-2.cdninstagram.com/v/t51.2885-15/sh0.08/e35/c0.178.1440.1440a/s640x640/127280296_1572705632916671_2200264362783629053_n.jpg?_nc_ht=scontent-lax3-2.cdninstagram.com&_nc_cat=111&_nc_ohc=kSuX3poTWLMAX9c16kz&tp=1&oh=959343679aae8d6ec7f6d35708ba8a9d&oe=5FEE2449"
    },
    {
      "src": "https://scontent-lax3-2.cdninstagram.com/v/t51.2885-15/sh0.08/e35/s640x640/127408309_1278760819159175_1940447828338806483_n.jpg?_nc_ht=scontent-lax3-2.cdninstagram.com&_nc_cat=111&_nc_ohc=c_UrmR5qprYAX_ykEyn&tp=1&oh=8e18e9edc0b682c2fd39bbd5c6cdf789&oe=5FED85E7"
    },
    {
      "src": "https://scontent-lax3-1.cdninstagram.com/v/t51.2885-15/sh0.08/e35/c89.0.871.871a/s640x640/127077084_295603671913813_3443441029900213947_n.jpg?_nc_ht=scontent-lax3-1.cdninstagram.com&_nc_cat=101&_nc_ohc=3Fhmr5ApqZsAX-KOFkx&tp=1&oh=5187faeb6b091a1c36af439867c3a482&oe=5FEBF8AA"
    },
    {
      "src": "https://scontent-lax3-1.cdninstagram.com/v/t51.2885-15/sh0.08/e35/s640x640/127253797_192688539081278_5947842882529835658_n.jpg?_nc_ht=scontent-lax3-1.cdninstagram.com&_nc_cat=102&_nc_ohc=D6iMy6RrGeEAX89jpnt&tp=1&oh=d24fb1652ab68ee8895b59aa660543e5&oe=5FEC4E12"
    },
    {
      "src": "https://scontent-lax3-1.cdninstagram.com/v/t51.2885-15/sh0.08/e35/c0.175.1440.1440a/s640x640/127958557_414312463090358_7733316769404064702_n.jpg?_nc_ht=scontent-lax3-1.cdninstagram.com&_nc_cat=102&_nc_ohc=plQzVADA2TAAX9ewKcj&tp=1&oh=90f6c5ef902468521509ed58f0f6e024&oe=5FED26BB"
    },
    {
      "src": "https://scontent-lax3-2.cdninstagram.com/v/t51.2885-15/sh0.08/e35/s640x640/127025322_226679075490631_7957618906849392211_n.jpg?_nc_ht=scontent-lax3-2.cdninstagram.com&_nc_cat=107&_nc_ohc=ijcUpp5z3C0AX-sMiRp&tp=1&oh=c395261e7ee015853a49f38c6a9bce41&oe=5FEED3D3"
    },
    {
      "src": "https://scontent-lax3-1.cdninstagram.com/v/t51.2885-15/sh0.08/e35/c3.0.1227.1227a/s640x640/126114059_731516530784345_7343420839527413675_n.jpg?_nc_ht=scontent-lax3-1.cdninstagram.com&_nc_cat=105&_nc_ohc=7UN5C6gbu-IAX9SUNR0&tp=1&oh=77ba2ee0e511b1a59af6c74ff00232c0&oe=5FEDB28B"
    },
    {
      "src": "https://scontent-lax3-1.cdninstagram.com/v/t51.2885-15/sh0.08/e35/s640x640/125910695_3541737575935584_445455649939601899_n.jpg?_nc_ht=scontent-lax3-1.cdninstagram.com&_nc_cat=100&_nc_ohc=hJ2JREqOY-QAX9jtauv&tp=1&oh=5145a7b6e5325caa0b09d9350c1d5fec&oe=5FEE3F95"
    },
    {
      "src": "https://scontent-lax3-1.cdninstagram.com/v/t51.2885-15/sh0.08/e35/c0.143.1440.1440a/s640x640/127181488_369636394360672_7069196723777208588_n.jpg?_nc_ht=scontent-lax3-1.cdninstagram.com&_nc_cat=104&_nc_ohc=E0Xzp4qnoB8AX8gltHp&tp=1&oh=7a77be8e4d391726804bec450b9b0725&oe=5FEE4469"
    },
    {
      "src": "https://scontent-lax3-1.cdninstagram.com/v/t51.2885-15/sh0.08/e35/s640x640/127005019_709371313289960_2119514750177986431_n.jpg?_nc_ht=scontent-lax3-1.cdninstagram.com&_nc_cat=108&_nc_ohc=rYc_O01fzd4AX8qTZ9v&tp=1&oh=b7c52666648910b6f4499b9997a174d4&oe=5FEE4B06"
    },
    {
      "src": "https://scontent-lax3-1.cdninstagram.com/v/t51.2885-15/sh0.08/e35/s640x640/126269820_1198927397168973_2613395919300803290_n.jpg?_nc_ht=scontent-lax3-1.cdninstagram.com&_nc_cat=109&_nc_ohc=fkw1FYM8BVsAX_ej4Sr&tp=1&oh=6a23752ac885a73cb49ea924f797f6af&oe=5FEDF3C3"
    },
    {
      "src": "https://scontent-lax3-1.cdninstagram.com/v/t51.2885-15/sh0.08/e35/c160.0.920.920a/s640x640/125910736_1294280347598296_1839833590193907143_n.jpg?_nc_ht=scontent-lax3-1.cdninstagram.com&_nc_cat=104&_nc_ohc=DSEs4JZrOqQAX8l6d9p&tp=1&oh=d9632ccbf0804e1bca887ee0da9980f9&oe=5FEEE1EE"
    },
    {
      "src": "https://scontent-lax3-2.cdninstagram.com/v/t51.2885-15/sh0.08/e35/s640x640/127283741_666321257367390_2912740932461068714_n.jpg?_nc_ht=scontent-lax3-2.cdninstagram.com&_nc_cat=106&_nc_ohc=w-uwb2jRRcQAX_lFrJS&tp=1&oh=c1d674576d62364c7dbf252a379668fe&oe=5FED6B51"
    },
    {
      "src": "https://scontent-lax3-1.cdninstagram.com/v/t51.2885-15/sh0.08/e35/s640x640/127009475_372968643763620_7284576730701663151_n.jpg?_nc_ht=scontent-lax3-1.cdninstagram.com&_nc_cat=100&_nc_ohc=K3aze2dvg48AX_r3SKT&tp=1&oh=0201703da7f4c8def7bc2c4ff8c8482b&oe=5FED4C4B"
    },
    {
      "src": "https://scontent-lax3-2.cdninstagram.com/v/t51.2885-15/sh0.08/e35/s640x640/127107347_194312675502966_2228288837018985290_n.jpg?_nc_ht=scontent-lax3-2.cdninstagram.com&_nc_cat=106&_nc_ohc=EuG8w6TNLEoAX8gyvP4&tp=1&oh=45f9f19235fbd4c6fb6066ec29be9233&oe=5FEC0527"
    }
  ]
}