{
  "user_name": "ezzylinkgadgets",
  "profile_photo": "https://scontent-lax3-2.cdninstagram.com/v/t51.2885-19/s150x150/81484645_759083884574777_6060679641885048832_n.jpg?_nc_ht=scontent-lax3-2.cdninstagram.com&_nc_ohc=xE8M6nS5CeYAX-a_0O3&tp=1&oh=3c31796e021b6282e1a1b408531dee68&oe=5FEC4EA9",
  "name": "Ezzylink Gadgets",
  "webiste": "https://l.instagram.com/?u=https%3A%2F%2Fwa.me%2F2348078335405&e=ATOM_ZEj8FP0IzySf9KI_sjRR9B9RevaXqQT-eVEexPs8s0K8NxFz741aqvfG0NGnIhnTrlxE66HFyuDb1o5Kg&s=1",
  "bio": "Your no 1 online/offline store, for smart phones laptops &amp; accessories. New and old gadgets available.",
  "category": "",
  "posts_count": "802",
  "followers_count": "7,667",
  "following_count": "471",
  "story_highlights": [
    {
      "text": "Ezzy",
      "src": "https://scontent-lax3-1.cdninstagram.com/v/t51.2885-15/e15/c0.280.720.720a/s150x150/117537335_351338122933553_6867616001352206251_n.jpg?_nc_ht=scontent-lax3-1.cdninstagram.com&_nc_cat=105&_nc_ohc=xKc88MP8GRwAX-T2caR&tp=1&oh=70b8b563db9d8dcff61ce1a7d3d32c64&oe=5FC570F5"
    },
    {
      "text": "Office hrs",
      "src": "https://scontent-lax3-1.cdninstagram.com/v/t51.12442-15/e35/c0.483.1242.1242a/s150x150/82882352_178509720077332_5158820346887877440_n.jpg?_nc_ht=scontent-lax3-1.cdninstagram.com&_nc_cat=104&_nc_ohc=1twOPn4hlQsAX-tg9-s&tp=1&oh=46fab7977a302ce74e053efd25e5b752&oe=5FC60F58"
    },
    {
      "text": "Delivery 🚚",
      "src": "https://scontent-lax3-1.cdninstagram.com/v/t51.2885-15/e35/c0.437.1125.1125a/s150x150/117433863_1710797709076497_5370494064043482994_n.jpg?_nc_ht=scontent-lax3-1.cdninstagram.com&_nc_cat=109&_nc_ohc=205vC8vmrJkAX-e52ZE&tp=1&oh=eabbcf4271d36c617c3843e2949a8aad&oe=5FC5A8C8"
    },
    {
      "text": "black Friday",
      "src": "https://scontent-lax3-1.cdninstagram.com/v/t51.12442-15/e35/c0.506.1080.1080a/s150x150/74603525_281638699477604_6512915541983487103_n.jpg?_nc_ht=scontent-lax3-1.cdninstagram.com&_nc_cat=108&_nc_ohc=r8pzCRziptgAX85oWj-&tp=1&oh=7c354860ae7aaa9b4236268154b9c796&oe=5FC59370"
    },
    {
      "text": "black Friday",
      "src": "https://scontent-lax3-1.cdninstagram.com/v/t51.12442-15/e35/c0.506.1080.1080a/s150x150/74603525_281638699477604_6512915541983487103_n.jpg?_nc_ht=scontent-lax3-1.cdninstagram.com&_nc_cat=108&_nc_ohc=r8pzCRziptgAX85oWj-&tp=1&oh=7c354860ae7aaa9b4236268154b9c796&oe=5FC59370"
    },
    {
      "text": "black Friday",
      "src": "https://scontent-lax3-1.cdninstagram.com/v/t51.12442-15/e35/c0.506.1080.1080a/s150x150/74603525_281638699477604_6512915541983487103_n.jpg?_nc_ht=scontent-lax3-1.cdninstagram.com&_nc_cat=108&_nc_ohc=r8pzCRziptgAX85oWj-&tp=1&oh=7c354860ae7aaa9b4236268154b9c796&oe=5FC59370"
    },
    {
      "text": "Happy customer",
      "src": "https://scontent-lax3-1.cdninstagram.com/v/t51.12442-15/e35/c0.507.1080.1080a/s150x150/73480788_575443143206469_2488055273019057359_n.jpg?_nc_ht=scontent-lax3-1.cdninstagram.com&_nc_cat=109&_nc_ohc=3KVo-EenLZMAX8clyUZ&tp=1&oh=ba4ccab4f6d4cce5d17ef5c7a575ad69&oe=5FC57918"
    }
  ],
  "posts": [
    {
      "src": "https://scontent-lax3-2.cdninstagram.com/v/t51.2885-15/sh0.08/e35/c0.14.1228.1228a/s640x640/127942138_380956806481619_5177573877995140288_n.jpg?_nc_ht=scontent-lax3-2.cdninstagram.com&_nc_cat=111&_nc_ohc=k-UHMuqiA0YAX-k-df7&tp=1&oh=2eac872d83b3d67264d4edeb4e1697e4&oe=5FEBFC39"
    },
    {
      "src": "https://scontent-lax3-1.cdninstagram.com/v/t51.2885-15/sh0.08/e35/s640x640/128651310_128467765531269_7041522255562831118_n.jpg?_nc_ht=scontent-lax3-1.cdninstagram.com&_nc_cat=109&_nc_ohc=7_guHCuIF60AX_bvbIs&tp=1&oh=d2ff81904d661ad03ae59aa79d617ad9&oe=5FED3CA5"
    },
    {
      "src": "https://scontent-lax3-2.cdninstagram.com/v/t51.2885-15/sh0.08/e35/c0.96.1440.1440a/s640x640/127288994_184861329938166_2693767315942329674_n.jpg?_nc_ht=scontent-lax3-2.cdninstagram.com&_nc_cat=106&_nc_ohc=gUMV-VAlVZkAX9xQ4Jk&tp=1&oh=b13f4562eae923c208b7a330bf385e79&oe=5FEC6E78"
    },
    {
      "src": "https://scontent-lax3-1.cdninstagram.com/v/t51.2885-15/sh0.08/e35/s640x640/127162655_2026533310814794_619888504957559415_n.jpg?_nc_ht=scontent-lax3-1.cdninstagram.com&_nc_cat=110&_nc_ohc=PeMrudYi68gAX8E6ySi&tp=1&oh=f19433f71773a86ec8ecaf161a0fff5e&oe=5FEEA45F"
    },
    {
      "src": "https://scontent-lax3-1.cdninstagram.com/v/t51.2885-15/sh0.08/e35/s640x640/127285199_2816215751952421_3793580939571080392_n.jpg?_nc_ht=scontent-lax3-1.cdninstagram.com&_nc_cat=101&_nc_ohc=fDlN7_vK_twAX_OVkjH&tp=1&oh=21df944dcb31fa7a6c1928acbc65d5e9&oe=5FEC5EF7"
    },
    {
      "src": "https://scontent-lax3-1.cdninstagram.com/v/t51.2885-15/sh0.08/e35/c0.90.720.720a/s640x640/127285239_3252355891543229_8564050568691647214_n.jpg?_nc_ht=scontent-lax3-1.cdninstagram.com&_nc_cat=105&_nc_ohc=M3Z6a-tQ7QEAX--nRGj&tp=1&oh=c168366f65413ce552a8757e1d628cd3&oe=5FC6003A"
    },
    {
      "src": "https://scontent-lax3-1.cdninstagram.com/v/t51.2885-15/sh0.08/e35/s640x640/126933586_698117794233389_2033198979916920625_n.jpg?_nc_ht=scontent-lax3-1.cdninstagram.com&_nc_cat=105&_nc_ohc=dms3zikus0IAX-hMzJk&tp=1&oh=cf38dbdfa1fbba0f42e1c737400907a2&oe=5FEB5DFB"
    },
    {
      "src": "https://scontent-lax3-1.cdninstagram.com/v/t51.2885-15/sh0.08/e35/s640x640/127087475_3828110800578764_7701823139023953018_n.jpg?_nc_ht=scontent-lax3-1.cdninstagram.com&_nc_cat=108&_nc_ohc=9SmW2JSWrdIAX-s1hf6&tp=1&oh=7b38f9ad267af10ac86a2511a82aaf97&oe=5FEEC71C"
    },
    {
      "src": "https://scontent-lax3-1.cdninstagram.com/v/t51.2885-15/sh0.08/e35/s640x640/126902453_413176113158145_1236076846943628266_n.jpg?_nc_ht=scontent-lax3-1.cdninstagram.com&_nc_cat=109&_nc_ohc=6XGCMS7emS0AX9fnooq&tp=1&oh=7aa7263f2f05433f25ba23c08eb6396c&oe=5FEC7503"
    },
    {
      "src": "https://scontent-lax3-1.cdninstagram.com/v/t51.2885-15/sh0.08/e35/c0.180.1440.1440a/s640x640/127163816_381830109688173_1270906284234445101_n.jpg?_nc_ht=scontent-lax3-1.cdninstagram.com&_nc_cat=109&_nc_ohc=ebMKijiptK8AX8WqRTg&tp=1&oh=03012b58b4a7b9158b9831ced7104bc8&oe=5FEE268D"
    },
    {
      "src": "https://scontent-lax3-1.cdninstagram.com/v/t51.2885-15/sh0.08/e35/s640x640/126865024_753793412153301_1635336092641540109_n.jpg?_nc_ht=scontent-lax3-1.cdninstagram.com&_nc_cat=109&_nc_ohc=1yC5pLTV-TkAX-Ht92A&tp=1&oh=d7c970b36471575a3e0e8b4e05d6e7b0&oe=5FED2575"
    },
    {
      "src": "https://scontent-lax3-2.cdninstagram.com/v/t51.2885-15/sh0.08/e35/c0.0.1439.1439a/s640x640/126112277_790242708226559_4749300156843845467_n.jpg?_nc_ht=scontent-lax3-2.cdninstagram.com&_nc_cat=111&_nc_ohc=AGN_HFJXFq8AX9k2JqN&tp=1&oh=9d57c1e53f2345c199c101ca8142b43f&oe=5FEC8395"
    },
    {
      "src": "https://scontent-lax3-1.cdninstagram.com/v/t51.2885-15/sh0.08/e35/s640x640/126169056_220818646062024_4810611732610772116_n.jpg?_nc_ht=scontent-lax3-1.cdninstagram.com&_nc_cat=100&_nc_ohc=QEWl8XC_6-YAX-K8YAr&tp=1&oh=87a00b84ca7449a51c912497814d9bf0&oe=5FECEB79"
    },
    {
      "src": "https://scontent-lax3-1.cdninstagram.com/v/t51.2885-15/sh0.08/e35/c0.180.1440.1440a/s640x640/125918738_190554392628033_5892499972597228536_n.jpg?_nc_ht=scontent-lax3-1.cdninstagram.com&_nc_cat=109&_nc_ohc=dJ4VhZQ25H4AX_982_R&tp=1&oh=7cfbb0aa45f286cc2c85d111865ffa95&oe=5FECCF63"
    },
    {
      "src": "https://scontent-lax3-1.cdninstagram.com/v/t51.2885-15/sh0.08/e35/c0.90.720.720a/s640x640/126906771_994605894385328_1592702097549097275_n.jpg?_nc_ht=scontent-lax3-1.cdninstagram.com&_nc_cat=108&_nc_ohc=znHXVE26X4wAX812Vs2&tp=1&oh=337ec7825af0e224adb4b241da17a16e&oe=5FC57743"
    },
    {
      "src": "https://scontent-lax3-1.cdninstagram.com/v/t51.2885-15/sh0.08/e35/s640x640/125829190_407217377318486_3103447163702832590_n.jpg?_nc_ht=scontent-lax3-1.cdninstagram.com&_nc_cat=102&_nc_ohc=LTb6JAMSNuUAX9NKsic&tp=1&oh=a7c8322de91c4cc3f63d2466444d28fb&oe=5FEDEB59"
    },
    {
      "src": "https://scontent-lax3-2.cdninstagram.com/v/t51.2885-15/sh0.08/e35/c0.175.1406.1406a/s640x640/126382542_2873207692913683_6057652829498506740_n.jpg?_nc_ht=scontent-lax3-2.cdninstagram.com&_nc_cat=107&_nc_ohc=-JRslkEW1JQAX9jK_Vx&tp=1&oh=056abd778f8fcea2083e2b47a6bb84f3&oe=5FED02C9"
    },
    {
      "src": "https://scontent-lax3-1.cdninstagram.com/v/t51.2885-15/sh0.08/e35/s640x640/126250804_857608734999101_6727460813767282444_n.jpg?_nc_ht=scontent-lax3-1.cdninstagram.com&_nc_cat=105&_nc_ohc=s842enyW5W8AX9k0VFh&tp=1&oh=38f7ea15e3952873af1efcb02aaee6e0&oe=5FEE94AC"
    },
    {
      "src": "https://scontent-lax3-1.cdninstagram.com/v/t51.2885-15/sh0.08/e35/s640x640/125501037_936139037125875_2513544179270895537_n.jpg?_nc_ht=scontent-lax3-1.cdninstagram.com&_nc_cat=103&_nc_ohc=y8QgXIoAgvcAX_rez3Z&tp=1&oh=1a3a4c74e866de10b3ddd3c7457c481e&oe=5FED7E60"
    },
    {
      "src": "https://scontent-lax3-1.cdninstagram.com/v/t51.2885-15/sh0.08/e35/c0.167.1394.1394a/s640x640/125804655_752588232031252_1905522072954566618_n.jpg?_nc_ht=scontent-lax3-1.cdninstagram.com&_nc_cat=104&_nc_ohc=qApPtnu6o1sAX-GqQx2&tp=1&oh=65a62fda0746418988c752b9d4414048&oe=5FECABC3"
    },
    {
      "src": "https://scontent-lax3-1.cdninstagram.com/v/t51.2885-15/sh0.08/e35/c0.180.1440.1440a/s640x640/125934584_3537108936373037_8234872239517349407_n.jpg?_nc_ht=scontent-lax3-1.cdninstagram.com&_nc_cat=105&_nc_ohc=BW205GgmaZEAX9xmZ4z&tp=1&oh=3513a2bd12a0a46265fa4f096a4bc830&oe=5FECC80D"
    },
    {
      "src": "https://scontent-lax3-1.cdninstagram.com/v/t51.2885-15/sh0.08/e35/s640x640/126101410_193483108932362_1580218924371361824_n.jpg?_nc_ht=scontent-lax3-1.cdninstagram.com&_nc_cat=102&_nc_ohc=2D6Vix_jQ9sAX9pmlAy&tp=1&oh=ec833a33ea293bb7b4a2fa6313c7a7a0&oe=5FEBFA28"
    },
    {
      "src": "https://scontent-lax3-1.cdninstagram.com/v/t51.2885-15/sh0.08/e35/s640x640/125515775_179975150433446_1988798350066142300_n.jpg?_nc_ht=scontent-lax3-1.cdninstagram.com&_nc_cat=102&_nc_ohc=l40jSpw7EusAX8k5H8I&tp=1&oh=841f5c85a6e8f62253d6c1d67d5b1721&oe=5FEDD436"
    },
    {
      "src": "https://scontent-lax3-1.cdninstagram.com/v/t51.2885-15/sh0.08/e35/s640x640/125270107_885363065544681_3560813513332575468_n.jpg?_nc_ht=scontent-lax3-1.cdninstagram.com&_nc_cat=109&_nc_ohc=YetTNJi0T1oAX88p1uD&tp=1&oh=035d97bf2edcb0748ede5268c335c097&oe=5FEE6DD8"
    }
  ]
}