{
  "user_name": "fashion_fastline",
  "profile_photo": "https://scontent-lax3-2.cdninstagram.com/v/t51.2885-19/s150x150/119424822_205068287696353_4773953982671083584_n.jpg?_nc_ht=scontent-lax3-2.cdninstagram.com&_nc_ohc=ojNqRr_Mp_sAX8l0EUe&tp=1&oh=6db9d00dba523f33a24a937df960b15e&oe=5FEC6D70",
  "name": "Fashion_Fastline",
  "webiste": "https://l.instagram.com/?u=http%3A%2F%2Fwww.fashionfastline.com%2F&e=ATPcfV6-gus029FGLl88Az9Db4QFmvw9Z67_o4VL09wGSyQfFjbZT4Bn3yao_mlPqIzs-nqPhtrN7wBD_w3Oow&s=1",
  "bio": "Fashion_Fastline, Dm/whatsapp us on 07017715200 to place ur order for your best price now an get ur package delivered payment on delivery Lagos only.",
  "category": "",
  "posts_count": "3,080",
  "followers_count": "1,059",
  "following_count": "6,023",
  "story_highlights": [
    {
      "text": "Highlights",
      "src": "https://scontent-lax3-1.cdninstagram.com/v/t51.12442-15/e35/c0.420.1080.1080a/s150x150/85177276_144921126986068_3728760181740612236_n.jpg?_nc_ht=scontent-lax3-1.cdninstagram.com&_nc_cat=104&_nc_ohc=ivnFYsEbyCAAX_XiRhM&tp=1&oh=d402c55b58bae923a50d272d062e05c7&oe=5FC59703"
    },
    {
      "text": "dm to place ur o",
      "src": "https://scontent-lax3-1.cdninstagram.com/v/t51.12442-15/e35/c0.420.1080.1080a/s150x150/85239319_2618872801657586_3792096405195899820_n.jpg?_nc_ht=scontent-lax3-1.cdninstagram.com&_nc_cat=102&_nc_ohc=05lFTzi09vgAX9tc5TF&tp=1&oh=63c408bffee074b85558b913cfaa85df&oe=5FC5FFF0"
    },
    {
      "text": "DM TO ORDER",
      "src": "https://scontent-lax3-2.cdninstagram.com/v/t51.12442-15/e35/c0.420.1080.1080a/s150x150/82005700_1642994609175078_88889742339373270_n.jpg?_nc_ht=scontent-lax3-2.cdninstagram.com&_nc_cat=106&_nc_ohc=0ew5Fk_p-u8AX90Exy8&tp=1&oh=95fbe5ddab3eac53f0f1aac7b0451d5d&oe=5FC5BD09"
    },
    {
      "text": "Highlights",
      "src": "https://scontent-lax3-1.cdninstagram.com/v/t51.12442-15/e35/c0.420.1080.1080a/s150x150/85157122_807911293024413_7112672378098738970_n.jpg?_nc_ht=scontent-lax3-1.cdninstagram.com&_nc_cat=109&_nc_ohc=qy2lR7jQcFIAX_LzrdB&tp=1&oh=8e4e718818f7ec3b6e959f2b1a253622&oe=5FC59D91"
    },
    {
      "text": "Highlights",
      "src": "https://scontent-lax3-1.cdninstagram.com/v/t51.12442-15/e35/c0.420.1080.1080a/s150x150/87227856_622090795295681_7509442789570634421_n.jpg?_nc_ht=scontent-lax3-1.cdninstagram.com&_nc_cat=105&_nc_ohc=nq0v5_K0C4gAX_a-6y9&tp=1&oh=3401b60d5f4c529fcb5b4f477f251c23&oe=5FC5C8F4"
    },
    {
      "text": "Highlights",
      "src": "https://scontent-lax3-2.cdninstagram.com/v/t51.12442-15/e35/c0.420.1080.1080a/s150x150/84321692_202137267699391_3482292891899945231_n.jpg?_nc_ht=scontent-lax3-2.cdninstagram.com&_nc_cat=107&_nc_ohc=4SjZIlFlTfwAX-CmSYv&tp=1&oh=a3b4d0876e96cb70cc7a8bc888e4dbb5&oe=5FC5B660"
    },
    {
      "text": "Highlights",
      "src": "https://scontent-lax3-1.cdninstagram.com/v/t51.12442-15/e35/c0.420.1080.1080a/s150x150/87326372_508482066527244_666055307284960233_n.jpg?_nc_ht=scontent-lax3-1.cdninstagram.com&_nc_cat=100&_nc_ohc=rSlFHcLaG08AX-nTqUT&tp=1&oh=2795cd7a802f2bd51cee902f78b92561&oe=5FC5D237"
    },
    {
      "text": "Highlights",
      "src": "https://scontent-lax3-1.cdninstagram.com/v/t51.12442-15/e35/c0.420.1080.1080a/s150x150/87215816_215678106282384_8897917064528507325_n.jpg?_nc_ht=scontent-lax3-1.cdninstagram.com&_nc_cat=100&_nc_ohc=cS8B8rU5m0MAX-8D13A&tp=1&oh=faf79215336f8fe778fb896c3b856d6e&oe=5FC5D21C"
    },
    {
      "text": "Highlights",
      "src": "https://scontent-lax3-1.cdninstagram.com/v/t51.12442-15/e35/c0.420.1080.1080a/s150x150/81532866_859996817763724_8924227624014096548_n.jpg?_nc_ht=scontent-lax3-1.cdninstagram.com&_nc_cat=104&_nc_ohc=NyO0nNGx4h8AX-pI9do&tp=1&oh=e1bbfa8ecbdb2da2b3b81b099173dd9a&oe=5FC5B91B"
    },
    {
      "text": "Highlights",
      "src": "https://scontent-lax3-1.cdninstagram.com/v/t51.12442-15/e35/c0.420.1080.1080a/s150x150/84313760_118190626422613_1255386344911123268_n.jpg?_nc_ht=scontent-lax3-1.cdninstagram.com&_nc_cat=101&_nc_ohc=8B1Csis_xesAX-nUim7&tp=1&oh=f9a279fd9bc30bd0fcbcbf00d069fd26&oe=5FC61165"
    },
    {
      "text": "Highlights",
      "src": "https://scontent-lax3-1.cdninstagram.com/v/t51.12442-15/e35/c0.420.1080.1080a/s150x150/85086502_635332063868146_4238816312560069056_n.jpg?_nc_ht=scontent-lax3-1.cdninstagram.com&_nc_cat=110&_nc_ohc=vtqXfW_YhVYAX_LR8SI&tp=1&oh=97ec5ff6cb9f5fe0eb275863e5d5df08&oe=5FC58B37"
    },
    {
      "text": "3.14",
      "src": "https://scontent-lax3-2.cdninstagram.com/v/t51.12442-15/e35/c0.420.1080.1080a/s150x150/54446883_2148598871883690_8216065004950043690_n.jpg?_nc_ht=scontent-lax3-2.cdninstagram.com&_nc_cat=106&_nc_ohc=l8_zblBGTAIAX9S5tiD&tp=1&oh=87c6343183c1d3414b64cfdd0d0628f4&oe=5FC57F12"
    }
  ],
  "posts": [
    {
      "src": "https://scontent-lax3-2.cdninstagram.com/v/t51.2885-15/sh0.08/e35/s640x640/124184640_379845073159771_2616223126852768548_n.jpg?_nc_ht=scontent-lax3-2.cdninstagram.com&_nc_cat=107&_nc_ohc=qv-qSj3KbLUAX89OD6F&tp=1&oh=f1defd474e0b36d3aa552e4733920696&oe=5FEE463D"
    },
    {
      "src": "https://scontent-lax3-1.cdninstagram.com/v/t51.2885-15/sh0.08/e35/s640x640/124045390_1581318645404016_3767923439505202540_n.jpg?_nc_ht=scontent-lax3-1.cdninstagram.com&_nc_cat=100&_nc_ohc=BY5bz7WuvogAX-aHcpB&tp=1&oh=0eff0d47a6a56780941922d1c03af828&oe=5FEB727F"
    },
    {
      "src": "https://scontent-lax3-1.cdninstagram.com/v/t51.2885-15/sh0.08/e35/s640x640/123967042_382027499556325_3956983483126267186_n.jpg?_nc_ht=scontent-lax3-1.cdninstagram.com&_nc_cat=101&_nc_ohc=ZKFLkFWZfYgAX_oJXg5&tp=1&oh=c5bcf5cdd502066c36979a7f72e3a70b&oe=5FED1685"
    },
    {
      "src": "https://scontent-lax3-2.cdninstagram.com/v/t51.2885-15/sh0.08/e35/s640x640/123882319_3004236063009335_5644456822617329077_n.jpg?_nc_ht=scontent-lax3-2.cdninstagram.com&_nc_cat=111&_nc_ohc=1dbB93R3vKYAX8qWsn7&tp=1&oh=e18fb308066c8478dcfa8eee53729491&oe=5FECF3F7"
    },
    {
      "src": "https://scontent-lax3-1.cdninstagram.com/v/t51.2885-15/sh0.08/e35/s640x640/123942896_821253225374773_6278037298213627838_n.jpg?_nc_ht=scontent-lax3-1.cdninstagram.com&_nc_cat=101&_nc_ohc=bLtesFAAsKYAX-G0BXR&tp=1&oh=88895d18e31d598838a2b1a12b63781d&oe=5FED98EA"
    },
    {
      "src": "https://scontent-lax3-1.cdninstagram.com/v/t51.2885-15/sh0.08/e35/s640x640/123460500_482736719332066_464747267393876604_n.jpg?_nc_ht=scontent-lax3-1.cdninstagram.com&_nc_cat=110&_nc_ohc=lOvY0tLJBjwAX_ZSyqo&tp=1&oh=a3b97059b5405482c6c22df3a88b01e2&oe=5FEB1192"
    },
    {
      "src": "https://scontent-lax3-1.cdninstagram.com/v/t51.2885-15/sh0.08/e35/s640x640/123393286_154586043075674_7563349101337354459_n.jpg?_nc_ht=scontent-lax3-1.cdninstagram.com&_nc_cat=102&_nc_ohc=6-leUjJ45lgAX9JVONu&tp=1&oh=3383a182df8fc9466d929f9a0d00045b&oe=5FEE0078"
    },
    {
      "src": "https://scontent-lax3-1.cdninstagram.com/v/t51.2885-15/sh0.08/e35/s640x640/123423258_282113949716007_7915789221694362_n.jpg?_nc_ht=scontent-lax3-1.cdninstagram.com&_nc_cat=103&_nc_ohc=7ODF_B00J3kAX8bUBpl&tp=1&oh=f1c5c2966a1daed1944f599494bbc21c&oe=5FEB1EF0"
    },
    {
      "src": "https://scontent-lax3-2.cdninstagram.com/v/t51.2885-15/sh0.08/e35/s640x640/123375001_169645688101974_4687083583294722533_n.jpg?_nc_ht=scontent-lax3-2.cdninstagram.com&_nc_cat=106&_nc_ohc=6qJ-GkTczQUAX-LV7tj&tp=1&oh=e0191b1805b7157f05267ab88daf6d18&oe=5FEC764F"
    },
    {
      "src": "https://scontent-lax3-1.cdninstagram.com/v/t51.2885-15/sh0.08/e35/s640x640/123533380_705721683413397_471233789375380802_n.jpg?_nc_ht=scontent-lax3-1.cdninstagram.com&_nc_cat=109&_nc_ohc=Kx-9ckMhCgwAX9HZbmy&tp=1&oh=33b35a3f76b60c7aebd1a0e02a120cfd&oe=5FEED92C"
    },
    {
      "src": "https://scontent-lax3-2.cdninstagram.com/v/t51.2885-15/sh0.08/e35/s640x640/123545734_1258955161131443_115394634871461763_n.jpg?_nc_ht=scontent-lax3-2.cdninstagram.com&_nc_cat=111&_nc_ohc=Nb0TGhNPmtgAX-Oj-u8&tp=1&oh=3d0675a17510516016557b311056d4f3&oe=5FEB25A1"
    },
    {
      "src": "https://scontent-lax3-1.cdninstagram.com/v/t51.2885-15/sh0.08/e35/s640x640/123190151_2753278498325020_5043383276020650006_n.jpg?_nc_ht=scontent-lax3-1.cdninstagram.com&_nc_cat=104&_nc_ohc=ARpPebEnMAUAX_aFpcp&tp=1&oh=83922d10e722619f772acdf5bade6f84&oe=5FEDDBC3"
    },
    {
      "src": "https://scontent-lax3-1.cdninstagram.com/v/t51.2885-15/sh0.08/e35/s640x640/123328175_390231115351416_7834745664750799449_n.jpg?_nc_ht=scontent-lax3-1.cdninstagram.com&_nc_cat=100&_nc_ohc=def-b6x9f2UAX8LoUjY&tp=1&oh=c1fdb1da8c250d82b8109f567ed72040&oe=5FEB4A6F"
    },
    {
      "src": "https://scontent-lax3-1.cdninstagram.com/v/t51.2885-15/sh0.08/e35/s640x640/123257961_553935408780159_1702409280031693334_n.jpg?_nc_ht=scontent-lax3-1.cdninstagram.com&_nc_cat=103&_nc_ohc=IZ4fdxtiKLAAX_dkMEc&tp=1&oh=d96f3eac4400bbc62012c3127b6a2d0f&oe=5FEC12B6"
    },
    {
      "src": "https://scontent-lax3-1.cdninstagram.com/v/t51.2885-15/sh0.08/e35/s640x640/123156719_398149848046822_3294801497235978591_n.jpg?_nc_ht=scontent-lax3-1.cdninstagram.com&_nc_cat=110&_nc_ohc=89nJiYo8Iq8AX9ZBxZt&tp=1&oh=e08ff2845368ddc10b18a01b049368ae&oe=5FEEE51C"
    },
    {
      "src": "https://scontent-lax3-1.cdninstagram.com/v/t51.2885-15/sh0.08/e35/s640x640/123098835_352445355846541_3544359159515010425_n.jpg?_nc_ht=scontent-lax3-1.cdninstagram.com&_nc_cat=101&_nc_ohc=z2RN6zBu-1YAX9sK8FI&tp=1&oh=5a30d533c7edd311e36326a12fddebc7&oe=5FEBB003"
    },
    {
      "src": "https://scontent-lax3-2.cdninstagram.com/v/t51.2885-15/sh0.08/e35/s640x640/123252561_402916721116171_4913292481161004486_n.jpg?_nc_ht=scontent-lax3-2.cdninstagram.com&_nc_cat=107&_nc_ohc=hx7PIMkLE14AX8iifdw&tp=1&oh=89501fdf295982916d3cacb4b88db55d&oe=5FED9BFE"
    },
    {
      "src": "https://scontent-lax3-1.cdninstagram.com/v/t51.2885-15/sh0.08/e35/s640x640/123146196_3389452114508493_8485618458608513736_n.jpg?_nc_ht=scontent-lax3-1.cdninstagram.com&_nc_cat=109&_nc_ohc=Pq5G203vO7EAX_-WhF2&tp=1&oh=501bde3ef400a6e0cd77f45612faf5f7&oe=5FEC6E3B"
    },
    {
      "src": "https://scontent-lax3-2.cdninstagram.com/v/t51.2885-15/sh0.08/e35/c0.101.810.810a/s640x640/123021807_381342452986687_4719853304398125353_n.jpg?_nc_ht=scontent-lax3-2.cdninstagram.com&_nc_cat=107&_nc_ohc=LB32akAuBNIAX-90BSZ&tp=1&oh=80fa9eedac86631ede6c179c6a3a89f7&oe=5FED423D"
    },
    {
      "src": "https://scontent-lax3-2.cdninstagram.com/v/t51.2885-15/sh0.08/e35/s640x640/123140665_827253314715511_8021900250071029932_n.jpg?_nc_ht=scontent-lax3-2.cdninstagram.com&_nc_cat=107&_nc_ohc=ynM9250P6K8AX-N3OwA&tp=1&oh=505eedf09877ae4bff5f02cf1afaded0&oe=5FECE25C"
    },
    {
      "src": "https://scontent-lax3-1.cdninstagram.com/v/t51.2885-15/sh0.08/e35/s640x640/123362706_1279128512441029_7341517065467362584_n.jpg?_nc_ht=scontent-lax3-1.cdninstagram.com&_nc_cat=101&_nc_ohc=itYwQBIodB4AX9LfrwB&tp=1&oh=bc47c856d78a5aad9e6b4290c684c1ab&oe=5FEE78B4"
    },
    {
      "src": "https://scontent-lax3-1.cdninstagram.com/v/t51.2885-15/sh0.08/e35/s640x640/122835869_418080552524973_6250858680159345338_n.jpg?_nc_ht=scontent-lax3-1.cdninstagram.com&_nc_cat=109&_nc_ohc=rxTiIetlB6cAX-g53G9&tp=1&oh=f69adb39ddddebc8ebbe0dfac02fb237&oe=5FEC16AE"
    },
    {
      "src": "https://scontent-lax3-1.cdninstagram.com/v/t51.2885-15/sh0.08/e35/s640x640/122887850_370460827628100_1820629113485298440_n.jpg?_nc_ht=scontent-lax3-1.cdninstagram.com&_nc_cat=100&_nc_ohc=4g1hf5xLdXQAX9DMReJ&tp=1&oh=2dd8c199dc01fe079cbef7944f18b514&oe=5FEC8AC0"
    },
    {
      "src": "https://scontent-lax3-1.cdninstagram.com/v/t51.2885-15/sh0.08/e35/s640x640/122875199_141638334314810_1648555396823856498_n.jpg?_nc_ht=scontent-lax3-1.cdninstagram.com&_nc_cat=102&_nc_ohc=Dl7G6cSC0EoAX_0-D00&tp=1&oh=f2324f61b10d9c6f4d5185c66a6fb928&oe=5FEE9ECE"
    }
  ]
}