{
  "user_name": "fashion_havana_ke",
  "profile_photo": "https://scontent-lax3-2.cdninstagram.com/v/t51.2885-19/s150x150/104004114_198026991403554_2538446402318485322_n.jpg?_nc_ht=scontent-lax3-2.cdninstagram.com&_nc_ohc=ZTuVNSWjgWIAX8nIG6m&tp=1&oh=5ad067024cb1c96124088071c2d272a1&oe=5FEE2ACF",
  "name": "Fashion Havana Ke",
  "webiste": "",
  "bio": "For Good Quality Clothes and Shoes.<br>Get the best service for online shopping.<br>We are at Moi Avenue, Sasa Mall,shop number M14/M17  call0726438415",
  "category": "",
  "posts_count": "1,890",
  "followers_count": "9,625",
  "following_count": "7,503",
  "story_highlights": [
    {
      "text": "all available",
      "src": "https://scontent-lax3-2.cdninstagram.com/v/t51.12442-15/e35/c0.525.1080.1080a/s150x150/94461895_701640860376307_8522678020781189728_n.jpg?_nc_ht=scontent-lax3-2.cdninstagram.com&_nc_cat=107&_nc_ohc=nVO6PoFpqA8AX_Mvec9&tp=1&oh=c037eefc300421f7930ea0531976fd6b&oe=5FC59B61"
    },
    {
      "text": "Highlights",
      "src": "https://scontent-lax3-1.cdninstagram.com/v/t51.12442-15/e35/c0.525.1080.1080a/s150x150/100554226_656381898539021_2101232433700425032_n.jpg?_nc_ht=scontent-lax3-1.cdninstagram.com&_nc_cat=105&_nc_ohc=RkwLZmAiOhwAX_d1fM3&tp=1&oh=0a86a8ba658d4926361fbe0fe7c05567&oe=5FC5D226"
    }
  ],
  "posts": [
    {
      "src": "https://scontent-lax3-1.cdninstagram.com/v/t51.2885-15/e35/126782114_393407675193160_4826330922467591427_n.jpg?_nc_ht=scontent-lax3-1.cdninstagram.com&_nc_cat=104&_nc_ohc=K5M52wVw2o8AX9J-Sue&tp=1&oh=3ebfe9594c4c7758fac4061c83416e05&oe=5FECCC41"
    },
    {
      "src": "https://scontent-lax3-1.cdninstagram.com/v/t51.2885-15/sh0.08/e35/s640x640/125959650_133081921582042_1520652566944943239_n.jpg?_nc_ht=scontent-lax3-1.cdninstagram.com&_nc_cat=110&_nc_ohc=61CVUumtIIMAX8XEtxS&tp=1&oh=d1fc0bc70ca41091991657dcc699b9de&oe=5FECF276"
    },
    {
      "src": "https://scontent-lax3-1.cdninstagram.com/v/t51.2885-15/sh0.08/e35/s640x640/125924469_122570886121174_6349551090153251820_n.jpg?_nc_ht=scontent-lax3-1.cdninstagram.com&_nc_cat=110&_nc_ohc=_l6dC4VEJwgAX8Kv4kL&tp=1&oh=e5ffa6054cb1414c88c7072bdd159fa9&oe=5FC5D821"
    },
    {
      "src": "https://scontent-lax3-1.cdninstagram.com/v/t51.2885-15/sh0.08/e35/c0.115.920.920a/s640x640/126430502_720496338882652_3864579832781653621_n.jpg?_nc_ht=scontent-lax3-1.cdninstagram.com&_nc_cat=104&_nc_ohc=sTo3FT0qyZUAX_xrOC0&tp=1&oh=364fc58fe2c8f3227a14d18f9bbc1bd6&oe=5FECE5FB"
    },
    {
      "src": "https://scontent-lax3-1.cdninstagram.com/v/t51.2885-15/sh0.08/e35/s640x640/126054583_189580526074388_7365346499253576614_n.jpg?_nc_ht=scontent-lax3-1.cdninstagram.com&_nc_cat=108&_nc_ohc=ipW_CRAUzoQAX82fxsy&tp=1&oh=4dc385e5b2ee2c68f3e441379d79b068&oe=5FEC2FD0"
    },
    {
      "src": "https://scontent-lax3-1.cdninstagram.com/v/t51.2885-15/sh0.08/e35/s640x640/125560938_710269073201715_8193086097015658565_n.jpg?_nc_ht=scontent-lax3-1.cdninstagram.com&_nc_cat=103&_nc_ohc=rZvTMLlSz2YAX90wVL_&tp=1&oh=9d69b79e236e11f8b13ab104a8444356&oe=5FED81AE"
    },
    {
      "src": "https://scontent-lax3-1.cdninstagram.com/v/t51.2885-15/sh0.08/e35/c0.107.853.853a/s640x640/125425101_3428412100598932_377355019771599476_n.jpg?_nc_ht=scontent-lax3-1.cdninstagram.com&_nc_cat=104&_nc_ohc=INWWM7YdyGgAX9TpM4D&tp=1&oh=b1641245d5cb934421a3e0ca3a514c61&oe=5FEB0C4A"
    },
    {
      "src": "https://scontent-lax3-1.cdninstagram.com/v/t51.2885-15/sh0.08/e35/s640x640/125460414_354908212481482_1563002141582674638_n.jpg?_nc_ht=scontent-lax3-1.cdninstagram.com&_nc_cat=110&_nc_ohc=1OjxwCwlw6sAX8tzq4G&tp=1&oh=c2fd445b871f57acea75f7f32443d367&oe=5FEE502A"
    },
    {
      "src": "https://scontent-lax3-2.cdninstagram.com/v/t51.2885-15/sh0.08/e35/c0.156.1255.1255a/s640x640/125240770_761046644509218_4000734330735295899_n.jpg?_nc_ht=scontent-lax3-2.cdninstagram.com&_nc_cat=106&_nc_ohc=e0yIeMS79eoAX_dF4ZL&tp=1&oh=42bd5bd29eda5ce524fdfa17b8894cb5&oe=5FEE8D7B"
    },
    {
      "src": "https://scontent-lax3-1.cdninstagram.com/v/t51.2885-15/sh0.08/e35/c233.0.812.812a/s640x640/125324629_288553405781764_6752026990564167162_n.jpg?_nc_ht=scontent-lax3-1.cdninstagram.com&_nc_cat=104&_nc_ohc=_uCco8vTFJ8AX8oKQSj&tp=1&oh=2515a20e8d46b031ae7c30316ea71ef4&oe=5FEBDD56"
    },
    {
      "src": "https://scontent-lax3-1.cdninstagram.com/v/t51.2885-15/sh0.08/e35/c179.0.665.665a/s640x640/125221748_371183467471496_477075301960971550_n.jpg?_nc_ht=scontent-lax3-1.cdninstagram.com&_nc_cat=108&_nc_ohc=sGrlFnyzxGcAX-vx4Qi&tp=1&oh=7265f0a8ba41a1baf83da2af4fb89017&oe=5FEB11D7"
    },
    {
      "src": "https://scontent-lax3-2.cdninstagram.com/v/t51.2885-15/sh0.08/e35/s640x640/125395767_811081889746531_5132003709871884572_n.jpg?_nc_ht=scontent-lax3-2.cdninstagram.com&_nc_cat=107&_nc_ohc=mqPWwbITXrsAX8Ppije&tp=1&oh=595f9306640b8ccc8b031ebc9243f99a&oe=5FECE517"
    },
    {
      "src": "https://scontent-lax3-1.cdninstagram.com/v/t51.2885-15/sh0.08/e35/s640x640/124691834_825966398196358_6693960798562230171_n.jpg?_nc_ht=scontent-lax3-1.cdninstagram.com&_nc_cat=110&_nc_ohc=3MPZ4omZtW4AX_kqceq&tp=1&oh=d08303d70a5f209b77d38aa76920d52b&oe=5FEE7EA3"
    },
    {
      "src": "https://scontent-lax3-2.cdninstagram.com/v/t51.2885-15/sh0.08/e35/s640x640/124840784_387321149371134_5174799567767680572_n.jpg?_nc_ht=scontent-lax3-2.cdninstagram.com&_nc_cat=106&_nc_ohc=Gz8IZ4DtoSUAX9oQl00&tp=1&oh=efa19dc5a3c83fba02a2f3c5e7e67ec2&oe=5FEB8AFB"
    },
    {
      "src": "https://scontent-lax3-1.cdninstagram.com/v/t51.2885-15/sh0.08/e35/s640x640/125049319_509484450011069_2727652248327642950_n.jpg?_nc_ht=scontent-lax3-1.cdninstagram.com&_nc_cat=105&_nc_ohc=fQdzEY5EvsEAX-nr9s-&tp=1&oh=903f184bc5dd45ba2a44605f1411e06e&oe=5FEC20B5"
    },
    {
      "src": "https://scontent-lax3-1.cdninstagram.com/v/t51.2885-15/sh0.08/e35/s640x640/124894772_175917330829164_7930179466354849084_n.jpg?_nc_ht=scontent-lax3-1.cdninstagram.com&_nc_cat=100&_nc_ohc=XErNhewoDvEAX-dcF_Z&tp=1&oh=412087ac7863021fd83afaf4931d45af&oe=5FECEACE"
    },
    {
      "src": "https://scontent-lax3-2.cdninstagram.com/v/t51.2885-15/sh0.08/e35/s640x640/123602977_416424416022499_7135075502378048821_n.jpg?_nc_ht=scontent-lax3-2.cdninstagram.com&_nc_cat=107&_nc_ohc=oyqqGzlSbWYAX-k68mp&tp=1&oh=fdff42fe4a0e03483304890014a6ff6c&oe=5FED2F76"
    },
    {
      "src": "https://scontent-lax3-2.cdninstagram.com/v/t51.2885-15/sh0.08/e35/s640x640/124253445_127814385494479_4090741248244983533_n.jpg?_nc_ht=scontent-lax3-2.cdninstagram.com&_nc_cat=107&_nc_ohc=pFXRa3r2mwsAX-xDmUm&tp=1&oh=183ec547ed41508ffcc573655afa5b4c&oe=5FEC5006"
    },
    {
      "src": "https://scontent-lax3-1.cdninstagram.com/v/t51.2885-15/e35/124194406_361792171778764_8821029729390345718_n.jpg?_nc_ht=scontent-lax3-1.cdninstagram.com&_nc_cat=104&_nc_ohc=sKe06LaWFz0AX_i066b&tp=1&oh=89d6440fbbeecbf1d816573b1fb9c62d&oe=5FED7832"
    },
    {
      "src": "https://scontent-lax3-1.cdninstagram.com/v/t51.2885-15/sh0.08/e35/c170.0.939.939a/s640x640/124059147_3408842425818219_2056279156603960490_n.jpg?_nc_ht=scontent-lax3-1.cdninstagram.com&_nc_cat=103&_nc_ohc=TznmRhl3ADEAX-8jc3n&tp=1&oh=6df1763e4a95a52e02ae94829b46b940&oe=5FECED0B"
    },
    {
      "src": "https://scontent-lax3-1.cdninstagram.com/v/t51.2885-15/sh0.08/e35/c170.0.723.723a/s640x640/123958689_202546387917457_6210316121175868356_n.jpg?_nc_ht=scontent-lax3-1.cdninstagram.com&_nc_cat=101&_nc_ohc=PC9MrNi7TrcAX8PAT-R&tp=1&oh=637f34c13953e7a57546c14348900ee4&oe=5FECBCAE"
    },
    {
      "src": "https://scontent-lax3-1.cdninstagram.com/v/t51.2885-15/sh0.08/e35/c252.0.935.935a/s640x640/123802932_1818467191634612_5023881434480158302_n.jpg?_nc_ht=scontent-lax3-1.cdninstagram.com&_nc_cat=108&_nc_ohc=YFrP7nKiTVgAX8kx4t3&tp=1&oh=00296d2a75defd10fee3281256968df6&oe=5FEB44D3"
    },
    {
      "src": "https://scontent-lax3-1.cdninstagram.com/v/t51.2885-15/sh0.08/e35/s640x640/123523748_371859450563403_2158482102269628842_n.jpg?_nc_ht=scontent-lax3-1.cdninstagram.com&_nc_cat=103&_nc_ohc=XZb0nEo9vRMAX8y63up&tp=1&oh=cd310d71e5a4ada6f5c9f59484a098fc&oe=5FEE4B26"
    },
    {
      "src": "https://scontent-lax3-1.cdninstagram.com/v/t51.2885-15/sh0.08/e35/s640x640/123462067_207785980758724_7978068605563072815_n.jpg?_nc_ht=scontent-lax3-1.cdninstagram.com&_nc_cat=104&_nc_ohc=4TG8wp4cFYsAX-WtPNK&tp=1&oh=f3425fbf489c516c92ed3f2c76354d51&oe=5FED6444"
    }
  ]
}