{
  "user_name": "gadgetfreakzng",
  "profile_photo": "https://scontent-lax3-2.cdninstagram.com/v/t51.2885-19/s150x150/49384731_2434095996603965_6179373914968293376_n.jpg?_nc_ht=scontent-lax3-2.cdninstagram.com&_nc_ohc=s_HyrJsW0CwAX_jDBEB&tp=1&oh=225d4ad77864d85348b759e29f3feeba&oe=5FEB14FD",
  "name": "AIM Gadgets INC",
  "webiste": "https://l.instagram.com/?u=https%3A%2F%2Fwa.me%2F%2B2348183820891&e=ATP_ee4HjDodtZ5exqyuQI9zcXiQcPCraSxnVggBuDHCM4FK1YsB_IbOTznVy2FZCdrUJ6UTteujdaHVzpdJAw&s=1",
  "bio": "Unique Gadgets That \"Stands Out\"📱💻🎮🎧<br>CALL / CHAT👇<br>08183820891 - Phones <br>08183820897 - Laptop<br>08183820026 - Juliet (Abuja Banex office)<br>NO REFUND❌❌❌",
  "category": "",
  "posts_count": "4,250",
  "followers_count": "231k",
  "following_count": "2,001",
  "story_highlights": [
    {
      "text": "BlackFridayDeal🔥",
      "src": "https://scontent-lax3-1.cdninstagram.com/v/t51.2885-15/e35/c0.715.1440.1440a/s150x150/126383325_2751467115092196_1643939871920990953_n.jpg?_nc_ht=scontent-lax3-1.cdninstagram.com&_nc_cat=100&_nc_ohc=YTNkDSd4AiAAX-6_X5w&tp=1&oh=1c29c3c67e9ea16a295f9ff5d08a2605&oe=5FC5BE34"
    },
    {
      "text": "Customer Review",
      "src": "https://scontent-lax3-1.cdninstagram.com/v/t51.12442-15/e35/c0.477.1080.1080a/s150x150/32178315_2020784131519860_5978071662547959808_n.jpg?_nc_ht=scontent-lax3-1.cdninstagram.com&_nc_cat=100&_nc_ohc=5Q4WFGDt94wAX-vsqZN&tp=1&oh=694a2286fda98cd34016e586ff499739&oe=5FC5F33B"
    },
    {
      "text": "Graphics Desktop",
      "src": "https://scontent-lax3-1.cdninstagram.com/v/t51.12442-15/e35/c0.442.1080.1080a/s150x150/77018486_714015485758910_3241099153499625653_n.jpg?_nc_ht=scontent-lax3-1.cdninstagram.com&_nc_cat=102&_nc_ohc=Ijobkbw1qhkAX9GO-_W&tp=1&oh=81f9abe1e021a7424c295127cb6c569b&oe=5FC5D76A"
    },
    {
      "text": "Available Nvidia",
      "src": "https://scontent-lax3-2.cdninstagram.com/v/t51.2885-15/s150x150/79645463_101189041344713_625825303676536360_n.jpg?_nc_ht=scontent-lax3-2.cdninstagram.com&_nc_ohc=iEsIXKVPlW8AX-wBT7Y&tp=1&oh=b10e2d03590c981ff53797dd7694e792&oe=5FECEC7A"
    },
    {
      "text": "Scam Pages",
      "src": "https://scontent-lax3-1.cdninstagram.com/v/t51.12442-15/e35/c0.442.1080.1080a/s150x150/58410704_2333417056940806_4902421002453878193_n.jpg?_nc_ht=scontent-lax3-1.cdninstagram.com&_nc_cat=110&_nc_ohc=p-VA3GlsdQUAX89Hgpw&tp=1&oh=a4de068f7b745caa048964d2c433e3bc&oe=5FC5CC89"
    },
    {
      "text": "Abuja Store",
      "src": "https://scontent-lax3-1.cdninstagram.com/v/t51.12442-15/e35/c0.566.1080.1080a/s150x150/87239245_845981329163546_5552495153572205222_n.jpg?_nc_ht=scontent-lax3-1.cdninstagram.com&_nc_cat=102&_nc_ohc=0L2v08V4kbMAX_d9zg5&tp=1&oh=2222871b4e7bc2777a6493caaca73ac8&oe=5FC583D6"
    },
    {
      "text": "AcerPredator 21X",
      "src": "https://scontent-lax3-2.cdninstagram.com/v/t51.12442-15/e35/c0.566.1080.1080a/s150x150/82765913_172201800734503_1752867497737686366_n.jpg?_nc_ht=scontent-lax3-2.cdninstagram.com&_nc_cat=107&_nc_ohc=4DR4ha907HcAX9Ja_k1&tp=1&oh=f86ae32906ed2e588db7ba9d2034ab86&oe=5FC5A7A0"
    },
    {
      "text": "BlackfridayDeals",
      "src": "https://scontent-lax3-1.cdninstagram.com/v/t51.12442-15/e35/c0.442.1080.1080a/s150x150/75349244_2235037493472664_6751692893741800047_n.jpg?_nc_ht=scontent-lax3-1.cdninstagram.com&_nc_cat=104&_nc_ohc=huLyrK9EPpQAX-ppFiJ&tp=1&oh=a18d17dcd6c8efed1bfd7c6fb71dde0d&oe=5FC5769F"
    },
    {
      "text": "Amazon Tv Box",
      "src": "https://scontent-lax3-1.cdninstagram.com/v/t51.12442-15/e35/c60.389.768.768a/s150x150/66624882_911442539207400_1984096755563685885_n.jpg?_nc_ht=scontent-lax3-1.cdninstagram.com&_nc_cat=100&_nc_ohc=XaTT81mzatIAX8r0dgr&tp=1&oh=26ab265695335e936f8ad7cbc963c3ac&oe=5FC60359"
    },
    {
      "text": "JBL Speakers 🔊",
      "src": "https://scontent-lax3-1.cdninstagram.com/v/t51.12442-15/e35/c0.441.1080.1080a/s150x150/62596392_1345762995575745_6971696129366542459_n.jpg?_nc_ht=scontent-lax3-1.cdninstagram.com&_nc_cat=109&_nc_ohc=fGCEwqrc9fcAX-yX-_G&tp=1&oh=8737b2b717386060b0c5cc692ff55eb1&oe=5FC6078D"
    },
    {
      "text": "Dell XPS 15 9570",
      "src": "https://scontent-lax3-1.cdninstagram.com/v/t51.12442-15/e35/c0.441.1080.1080a/s150x150/62010404_2306437346343741_5282091796093913321_n.jpg?_nc_ht=scontent-lax3-1.cdninstagram.com&_nc_cat=109&_nc_ohc=BR1pLS1IzV8AX-YPcdf&tp=1&oh=7352aeab789fce8b87b42554f90adde9&oe=5FC59038"
    },
    {
      "text": "iWatch",
      "src": "https://scontent-lax3-1.cdninstagram.com/v/t51.12442-15/e35/c0.442.1080.1080a/s150x150/60170390_291571045115165_1287377497890442827_n.jpg?_nc_ht=scontent-lax3-1.cdninstagram.com&_nc_cat=105&_nc_ohc=mT57Oo8wY5oAX_YTtUN&tp=1&oh=e7080e68547c12f477ba14e450ab4dbd&oe=5FC59FDA"
    },
    {
      "text": "Watch Strap",
      "src": "https://scontent-lax3-1.cdninstagram.com/v/t51.12442-15/e35/c0.476.1080.1080a/s150x150/27579482_2263852243841650_2387104469058846720_n.jpg?_nc_ht=scontent-lax3-1.cdninstagram.com&_nc_cat=110&_nc_ohc=InZQ04Rs-1AAX8Hcyj2&tp=1&oh=379127fc423804780e3febebd1c516a6&oe=5FC592A2"
    }
  ],
  "posts": [
    {
      "src": "https://scontent-lax3-1.cdninstagram.com/v/t51.2885-15/e35/128467019_423942582314282_1897218219450022630_n.jpg?_nc_ht=scontent-lax3-1.cdninstagram.com&_nc_cat=102&_nc_ohc=4SvSdyCHpSIAX-GAWCO&tp=1&oh=6d8a78d8dcff7adc0f327d496c8146a3&oe=5FC5781C"
    },
    {
      "src": "https://scontent-lax3-2.cdninstagram.com/v/t51.2885-15/sh0.08/e35/s640x640/127908854_875754879861727_4429499396917061939_n.jpg?_nc_ht=scontent-lax3-2.cdninstagram.com&_nc_cat=107&_nc_ohc=Bi7q7DmUDM0AX9USpsZ&tp=1&oh=bc5d391513c26616f4ade5cac0bf2e2c&oe=5FED98E6"
    },
    {
      "src": "https://scontent-lax3-2.cdninstagram.com/v/t51.2885-15/sh0.08/e35/s640x640/128253833_1281871315525854_589736857150520245_n.jpg?_nc_ht=scontent-lax3-2.cdninstagram.com&_nc_cat=106&_nc_ohc=Sd0J4WK6cr0AX8yuIoS&tp=1&oh=1d707cfe670fc23d076285460adb4ca8&oe=5FEE045C"
    },
    {
      "src": "https://scontent-lax3-1.cdninstagram.com/v/t51.2885-15/sh0.08/e35/s640x640/127681384_381171182989056_2239117133156595966_n.jpg?_nc_ht=scontent-lax3-1.cdninstagram.com&_nc_cat=100&_nc_ohc=gR4wKWsxC5EAX-ijlvn&tp=1&oh=62d5938f0efd8726ac6bef6b91d5304e&oe=5FEB43E6"
    },
    {
      "src": "https://scontent-lax3-1.cdninstagram.com/v/t51.2885-15/sh0.08/e35/s640x640/127804542_454903569146761_6800407365387114447_n.jpg?_nc_ht=scontent-lax3-1.cdninstagram.com&_nc_cat=101&_nc_ohc=5iEgBumnnHEAX8hCk_j&tp=1&oh=0741294865a1c0a35c0fc48d94633788&oe=5FEE43C2"
    },
    {
      "src": "https://scontent-lax3-1.cdninstagram.com/v/t51.2885-15/sh0.08/e35/s640x640/127744263_1055051494936560_3309213605633728145_n.jpg?_nc_ht=scontent-lax3-1.cdninstagram.com&_nc_cat=100&_nc_ohc=d-dAEpSZ71EAX_YNoD7&tp=1&oh=5800c5303c6ddaa6d801982bf4f5b2f2&oe=5FEEB613"
    },
    {
      "src": "https://scontent-lax3-2.cdninstagram.com/v/t51.2885-15/sh0.08/e35/s640x640/127462577_408919213577555_7550321700708195469_n.jpg?_nc_ht=scontent-lax3-2.cdninstagram.com&_nc_cat=111&_nc_ohc=VNESvX5xz90AX-NqsqM&tp=1&oh=54a7cbcec72836a6b894ec6566a37c19&oe=5FEB6E6F"
    },
    {
      "src": "https://scontent-lax3-2.cdninstagram.com/v/t51.2885-15/sh0.08/e35/s640x640/127647183_199368805023030_883259680823164687_n.jpg?_nc_ht=scontent-lax3-2.cdninstagram.com&_nc_cat=106&_nc_ohc=ICXZTZZK-WwAX-OnAcB&tp=1&oh=634d8fa89a702af4491a3f6e03d3af77&oe=5FEC3CAF"
    },
    {
      "src": "https://scontent-lax3-1.cdninstagram.com/v/t51.2885-15/sh0.08/e35/c0.180.1440.1440a/s640x640/128254222_211682767036982_1816636931544095739_n.jpg?_nc_ht=scontent-lax3-1.cdninstagram.com&_nc_cat=102&_nc_ohc=0CLNdpPTXTMAX_terhf&tp=1&oh=5a0d5a760f54703be621354fa42718ea&oe=5FEBF124"
    },
    {
      "src": "https://scontent-lax3-1.cdninstagram.com/v/t51.2885-15/sh0.08/e35/c0.90.720.720a/s640x640/127615307_174914437611220_1518160884021874099_n.jpg?_nc_ht=scontent-lax3-1.cdninstagram.com&_nc_cat=104&_nc_ohc=0xlRGVz1WFUAX-Kj7np&tp=1&oh=aff6ab1a3799d99226c332c63ef06446&oe=5FC56F4C"
    },
    {
      "src": "https://scontent-lax3-1.cdninstagram.com/v/t51.2885-15/sh0.08/e35/s640x640/127641700_999009580606584_8839263928577123796_n.jpg?_nc_ht=scontent-lax3-1.cdninstagram.com&_nc_cat=100&_nc_ohc=j8MhMmkgBgsAX-a3Pfr&tp=1&oh=24d1dba92a28dd167171f95299f65494&oe=5FEB08B6"
    },
    {
      "src": "https://scontent-lax3-1.cdninstagram.com/v/t51.2885-15/sh0.08/e35/s640x640/127505177_206250054342298_3351283422624790653_n.jpg?_nc_ht=scontent-lax3-1.cdninstagram.com&_nc_cat=110&_nc_ohc=hHmEc1x5sI4AX-70_xf&tp=1&oh=279e519b849f25853ab87bef02c1d5ff&oe=5FEC40FD"
    },
    {
      "src": "https://scontent-lax3-2.cdninstagram.com/v/t51.2885-15/sh0.08/e35/s640x640/127920631_101807708411063_3628823267672940291_n.jpg?_nc_ht=scontent-lax3-2.cdninstagram.com&_nc_cat=111&_nc_ohc=0ZQYXjwAgVQAX9GsF_S&tp=1&oh=e4ce8db59c3a946740caf6ffd2f155f5&oe=5FEED375"
    },
    {
      "src": "https://scontent-lax3-1.cdninstagram.com/v/t51.2885-15/sh0.08/e35/s640x640/127285199_371970533867206_6646455716849835201_n.jpg?_nc_ht=scontent-lax3-1.cdninstagram.com&_nc_cat=110&_nc_ohc=GgTcpEZ5YHAAX_21m1H&tp=1&oh=c424345f5671334420bf8ab5f761f898&oe=5FEC13EB"
    },
    {
      "src": "https://scontent-lax3-1.cdninstagram.com/v/t51.2885-15/sh0.08/e35/s640x640/127236508_1105932109839497_8849080284411942135_n.jpg?_nc_ht=scontent-lax3-1.cdninstagram.com&_nc_cat=105&_nc_ohc=hRaMB-YxqqQAX-8zn7_&tp=1&oh=9dcfb8b6604abad97e29263d1c038a58&oe=5FEC5336"
    },
    {
      "src": "https://scontent-lax3-1.cdninstagram.com/v/t51.2885-15/sh0.08/e35/s640x640/127956665_226525775482755_2600638974632751872_n.jpg?_nc_ht=scontent-lax3-1.cdninstagram.com&_nc_cat=103&_nc_ohc=OuDhcqnw1A0AX8h4EU9&tp=1&oh=001095fed88402f75ede6d1c027ba8a3&oe=5FC585AB"
    },
    {
      "src": "https://scontent-lax3-1.cdninstagram.com/v/t51.2885-15/sh0.08/e35/s640x640/127991617_237226594410982_8568975673018886751_n.jpg?_nc_ht=scontent-lax3-1.cdninstagram.com&_nc_cat=110&_nc_ohc=kqyMxQif4zoAX9HuB6V&tp=1&oh=fbcaf4aff3168a8681c2083fabd57a61&oe=5FC571B2"
    },
    {
      "src": "https://scontent-lax3-1.cdninstagram.com/v/t51.2885-15/sh0.08/e35/s640x640/127857897_142825450514954_7481793573761753515_n.jpg?_nc_ht=scontent-lax3-1.cdninstagram.com&_nc_cat=102&_nc_ohc=kWaWOuiRb6QAX96FMGW&tp=1&oh=3a03d3ea7a2a5a9b902eb27e0a6a30e0&oe=5FED977E"
    },
    {
      "src": "https://scontent-lax3-1.cdninstagram.com/v/t51.2885-15/sh0.08/e35/s640x640/127464440_1252682811782787_857758129874633207_n.jpg?_nc_ht=scontent-lax3-1.cdninstagram.com&_nc_cat=103&_nc_ohc=e8Xy-y7IKXgAX_PVCvn&tp=1&oh=138c2f13b009df51a6b6a0786310223d&oe=5FEBAF4A"
    },
    {
      "src": "https://scontent-lax3-1.cdninstagram.com/v/t51.2885-15/sh0.08/e35/s640x640/126091797_1336023650069007_3003823398987899620_n.jpg?_nc_ht=scontent-lax3-1.cdninstagram.com&_nc_cat=103&_nc_ohc=ztX5Xio1-Q4AX_5tsvp&tp=1&oh=7322fa8d677a623751b65c5a28293e8a&oe=5FEDCB5B"
    },
    {
      "src": "https://scontent-lax3-1.cdninstagram.com/v/t51.2885-15/sh0.08/e35/s640x640/127968350_2117359675064619_441144121350467640_n.jpg?_nc_ht=scontent-lax3-1.cdninstagram.com&_nc_cat=103&_nc_ohc=aguJg9YxFOkAX8z8X3C&tp=1&oh=ef85d60374974b7d0841e824e5d95952&oe=5FEC7C28"
    },
    {
      "src": "https://scontent-lax3-1.cdninstagram.com/v/t51.2885-15/sh0.08/e35/s640x640/127430878_706351086685744_1463224470850435156_n.jpg?_nc_ht=scontent-lax3-1.cdninstagram.com&_nc_cat=104&_nc_ohc=gPR3LVMyfxkAX_xCN6J&tp=1&oh=fca7f52c88537af68b76e94ef6f3302a&oe=5FEE73D8"
    },
    {
      "src": "https://scontent-lax3-1.cdninstagram.com/v/t51.2885-15/sh0.08/e35/s640x640/127379558_199708698551845_8237483134734367486_n.jpg?_nc_ht=scontent-lax3-1.cdninstagram.com&_nc_cat=101&_nc_ohc=3Hyjh9o_kycAX_Po7Xi&tp=1&oh=341e6b1d2929dd2b1e396102085811e2&oe=5FEBFCB1"
    },
    {
      "src": "https://scontent-lax3-1.cdninstagram.com/v/t51.2885-15/sh0.08/e35/s640x640/127247408_495380451394937_645663129366160847_n.jpg?_nc_ht=scontent-lax3-1.cdninstagram.com&_nc_cat=105&_nc_ohc=HAIQa1DRArYAX9e-Olb&tp=1&oh=8032f7d33a3bf12b76655c06e443a3fc&oe=5FEE6709"
    }
  ]
}