{
  "user_name": "greenglobe_gadgets",
  "profile_photo": "https://scontent-lax3-2.cdninstagram.com/v/t51.2885-19/s150x150/82690588_597113224195122_6910676420205215744_n.jpg?_nc_ht=scontent-lax3-2.cdninstagram.com&_nc_ohc=2wxIAhDVmlgAX-6VVNR&tp=1&oh=f87a05b730de02d1a07e66ecbc98c787&oe=5FECB7BD",
  "name": "LAPTOPS HP | PHONES| APPLE .",
  "webiste": "",
  "bio": "We offer a variety of services sales of American Used Laptop &amp; after sales support <br>☎️ 08146469277 OR (Dm)<br>Nationwide Delivery Service🇳🇬",
  "category": "",
  "posts_count": "4,829",
  "followers_count": "21.8k",
  "following_count": "88",
  "story_highlights": [
    {
      "text": "AVAILABLES!!!",
      "src": "https://scontent-lax3-2.cdninstagram.com/v/t51.2885-15/s150x150/116129273_355600695430582_8494580577638767427_n.jpg?_nc_ht=scontent-lax3-2.cdninstagram.com&_nc_ohc=XP_AeK2IP1sAX_2YrHa&tp=1&oh=64ddcebf03a3d617dd7b98b4272cfea3&oe=5FEE62DB"
    },
    {
      "text": "Lenovo Brands",
      "src": "https://scontent-lax3-1.cdninstagram.com/v/t51.12442-15/e35/c0.437.1125.1125a/s150x150/66379712_659069981240848_6997685014203654465_n.jpg?_nc_ht=scontent-lax3-1.cdninstagram.com&_nc_cat=104&_nc_ohc=5F1vC-zpYywAX_xsiNI&tp=1&oh=810b1abba091346097309d6a89fe74fb&oe=5FC5720A"
    },
    {
      "text": "Graphics Laptop",
      "src": "https://scontent-lax3-2.cdninstagram.com/v/t51.2885-15/s150x150/66045530_138319624044057_1506045315966544129_n.jpg?_nc_ht=scontent-lax3-2.cdninstagram.com&_nc_ohc=YzHnEI2IyjgAX9ptVXN&tp=1&oh=34f4280cf482d77ff9fae07ddf9ef954&oe=5FEBD686"
    },
    {
      "text": "Hp Brands",
      "src": "https://scontent-lax3-1.cdninstagram.com/v/t51.12442-15/e35/c0.437.1125.1125a/s150x150/66676787_183015169379465_4228233961595993028_n.jpg?_nc_ht=scontent-lax3-1.cdninstagram.com&_nc_cat=105&_nc_ohc=dbTW3W0-oPgAX-YK53O&tp=1&oh=1b6cb744246b9afbb24bc729f2cc825b&oe=5FC5975F"
    },
    {
      "text": "Dell Brands",
      "src": "https://scontent-lax3-1.cdninstagram.com/v/t51.12442-15/e35/c0.437.1125.1125a/s150x150/66136342_499249570841580_8834111965485112316_n.jpg?_nc_ht=scontent-lax3-1.cdninstagram.com&_nc_cat=100&_nc_ohc=4SF9ed7iYo0AX8foMS1&tp=1&oh=9d47e1cdabfaa9ebd5359658a48563e5&oe=5FC585F8"
    },
    {
      "text": "Macbooks",
      "src": "https://scontent-lax3-2.cdninstagram.com/v/t51.2885-15/e35/c0.483.1242.1242a/s150x150/123140686_371753460732263_6673215224589443970_n.jpg?_nc_ht=scontent-lax3-2.cdninstagram.com&_nc_cat=111&_nc_ohc=jGtE7VrFvr8AX9oj4ZZ&tp=1&oh=1952e159bef5106132dc5349c7445efa&oe=5FC5F99E"
    },
    {
      "text": "Edo Benin City",
      "src": "https://scontent-lax3-1.cdninstagram.com/v/t51.12442-15/e35/c0.483.1242.1242a/s150x150/84345599_2601386936764389_2443053547752453245_n.jpg?_nc_ht=scontent-lax3-1.cdninstagram.com&_nc_cat=109&_nc_ohc=05ReX2u3PfoAX-ZGlUP&tp=1&oh=35ad99d678f7216736063c8f268eb3b0&oe=5FC5A18C"
    },
    {
      "text": "Reviews 2.0",
      "src": "https://scontent-lax3-2.cdninstagram.com/v/t51.2885-15/s150x150/83528885_198920887965154_5833119885851821023_n.jpg?_nc_ht=scontent-lax3-2.cdninstagram.com&_nc_ohc=R55d0BwgD4UAX9iJ_iH&tp=1&oh=219278f22af3af9df4c0e40f62e1c968&oe=5FEDEE93"
    },
    {
      "text": "Abuja 2.0",
      "src": "https://scontent-lax3-2.cdninstagram.com/v/t51.2885-15/s150x150/83629710_2544125049157705_574968156685598126_n.jpg?_nc_ht=scontent-lax3-2.cdninstagram.com&_nc_ohc=e7riFSe46EQAX92dGJB&tp=1&oh=6fb837104b33fd739fda94aff2b7969c&oe=5FEEDAD5"
    },
    {
      "text": "Akure ONDOSTATE",
      "src": "https://scontent-lax3-2.cdninstagram.com/v/t51.2885-15/s150x150/82581154_217559469410658_5071089531162352047_n.jpg?_nc_ht=scontent-lax3-2.cdninstagram.com&_nc_ohc=Oax8GI8sGwwAX8rPG15&tp=1&oh=1fd36af87f91ce0db3074db59f6efaa3&oe=5FEC8ACC"
    },
    {
      "text": "PRICE LISTS",
      "src": "https://scontent-lax3-2.cdninstagram.com/v/t51.2885-15/s150x150/82385207_489515701755650_9121414910319365208_n.jpg?_nc_ht=scontent-lax3-2.cdninstagram.com&_nc_ohc=EBdi8_sAGfgAX-HSDlD&tp=1&oh=c9951e3b0cd5253a12ea3b4e5b9572f2&oe=5FEE7E4A"
    },
    {
      "text": "OWERRI WAYBILL",
      "src": "https://scontent-lax3-2.cdninstagram.com/v/t51.2885-15/s150x150/84386320_2764535473654633_2948660056423370708_n.jpg?_nc_ht=scontent-lax3-2.cdninstagram.com&_nc_ohc=q414Yw0w3a8AX9LyyaG&tp=1&oh=07c8fc32261e44b3761ee4029e595e7b&oe=5FEE4085"
    },
    {
      "text": "Abuja !!!",
      "src": "https://scontent-lax3-2.cdninstagram.com/v/t51.2885-15/s150x150/83132865_561881884407063_3880440220438525048_n.jpg?_nc_ht=scontent-lax3-2.cdninstagram.com&_nc_ohc=oMgZ_nZaUdAAX-xEdwU&tp=1&oh=d5cb46edc8def8fc72d4538fbf376943&oe=5FEC29E8"
    }
  ],
  "posts": [
    {
      "src": "https://scontent-lax3-1.cdninstagram.com/v/t51.2885-15/sh0.08/e35/c0.180.1440.1440a/s640x640/127608864_1253272838384818_5132614378618064391_n.jpg?_nc_ht=scontent-lax3-1.cdninstagram.com&_nc_cat=110&_nc_ohc=cHZNypUG5p8AX_o9O1l&tp=1&oh=8b9cf561d56cd3eebd633d667db46d50&oe=5FEDDC78"
    },
    {
      "src": "https://scontent-lax3-1.cdninstagram.com/v/t51.2885-15/sh0.08/e35/c0.180.1440.1440a/s640x640/127639850_715692699360850_2102464161738417564_n.jpg?_nc_ht=scontent-lax3-1.cdninstagram.com&_nc_cat=110&_nc_ohc=vnSADGSvmYwAX_mnnm-&tp=1&oh=f01f5f6df8d6886a5f8f65d1c1caa0ea&oe=5FEB1DA2"
    },
    {
      "src": "https://scontent-lax3-1.cdninstagram.com/v/t51.2885-15/sh0.08/e35/c0.82.656.656a/s640x640/128224916_204871494553060_3101753415472392196_n.jpg?_nc_ht=scontent-lax3-1.cdninstagram.com&_nc_cat=104&_nc_ohc=grTa06jjceEAX_4GwRL&tp=1&oh=015b149c37e64beb8ecd4b1099799e3c&oe=5FC5F41E"
    },
    {
      "src": "https://scontent-lax3-2.cdninstagram.com/v/t51.2885-15/sh0.08/e35/c0.179.1440.1440a/s640x640/128105692_420112459376147_5188037071483466366_n.jpg?_nc_ht=scontent-lax3-2.cdninstagram.com&_nc_cat=111&_nc_ohc=I9gmVQNM6RIAX8VfHYF&tp=1&oh=23a126a9b2287009cea6f7f78d3d3d19&oe=5FEE3C97"
    },
    {
      "src": "https://scontent-lax3-1.cdninstagram.com/v/t51.2885-15/sh0.08/e35/c0.179.1440.1440a/s640x640/127686701_420584322658348_4302138535043614624_n.jpg?_nc_ht=scontent-lax3-1.cdninstagram.com&_nc_cat=104&_nc_ohc=ttaV1XN9Y6sAX9jw1Cs&tp=1&oh=316e704b1c7830275e9fdd8589bebf6c&oe=5FEED956"
    },
    {
      "src": "https://scontent-lax3-1.cdninstagram.com/v/t51.2885-15/sh0.08/e35/s640x640/127635566_388992738820088_8347326644320869602_n.jpg?_nc_ht=scontent-lax3-1.cdninstagram.com&_nc_cat=108&_nc_ohc=yySw_s7b8ZAAX8Wz2a2&tp=1&oh=baaa628dcc67b50a091811a1a46564e6&oe=5FEC3544"
    },
    {
      "src": "https://scontent-lax3-2.cdninstagram.com/v/t51.2885-15/sh0.08/e35/c0.179.1440.1440a/s640x640/127798961_1327098064317263_789090120366058177_n.jpg?_nc_ht=scontent-lax3-2.cdninstagram.com&_nc_cat=111&_nc_ohc=ngILZsXUO5oAX_AMeH1&tp=1&oh=e7380ba1fb8d6a614b2f55159c134593&oe=5FEB5A89"
    },
    {
      "src": "https://scontent-lax3-1.cdninstagram.com/v/t51.2885-15/sh0.08/e35/c0.179.1440.1440a/s640x640/127640910_3453681171425236_8657280639655822446_n.jpg?_nc_ht=scontent-lax3-1.cdninstagram.com&_nc_cat=104&_nc_ohc=BSlGJC0d9cUAX8HUqfI&tp=1&oh=a2dceb25bf052b4142741b79a8391ad8&oe=5FECF0E2"
    },
    {
      "src": "https://scontent-lax3-1.cdninstagram.com/v/t51.2885-15/sh0.08/e35/s640x640/127285228_944637599635021_893325419496069566_n.jpg?_nc_ht=scontent-lax3-1.cdninstagram.com&_nc_cat=101&_nc_ohc=ZVvLpFPc60oAX-RSQHp&tp=1&oh=1ef7e4d19a533fcaee4c1fd01231be32&oe=5FEDFA74"
    },
    {
      "src": "https://scontent-lax3-1.cdninstagram.com/v/t51.2885-15/sh0.08/e35/c0.179.1440.1440a/s640x640/127278834_641003196571296_1309232379134943866_n.jpg?_nc_ht=scontent-lax3-1.cdninstagram.com&_nc_cat=100&_nc_ohc=B1Xmbjpg9VwAX-LBMz0&tp=1&oh=7749517ecabbedd7ea9b02f18ae17700&oe=5FEB8661"
    },
    {
      "src": "https://scontent-lax3-2.cdninstagram.com/v/t51.2885-15/sh0.08/e35/c0.179.1440.1440a/s640x640/128154123_1644706079043078_4821976506635722388_n.jpg?_nc_ht=scontent-lax3-2.cdninstagram.com&_nc_cat=106&_nc_ohc=1AJzofy5UYUAX9pBlDX&tp=1&oh=af3831d524dce0b24d87973ef3982209&oe=5FED2E25"
    },
    {
      "src": "https://scontent-lax3-1.cdninstagram.com/v/t51.2885-15/sh0.08/e35/c0.179.1440.1440a/s640x640/127159311_697920877785033_6335790278707215294_n.jpg?_nc_ht=scontent-lax3-1.cdninstagram.com&_nc_cat=109&_nc_ohc=j0VX5VBBa7AAX8mF6PH&tp=1&oh=c46919a29422586cda0c7cfe05f5d89f&oe=5FEE8C50"
    },
    {
      "src": "https://scontent-lax3-1.cdninstagram.com/v/t51.2885-15/sh0.08/e35/c0.180.1440.1440a/s640x640/127324230_734142823869021_8360105505393799921_n.jpg?_nc_ht=scontent-lax3-1.cdninstagram.com&_nc_cat=109&_nc_ohc=BrFSrIhz5fUAX8XmlWt&tp=1&oh=576a2408203f9f58d1358f54782daedf&oe=5FEB9E51"
    },
    {
      "src": "https://scontent-lax3-1.cdninstagram.com/v/t51.2885-15/sh0.08/e35/c0.180.1440.1440a/s640x640/127436778_136305557953492_4479674986797060546_n.jpg?_nc_ht=scontent-lax3-1.cdninstagram.com&_nc_cat=104&_nc_ohc=DOGci-thtWkAX_uhSvh&tp=1&oh=dbab343676ce0f8ebbe8716282f8510e&oe=5FEC66AB"
    },
    {
      "src": "https://scontent-lax3-1.cdninstagram.com/v/t51.2885-15/sh0.08/e35/c0.180.1440.1440a/s640x640/127414460_420265839149001_7481025765573272498_n.jpg?_nc_ht=scontent-lax3-1.cdninstagram.com&_nc_cat=109&_nc_ohc=bunK6irornMAX8vR9wS&tp=1&oh=d31216db705a546d07b7bd5e42d8bc4a&oe=5FEB381A"
    },
    {
      "src": "https://scontent-lax3-2.cdninstagram.com/v/t51.2885-15/sh0.08/e35/c0.180.1440.1440a/s640x640/127604949_382308143042442_7828704046957530074_n.jpg?_nc_ht=scontent-lax3-2.cdninstagram.com&_nc_cat=106&_nc_ohc=gqkYo9O8jjMAX_hP42C&tp=1&oh=3913a67a97bca7f8e7e1d937175cd336&oe=5FEE9704"
    },
    {
      "src": "https://scontent-lax3-1.cdninstagram.com/v/t51.2885-15/sh0.08/e35/c0.180.1440.1440a/s640x640/127018709_789688781612112_5473803776582116062_n.jpg?_nc_ht=scontent-lax3-1.cdninstagram.com&_nc_cat=100&_nc_ohc=k75o3GycNzEAX8oBzdO&tp=1&oh=b8f34d757814cc7c0cdc38eb2477a675&oe=5FEC1259"
    },
    {
      "src": "https://scontent-lax3-1.cdninstagram.com/v/t51.2885-15/sh0.08/e35/c0.180.1440.1440a/s640x640/127087475_379240539846865_1252764028809531648_n.jpg?_nc_ht=scontent-lax3-1.cdninstagram.com&_nc_cat=101&_nc_ohc=ORsVfJeqcjQAX9LMU4F&tp=1&oh=02c5cef246b4ac61969482d6842c39b1&oe=5FEDE08B"
    },
    {
      "src": "https://scontent-lax3-1.cdninstagram.com/v/t51.2885-15/sh0.08/e35/c0.179.1440.1440a/s640x640/126882291_1051119965347870_2838513712810174691_n.jpg?_nc_ht=scontent-lax3-1.cdninstagram.com&_nc_cat=110&_nc_ohc=OZFnfZxsDSMAX_zDmqX&tp=1&oh=b0dfa58067c08259fcdc4a70a617fc9c&oe=5FEBA4E9"
    },
    {
      "src": "https://scontent-lax3-2.cdninstagram.com/v/t51.2885-15/sh0.08/e35/c0.179.1440.1440a/s640x640/127341774_186676163083271_8883369829390451678_n.jpg?_nc_ht=scontent-lax3-2.cdninstagram.com&_nc_cat=111&_nc_ohc=_lKqkbyOBukAX81X1RO&tp=1&oh=8d4dd7ad23679a84aecd2fafb55e753a&oe=5FECB702"
    },
    {
      "src": "https://scontent-lax3-1.cdninstagram.com/v/t51.2885-15/sh0.08/e35/c0.179.1440.1440a/s640x640/126086518_1508598142667552_1232012157605950424_n.jpg?_nc_ht=scontent-lax3-1.cdninstagram.com&_nc_cat=108&_nc_ohc=ufDcNmx8oTEAX-pFU1L&tp=1&oh=c267beea382fe82552d6edb985512ec4&oe=5FEE662F"
    },
    {
      "src": "https://scontent-lax3-2.cdninstagram.com/v/t51.2885-15/sh0.08/e35/c0.180.1440.1440a/s640x640/126887309_664534344429583_4065539120420122120_n.jpg?_nc_ht=scontent-lax3-2.cdninstagram.com&_nc_cat=107&_nc_ohc=0vxKUgmYja0AX-0dDma&tp=1&oh=0f2025bac8d62d88bc4972164eca6360&oe=5FEE05C6"
    },
    {
      "src": "https://scontent-lax3-2.cdninstagram.com/v/t51.2885-15/sh0.08/e35/c0.180.1440.1440a/s640x640/126915362_294378855156523_2246125477536788445_n.jpg?_nc_ht=scontent-lax3-2.cdninstagram.com&_nc_cat=107&_nc_ohc=ffgEl_lzb6oAX8dhSGY&tp=1&oh=b5b485be3b24c0f9153e5b460c61d5ea&oe=5FED2CCD"
    },
    {
      "src": "https://scontent-lax3-1.cdninstagram.com/v/t51.2885-15/sh0.08/e35/c0.180.1440.1440a/s640x640/126819116_655164821845209_2273754855599951692_n.jpg?_nc_ht=scontent-lax3-1.cdninstagram.com&_nc_cat=109&_nc_ohc=GW-dn_W8Xa4AX9F1k86&tp=1&oh=7d4e47356598c03eb28aaf56c5d0fbab&oe=5FEC99FE"
    }
  ]
}