{
  "user_name": "halostore7",
  "profile_photo": "https://scontent-lax3-2.cdninstagram.com/v/t51.2885-19/s150x150/117575436_727556711414802_5971451891957135165_n.jpg?_nc_ht=scontent-lax3-2.cdninstagram.com&_nc_ohc=GdNJ8OXp-l8AX-inGk1&tp=1&oh=4b46e9b844c98eae668c018350ab970d&oe=5FEE9A2A",
  "name": "Halo Store",
  "webiste": "",
  "bio": "📱BUY || SALE || SWAP <br>☎️ 07026743575 || 07064680400<br>🏍 <a class=\"notranslate\" href=\"/halo_logistics/\" tabindex=\"0\">@halo_logistics</a>",
  "category": "",
  "posts_count": "1,804",
  "followers_count": "38.2k",
  "following_count": "3,603",
  "story_highlights": [
    {
      "text": "CHIP UNLOCK?",
      "src": "https://scontent-lax3-2.cdninstagram.com/v/t51.12442-15/e35/c0.437.1125.1125a/s150x150/89294863_2558138360980446_3915618298899547720_n.jpg?_nc_ht=scontent-lax3-2.cdninstagram.com&_nc_cat=106&_nc_ohc=sgttY7ARF8kAX9btaNt&tp=1&oh=e7fe212e6a59f31046decc91432ac65b&oe=5FC56F1A"
    },
    {
      "text": "FEEDBACK",
      "src": "https://scontent-lax3-2.cdninstagram.com/v/t51.12442-15/e35/c300.560.491.491a/s150x150/66777625_445686432943818_459882196021252895_n.jpg?_nc_ht=scontent-lax3-2.cdninstagram.com&_nc_cat=106&_nc_ohc=2WTEUa97K7QAX86onlJ&tp=1&oh=1bcb0174d09884cb9a5bcff7f2945af7&oe=5FC597A5"
    },
    {
      "text": "STOCK",
      "src": "https://scontent-lax3-1.cdninstagram.com/v/t51.12442-15/e35/c64.335.828.828a/s150x150/70174979_137600590886379_8341889972316939328_n.jpg?_nc_ht=scontent-lax3-1.cdninstagram.com&_nc_cat=103&_nc_ohc=4ze5mvuRDfIAX_J8bM-&tp=1&oh=b9eddf37d0c75a76de7883cf84fa468a&oe=5FC5EF4E"
    },
    {
      "text": "BRAND NEW PRICE",
      "src": "https://scontent-lax3-1.cdninstagram.com/v/t51.12442-15/e35/c0.350.900.900a/s150x150/70174979_137600590886379_8341889972316939328_n.jpg?_nc_ht=scontent-lax3-1.cdninstagram.com&_nc_cat=103&_nc_ohc=4ze5mvuRDfIAX_J8bM-&tp=1&oh=0f32ed43c75f94c338e8f4afadcec89a&oe=5FC59E83"
    },
    {
      "text": "SWAP POLICY",
      "src": "https://scontent-lax3-1.cdninstagram.com/v/t51.12442-15/e35/c0.350.900.900a/s150x150/70174979_137600590886379_8341889972316939328_n.jpg?_nc_ht=scontent-lax3-1.cdninstagram.com&_nc_cat=103&_nc_ohc=4ze5mvuRDfIAX_J8bM-&tp=1&oh=0f32ed43c75f94c338e8f4afadcec89a&oe=5FC59E83"
    },
    {
      "text": "REGISTERED",
      "src": "https://scontent-lax3-1.cdninstagram.com/v/t51.12442-15/e35/c60.356.828.828a/s150x150/70174979_137600590886379_8341889972316939328_n.jpg?_nc_ht=scontent-lax3-1.cdninstagram.com&_nc_cat=103&_nc_ohc=4ze5mvuRDfIAX_J8bM-&tp=1&oh=985fef0f25b93a60f0a28bbc6a37da86&oe=5FC5A2AE"
    },
    {
      "text": "CUSTOMERS SAY..",
      "src": "https://scontent-lax3-1.cdninstagram.com/v/t51.12442-15/e35/c0.420.1080.1080a/s150x150/44439654_2416497021698727_8994311128479929434_n.jpg?_nc_ht=scontent-lax3-1.cdninstagram.com&_nc_cat=103&_nc_ohc=cRIDxZuBZuQAX-WbvkG&tp=1&oh=7a69abe804ffb1ede6104f1dc547f13a&oe=5FC5ADC2"
    },
    {
      "text": "REVIEW",
      "src": "https://scontent-lax3-1.cdninstagram.com/v/t51.12442-15/e35/c0.292.750.750a/s150x150/43984559_168445404103077_4056431181444467728_n.jpg?_nc_ht=scontent-lax3-1.cdninstagram.com&_nc_cat=109&_nc_ohc=rkgJWa3ZSmYAX9MiTQ8&tp=1&oh=e497bb3162bd1886f380811166067a20&oe=5FC5BC37"
    }
  ],
  "posts": [
    {
      "src": "https://scontent-lax3-1.cdninstagram.com/v/t51.2885-15/sh0.08/e35/s640x640/127366782_1076371369491229_4841007200982822507_n.jpg?_nc_ht=scontent-lax3-1.cdninstagram.com&_nc_cat=101&_nc_ohc=z6p1xLP0O04AX8uvDaS&tp=1&oh=8095497cc143bd4cb412acb288df976c&oe=5FECC52F"
    },
    {
      "src": "https://scontent-lax3-1.cdninstagram.com/v/t51.2885-15/sh0.08/e35/s640x640/127668467_1599800850201745_8811117380503256641_n.jpg?_nc_ht=scontent-lax3-1.cdninstagram.com&_nc_cat=101&_nc_ohc=oMTuMJhhk0cAX_83urF&tp=1&oh=846a34326538f0a1b52e54197099b2c3&oe=5FEDB72C"
    },
    {
      "src": "https://scontent-lax3-1.cdninstagram.com/v/t51.2885-15/sh0.08/e35/s640x640/127734168_443442050000042_8284698306813830236_n.jpg?_nc_ht=scontent-lax3-1.cdninstagram.com&_nc_cat=102&_nc_ohc=MRgRoCMI8UkAX9Vu8gd&tp=1&oh=78e74018e79ef212c5efb67e272d8bf9&oe=5FECB5D4"
    },
    {
      "src": "https://scontent-lax3-1.cdninstagram.com/v/t51.2885-15/sh0.08/e35/c0.90.720.720a/s640x640/127619877_995193964303131_349943476553802131_n.jpg?_nc_ht=scontent-lax3-1.cdninstagram.com&_nc_cat=103&_nc_ohc=3sBc448C2SwAX8_yB2a&tp=1&oh=82b42cdf8aaacee1698ddbdc0f40cc4f&oe=5FC6112D"
    },
    {
      "src": "https://scontent-lax3-2.cdninstagram.com/v/t51.2885-15/sh0.08/e35/c0.90.720.720a/s640x640/128068891_385285866137207_2626179361319894762_n.jpg?_nc_ht=scontent-lax3-2.cdninstagram.com&_nc_cat=111&_nc_ohc=N0sMPmD7lPwAX_zUsA6&tp=1&oh=49e8ad7eddbdd77fbd4aab1aef47339e&oe=5FC5BCA2"
    },
    {
      "src": "https://scontent-lax3-1.cdninstagram.com/v/t51.2885-15/e35/127083808_952736388589601_6535083790960084547_n.jpg?_nc_ht=scontent-lax3-1.cdninstagram.com&_nc_cat=105&_nc_ohc=2dxNR1BbFy4AX_oXy_T&tp=1&oh=5114020a8d12058c3d5da20a017faa8b&oe=5FED6612"
    },
    {
      "src": "https://scontent-lax3-2.cdninstagram.com/v/t51.2885-15/sh0.08/e35/c0.117.937.937a/s640x640/127339979_2865179833716427_7685605818252166822_n.jpg?_nc_ht=scontent-lax3-2.cdninstagram.com&_nc_cat=107&_nc_ohc=tzcRwBP72xkAX-KRxzx&tp=1&oh=1f3b80adb1ba04e745ff7641e94af693&oe=5FECE939"
    },
    {
      "src": "https://scontent-lax3-1.cdninstagram.com/v/t51.2885-15/sh0.08/e35/s640x640/126073087_219787316183376_3278033228779324521_n.jpg?_nc_ht=scontent-lax3-1.cdninstagram.com&_nc_cat=100&_nc_ohc=kwz2Ji3oaq8AX9Dpivc&tp=1&oh=49bfb1c64b59c4980c88645889b9a8ac&oe=5FECB73A"
    },
    {
      "src": "https://scontent-lax3-2.cdninstagram.com/v/t51.2885-15/sh0.08/e35/s640x640/126875100_199230028490322_3606221259778766336_n.jpg?_nc_ht=scontent-lax3-2.cdninstagram.com&_nc_cat=106&_nc_ohc=LVAbdzoE4YwAX__uJB7&tp=1&oh=ef2a2060941b51b4cc3ac16ab89a1e69&oe=5FECB467"
    },
    {
      "src": "https://scontent-lax3-1.cdninstagram.com/v/t51.2885-15/sh0.08/e35/s640x640/126343296_372015970542351_2301999059288488790_n.jpg?_nc_ht=scontent-lax3-1.cdninstagram.com&_nc_cat=103&_nc_ohc=hLKp39R3654AX_k1iuC&tp=1&oh=bc797be7ad358ca741fa6aac2aafa0a1&oe=5FEE8069"
    },
    {
      "src": "https://scontent-lax3-1.cdninstagram.com/v/t51.2885-15/sh0.08/e35/c0.90.720.720a/s640x640/126914014_713305572634552_4695049214010243826_n.jpg?_nc_ht=scontent-lax3-1.cdninstagram.com&_nc_cat=104&_nc_ohc=Drgskm3TFCcAX-ppFZl&tp=1&oh=bce98716df29f8636a57bfbd769ed175&oe=5FC5FA9A"
    },
    {
      "src": "https://scontent-lax3-1.cdninstagram.com/v/t51.2885-15/e35/c0.6.618.618a/127011506_3515570585199517_7568609713337616643_n.jpg?_nc_ht=scontent-lax3-1.cdninstagram.com&_nc_cat=101&_nc_ohc=9PY3SpVwiDAAX_BKkyR&tp=1&oh=a7d914f0f1f62494b8b2f03656a6411e&oe=5FEC3458"
    },
    {
      "src": "https://scontent-lax3-1.cdninstagram.com/v/t51.2885-15/sh0.08/e35/s640x640/126119375_374939310285709_653762084034503568_n.jpg?_nc_ht=scontent-lax3-1.cdninstagram.com&_nc_cat=101&_nc_ohc=dMDBZIxpYzkAX_TwYKP&tp=1&oh=7dbcd8e668fdcbab7a997c441fdb413b&oe=5FEC93F1"
    },
    {
      "src": "https://scontent-lax3-2.cdninstagram.com/v/t51.2885-15/sh0.08/e35/s640x640/126870123_216176373195295_828092389963269321_n.jpg?_nc_ht=scontent-lax3-2.cdninstagram.com&_nc_cat=107&_nc_ohc=V6KNINTt1zMAX__e94i&tp=1&oh=120edf9bfcb5db3a5aa13325cf54f66c&oe=5FEBAEBA"
    },
    {
      "src": "https://scontent-lax3-1.cdninstagram.com/v/t51.2885-15/sh0.08/e35/s640x640/126375814_204330584582181_3648492597991860854_n.jpg?_nc_ht=scontent-lax3-1.cdninstagram.com&_nc_cat=109&_nc_ohc=XACSsmY47q4AX819-Wc&tp=1&oh=3372ee995fd62e5ed112638175cc0faf&oe=5FEC0A2B"
    },
    {
      "src": "https://scontent-lax3-1.cdninstagram.com/v/t51.2885-15/sh0.08/e35/s640x640/126104048_2796225653971539_3016690854480976642_n.jpg?_nc_ht=scontent-lax3-1.cdninstagram.com&_nc_cat=103&_nc_ohc=jbPuazmvGuEAX-VqySo&tp=1&oh=b243226b6644553ea6bad32f9e7fd4c2&oe=5FEE1A60"
    },
    {
      "src": "https://scontent-lax3-1.cdninstagram.com/v/t51.2885-15/sh0.08/e35/c0.32.1440.1440a/s640x640/126783932_699938877316009_1078664327182865843_n.jpg?_nc_ht=scontent-lax3-1.cdninstagram.com&_nc_cat=101&_nc_ohc=hU79UcNyFnAAX_1TMZB&tp=1&oh=f6a9883bac32d8c0f187501fd1d89f16&oe=5FED4849"
    },
    {
      "src": "https://scontent-lax3-1.cdninstagram.com/v/t51.2885-15/sh0.08/e35/s640x640/125876624_3558892850846104_5955103087362781751_n.jpg?_nc_ht=scontent-lax3-1.cdninstagram.com&_nc_cat=104&_nc_ohc=YpYbSGo-b4kAX-f6gos&tp=1&oh=af8abe02c496ba376134783f38bd28a0&oe=5FEC1C5D"
    },
    {
      "src": "https://scontent-lax3-1.cdninstagram.com/v/t51.2885-15/sh0.08/e35/s640x640/126433581_116667323453859_626287541067766333_n.jpg?_nc_ht=scontent-lax3-1.cdninstagram.com&_nc_cat=103&_nc_ohc=bRuRmA3dLeoAX88z0IT&tp=1&oh=f80d9b7b5bcbe760d89afcc86efbcbd8&oe=5FED35E7"
    },
    {
      "src": "https://scontent-lax3-1.cdninstagram.com/v/t51.2885-15/sh0.08/e35/c0.90.720.720a/s640x640/126062763_407616496952008_4871887785603862070_n.jpg?_nc_ht=scontent-lax3-1.cdninstagram.com&_nc_cat=104&_nc_ohc=Tjdu1bM8j74AX_VhWIr&tp=1&oh=f3fa51906c73f629b2835d90f0da051b&oe=5FC5DD58"
    },
    {
      "src": "https://scontent-lax3-2.cdninstagram.com/v/t51.2885-15/sh0.08/e35/c0.73.1440.1440a/s640x640/126055272_1263135777405762_1178605096523006882_n.jpg?_nc_ht=scontent-lax3-2.cdninstagram.com&_nc_cat=106&_nc_ohc=UIl_1ACSngUAX9WPqs-&tp=1&oh=69401ef1ac147446206adca742d7d69a&oe=5FEC55C3"
    },
    {
      "src": "https://scontent-lax3-1.cdninstagram.com/v/t51.2885-15/sh0.08/e35/c0.90.720.720a/s640x640/126296973_133106124910024_3596638713803360345_n.jpg?_nc_ht=scontent-lax3-1.cdninstagram.com&_nc_cat=104&_nc_ohc=U4QK0iK_Da8AX-Mu8B5&tp=1&oh=fd7269f5d719b5153a1f291be2833546&oe=5FC598E9"
    },
    {
      "src": "https://scontent-lax3-1.cdninstagram.com/v/t51.2885-15/sh0.08/e35/c0.90.720.720a/s640x640/125907878_181972143539283_2510651718906560720_n.jpg?_nc_ht=scontent-lax3-1.cdninstagram.com&_nc_cat=103&_nc_ohc=3Bg4mcIkF14AX9QCX2q&tp=1&oh=177bafd8982297017f7aae984e12850c&oe=5FC597EB"
    },
    {
      "src": "https://scontent-lax3-2.cdninstagram.com/v/t51.2885-15/sh0.08/e35/c0.56.850.850a/s640x640/125957912_402574134215479_8916598653749295248_n.jpg?_nc_ht=scontent-lax3-2.cdninstagram.com&_nc_cat=107&_nc_ohc=PQk2WHM8GlAAX8-NWBk&tp=1&oh=f59e28e80ff13a36d90afcee690d34f8&oe=5FEBA4F4"
    }
  ]
}