{
  "user_name": "hiiii_style",
  "profile_photo": "https://scontent-lax3-2.cdninstagram.com/v/t51.2885-19/s150x150/74344936_1347448108773978_5444853594463404032_n.jpg?_nc_ht=scontent-lax3-2.cdninstagram.com&_nc_ohc=33v5jbmWrDoAX_ziPI2&tp=1&oh=0e0e48b859bcebfc5090e4b51ac0a519&oe=5FED6C88",
  "name": "LADIES CLUB  KENYA",
  "webiste": "https://l.instagram.com/?u=https%3A%2F%2Fwa.me%2F254733131155&e=ATNSXfE8kq1YLEzMrw2lwDwml7PisIPuZoiBmWs0FIwu4rAPlej8VT7fV8llgQYcgufGhR2AbeWCjQazCDhx1Q&s=1",
  "bio": "Clothes and accessories <br>RETAILERS <br>RNG PLAZA 3RD FLOOR<br>RONALD NGALA STREET<br>DOWNTOWN <br>TILL NO:213486<br>...<br>  <br>9.00A.M-8.00P.M<br>+254733131155",
  "category": "",
  "posts_count": "5,088",
  "followers_count": "84.2k",
  "following_count": "304",
  "story_highlights": [
    {
      "text": "FAQ,s...",
      "src": "https://scontent-lax3-2.cdninstagram.com/v/t51.2885-15/s150x150/126982354_397423347976232_7768257286505471812_n.jpg?_nc_ht=scontent-lax3-2.cdninstagram.com&_nc_ohc=ukr0-LINUV4AX-ui_6M&tp=1&oh=19086f92aa57d0a1abd5808f6fd056fd&oe=5FED76A4"
    },
    {
      "text": "#LOCATION",
      "src": "https://scontent-lax3-1.cdninstagram.com/v/t51.2885-15/e35/c56.496.1152.1152a/s150x150/126310796_775780856304516_6442089611021206563_n.jpg?_nc_ht=scontent-lax3-1.cdninstagram.com&_nc_cat=100&_nc_ohc=F3_mGGYfVgUAX_aaFld&tp=1&oh=b3bb4fdc0fbdf6356ee4fb6b68a5617e&oe=5FC5E4CD"
    },
    {
      "text": "Official hours",
      "src": "https://scontent-lax3-2.cdninstagram.com/v/t51.12442-15/e35/c32.337.926.926a/s150x150/73149003_163621401546323_8161673896913613986_n.jpg?_nc_ht=scontent-lax3-2.cdninstagram.com&_nc_cat=111&_nc_ohc=Kfr6ZLNSV0sAX_CnX7c&tp=1&oh=64bef2ae778ba3b06186ca0ca6279d6c&oe=5FC57863"
    },
    {
      "text": "Casual looks",
      "src": "https://scontent-lax3-2.cdninstagram.com/v/t51.2885-15/s150x150/103005222_738448236972858_642650397276785930_n.jpg?_nc_ht=scontent-lax3-2.cdninstagram.com&_nc_ohc=dLiQQrs37tEAX-QHHJ1&tp=1&oh=fd9c5e946b86ccd6971cb6b3af863ae6&oe=5FEE5C97"
    },
    {
      "text": "Official look",
      "src": "https://scontent-lax3-2.cdninstagram.com/v/t51.2885-15/s150x150/107080836_2106660499458625_7118285962280910852_n.jpg?_nc_ht=scontent-lax3-2.cdninstagram.com&_nc_ohc=I1nI0v0QMc0AX_eprEL&tp=1&oh=e91ab7e163ece7fccad1f6b47f9286cf&oe=5FEDA1C4"
    },
    {
      "text": "Cold season",
      "src": "https://scontent-lax3-1.cdninstagram.com/v/t51.12442-15/e35/c0.483.1242.1242a/s150x150/102725170_331717431195872_2646417793384689801_n.jpg?_nc_ht=scontent-lax3-1.cdninstagram.com&_nc_cat=108&_nc_ohc=lFOvyOiVCVIAX_YB22b&tp=1&oh=9d10ef6b21006bacfee83bdc324caa7c&oe=5FC60AF7"
    },
    {
      "text": "#CustomerLove",
      "src": "https://scontent-lax3-1.cdninstagram.com/v/t51.12442-15/e35/c36.424.926.926a/s150x150/76942407_180932153056637_7617358469836445306_n.jpg?_nc_ht=scontent-lax3-1.cdninstagram.com&_nc_cat=105&_nc_ohc=FQFJ6xXBjuIAX8EQeY1&tp=1&oh=a0b3fbaa9a6c84ba22e5720df6fa6992&oe=5FC590EC"
    },
    {
      "text": "Holiday Hours",
      "src": "https://scontent-lax3-1.cdninstagram.com/v/t51.12442-15/e35/c0.388.999.999a/s150x150/75256797_571239043701013_7993989757029283392_n.jpg?_nc_ht=scontent-lax3-1.cdninstagram.com&_nc_cat=101&_nc_ohc=7PTTILCfx_UAX8LAdM7&tp=1&oh=b3db2e45c7f1d8236fb8c5d31e54ee0a&oe=5FC5F421"
    },
    {
      "text": "cover up",
      "src": "https://scontent-lax3-2.cdninstagram.com/v/t51.2885-15/s150x150/103498671_295242274953293_2665650106955861864_n.jpg?_nc_ht=scontent-lax3-2.cdninstagram.com&_nc_ohc=PFY5brCU-lIAX8YHpYV&tp=1&oh=59d8f226db2786f0b62de5fd6e90f8ef&oe=5FECA2E7"
    },
    {
      "text": "Maxi❤️",
      "src": "https://scontent-lax3-2.cdninstagram.com/v/t51.12442-15/e35/c0.388.999.999a/s150x150/79385107_155171359105050_3720459242873168490_n.jpg?_nc_ht=scontent-lax3-2.cdninstagram.com&_nc_cat=106&_nc_ohc=OSFpX98hD9gAX8DtzR-&tp=1&oh=ca1dfd6fcb74dcf9dc5e7c27fc541c29&oe=5FC590D7"
    },
    {
      "text": "maxi",
      "src": "https://scontent-lax3-1.cdninstagram.com/v/t51.12442-15/e35/c0.557.1080.1080a/s150x150/73381141_2481208978803075_7406326573951833917_n.jpg?_nc_ht=scontent-lax3-1.cdninstagram.com&_nc_cat=103&_nc_ohc=rR49in_apVcAX8P_3NG&tp=1&oh=7ebefdb14a8f869d3848913114dcd58b&oe=5FC5EB67"
    },
    {
      "text": "maximum beauty",
      "src": "https://scontent-lax3-1.cdninstagram.com/v/t51.12442-15/e35/c0.557.1080.1080a/s150x150/74521304_1262276377316246_1706550696892616823_n.jpg?_nc_ht=scontent-lax3-1.cdninstagram.com&_nc_cat=102&_nc_ohc=9vvdDdoybfgAX98CsI-&tp=1&oh=1d97cbea762f657ef9b76eedaa9b1d17&oe=5FC5D332"
    },
    {
      "text": "i",
      "src": "https://scontent-lax3-1.cdninstagram.com/v/t51.12442-15/e35/c0.557.1080.1080a/s150x150/69805450_235240784119949_7154992842412312398_n.jpg?_nc_ht=scontent-lax3-1.cdninstagram.com&_nc_cat=105&_nc_ohc=UQFQISy9ZW8AX8uXWFT&tp=1&oh=48fef47fd6a3bbaf6d87c1725424cfa7&oe=5FC5C07B"
    }
  ],
  "posts": [
    {
      "src": "https://scontent-lax3-1.cdninstagram.com/v/t51.2885-15/e35/127848125_666369020604224_2418416666891273628_n.jpg?_nc_ht=scontent-lax3-1.cdninstagram.com&_nc_cat=108&_nc_ohc=M3bV0DAXxRAAX8ST0Q3&tp=1&oh=1c24b404f3b8cb8c30c06bb37c2f20d0&oe=5FC5A2C8"
    },
    {
      "src": "https://scontent-lax3-1.cdninstagram.com/v/t51.2885-15/e35/c0.210.540.540a/128558101_1039697173123756_130081530127914575_n.jpg?_nc_ht=scontent-lax3-1.cdninstagram.com&_nc_cat=104&_nc_ohc=5GuUUqkHKQUAX9LV8tE&tp=1&oh=e6de002cd8dd2d9c71af7f678636922f&oe=5FC5BFDD"
    },
    {
      "src": "https://scontent-lax3-1.cdninstagram.com/v/t51.2885-15/sh0.08/e35/s640x640/127760789_377550260006163_7171905871623792364_n.jpg?_nc_ht=scontent-lax3-1.cdninstagram.com&_nc_cat=103&_nc_ohc=U5tclvu0dgIAX_mowr9&tp=1&oh=7fd45169893a1e477fcb9b7fa05d102d&oe=5FEE64BC"
    },
    {
      "src": "https://scontent-lax3-1.cdninstagram.com/v/t51.2885-15/sh0.08/e35/c0.483.1242.1242a/s640x640/128086444_815391172648013_2814613042591799839_n.jpg?_nc_ht=scontent-lax3-1.cdninstagram.com&_nc_cat=105&_nc_ohc=kJV2zbiMMhAAX926kvP&tp=1&oh=65ffb32510ad271289ed336a7e8e01d3&oe=5FC5AE0A"
    },
    {
      "src": "https://scontent-lax3-1.cdninstagram.com/v/t51.2885-15/sh0.08/e35/c0.90.720.720a/s640x640/128194594_3541661525899714_2438139279153695747_n.jpg?_nc_ht=scontent-lax3-1.cdninstagram.com&_nc_cat=110&_nc_ohc=4Q5vcXp6dcMAX9QtHiy&tp=1&oh=fc7f623025338dbbac240f11b4d18259&oe=5FC56F43"
    },
    {
      "src": "https://scontent-lax3-1.cdninstagram.com/v/t51.2885-15/e35/127826955_2888817591347753_7635347026666820852_n.jpg?_nc_ht=scontent-lax3-1.cdninstagram.com&_nc_cat=105&_nc_ohc=jdOBJ3jQLSwAX8i7VFC&tp=1&oh=65f34b9c8d45f74490722e1383578ee6&oe=5FC577E9"
    },
    {
      "src": "https://scontent-lax3-1.cdninstagram.com/v/t51.2885-15/sh0.08/e35/s640x640/127632114_857870044962734_2810098833010882473_n.jpg?_nc_ht=scontent-lax3-1.cdninstagram.com&_nc_cat=102&_nc_ohc=5HYJQaD3y4EAX-FIY4J&tp=1&oh=c0cf43b106792269f24be8a5e1c790ef&oe=5FECA0EE"
    },
    {
      "src": "https://scontent-lax3-1.cdninstagram.com/v/t51.2885-15/sh0.08/e35/s640x640/128468432_750360602546589_3656535372172397480_n.jpg?_nc_ht=scontent-lax3-1.cdninstagram.com&_nc_cat=109&_nc_ohc=DPEnuluFV8oAX9NLgBP&tp=1&oh=7e9f7f63351bedce8303254f527c90ee&oe=5FECCFFA"
    },
    {
      "src": "https://scontent-lax3-1.cdninstagram.com/v/t51.2885-15/sh0.08/e35/c0.180.1440.1440a/s640x640/127726902_1318273531850801_5474861329675065216_n.jpg?_nc_ht=scontent-lax3-1.cdninstagram.com&_nc_cat=105&_nc_ohc=Eawqjd1DixoAX9HrvNG&tp=1&oh=ddd4b0464f6c6189cd2a21cc02ccca9e&oe=5FEE7A24"
    },
    {
      "src": "https://scontent-lax3-1.cdninstagram.com/v/t51.2885-15/sh0.08/e35/c0.483.1242.1242a/s640x640/127732874_875120499893749_4837907027605347403_n.jpg?_nc_ht=scontent-lax3-1.cdninstagram.com&_nc_cat=101&_nc_ohc=FGBTPx-NzlMAX9AlbSc&tp=1&oh=56e1bc08da3bff2797ee7248c744f874&oe=5FC5ABCB"
    },
    {
      "src": "https://scontent-lax3-2.cdninstagram.com/v/t51.2885-15/sh0.08/e35/c0.420.1080.1080a/s640x640/128109206_414452126361858_7141734561437437282_n.jpg?_nc_ht=scontent-lax3-2.cdninstagram.com&_nc_cat=106&_nc_ohc=i5xOCSQKuoQAX-QzCL3&tp=1&oh=9413eec400ad264d4c57dd7446596f3e&oe=5FC57066"
    },
    {
      "src": "https://scontent-lax3-1.cdninstagram.com/v/t51.2885-15/sh0.08/e35/c0.180.1440.1440a/s640x640/128366750_179363313846841_3468926314069113478_n.jpg?_nc_ht=scontent-lax3-1.cdninstagram.com&_nc_cat=101&_nc_ohc=OaH4hHytUIYAX_j1Nfr&tp=1&oh=a7d3908655591fd7320ac856ea38fc6c&oe=5FEB2545"
    },
    {
      "src": "https://scontent-lax3-2.cdninstagram.com/v/t51.2885-15/sh0.08/e35/c0.483.1242.1242a/s640x640/127303894_148654977010763_4802469153196571807_n.jpg?_nc_ht=scontent-lax3-2.cdninstagram.com&_nc_cat=111&_nc_ohc=LWFCFMOJJYQAX8JrRwd&tp=1&oh=fe86a76004d915ce872eb4b6bf3d725e&oe=5FC5D548"
    },
    {
      "src": "https://scontent-lax3-1.cdninstagram.com/v/t51.2885-15/sh0.08/e35/c0.180.1440.1440a/s640x640/127629981_380139633307550_5953127396810772377_n.jpg?_nc_ht=scontent-lax3-1.cdninstagram.com&_nc_cat=102&_nc_ohc=xmewOHhyUToAX8DpXhW&tp=1&oh=452f8b308b05caee843bfe193e52b331&oe=5FEED6A9"
    },
    {
      "src": "https://scontent-lax3-1.cdninstagram.com/v/t51.2885-15/e35/c0.80.640.640a/127242231_646845759344117_3663804578463613858_n.jpg?_nc_ht=scontent-lax3-1.cdninstagram.com&_nc_cat=105&_nc_ohc=U43ya_RzC_UAX-U-LLv&tp=1&oh=da39ce8b86f4340847fc39da34955860&oe=5FC5FAD6"
    },
    {
      "src": "https://scontent-lax3-2.cdninstagram.com/v/t51.2885-15/sh0.08/e35/c0.280.720.720a/s640x640/127413157_203437424715090_789832723714761726_n.jpg?_nc_ht=scontent-lax3-2.cdninstagram.com&_nc_cat=106&_nc_ohc=hyMgd9kGk0EAX-lfV43&tp=1&oh=3150e93bfdba99a91ded6c99ca2ff6c7&oe=5FC5FBDF"
    },
    {
      "src": "https://scontent-lax3-2.cdninstagram.com/v/t51.2885-15/sh0.08/e35/c0.280.720.720a/s640x640/127402266_123519686076558_5402099112590463055_n.jpg?_nc_ht=scontent-lax3-2.cdninstagram.com&_nc_cat=106&_nc_ohc=e2fd5ch0QzgAX8dPMwb&tp=1&oh=069e32440054d8884880459c7c7aed1b&oe=5FC5EB53"
    },
    {
      "src": "https://scontent-lax3-2.cdninstagram.com/v/t51.2885-15/sh0.08/e35/c0.135.1080.1080a/s640x640/127236512_397706234909491_7704531457694121084_n.jpg?_nc_ht=scontent-lax3-2.cdninstagram.com&_nc_cat=107&_nc_ohc=7aa1tJ6p2O4AX_Xzo1h&tp=1&oh=431e5b84cb3796719f9e5cab027d92dc&oe=5FEC6256"
    },
    {
      "src": "https://scontent-lax3-1.cdninstagram.com/v/t51.2885-15/sh0.08/e35/c0.180.1440.1440a/s640x640/127280294_213791170113494_2353189394353479504_n.jpg?_nc_ht=scontent-lax3-1.cdninstagram.com&_nc_cat=102&_nc_ohc=1PkZO-BcsNMAX8KgFNa&tp=1&oh=49174a73f5f45f0638ef0dfc44d1e251&oe=5FECD22C"
    },
    {
      "src": "https://scontent-lax3-1.cdninstagram.com/v/t51.2885-15/sh0.08/e35/c0.280.720.720a/s640x640/125816295_1698726990305782_2815616928362900410_n.jpg?_nc_ht=scontent-lax3-1.cdninstagram.com&_nc_cat=110&_nc_ohc=cZ2cK6aecSgAX_c941D&tp=1&oh=159fd22ffe2e0c719583d3bcf9f9e43e&oe=5FC5EB50"
    },
    {
      "src": "https://scontent-lax3-1.cdninstagram.com/v/t51.2885-15/sh0.08/e35/c0.180.1440.1440a/s640x640/127660261_374494310473420_8666205697210746463_n.jpg?_nc_ht=scontent-lax3-1.cdninstagram.com&_nc_cat=104&_nc_ohc=Vx310hR1GDkAX-AppL0&tp=1&oh=7773fc07541a863d46f7a0820548891f&oe=5FEC2EC4"
    },
    {
      "src": "https://scontent-lax3-1.cdninstagram.com/v/t51.2885-15/sh0.08/e35/c0.180.1440.1440a/s640x640/127112144_390529808664410_1238437243298986362_n.jpg?_nc_ht=scontent-lax3-1.cdninstagram.com&_nc_cat=102&_nc_ohc=FiMH5lCOqV0AX_mFrbZ&tp=1&oh=1c53c19694738381dda89c2f4b2a573d&oe=5FED5CCF"
    },
    {
      "src": "https://scontent-lax3-1.cdninstagram.com/v/t51.2885-15/sh0.08/e35/c0.180.1440.1440a/s640x640/127108412_659196741374822_8399970885108353692_n.jpg?_nc_ht=scontent-lax3-1.cdninstagram.com&_nc_cat=102&_nc_ohc=yOrIy8osLLIAX-DRyKz&tp=1&oh=60e7594aa2fe8a2191cc8bf8bac39457&oe=5FED7478"
    },
    {
      "src": "https://scontent-lax3-1.cdninstagram.com/v/t51.2885-15/sh0.08/e35/c0.280.720.720a/s640x640/127266345_717477869174150_8770032148339042649_n.jpg?_nc_ht=scontent-lax3-1.cdninstagram.com&_nc_cat=102&_nc_ohc=kz84uUOMq6YAX94GIqm&tp=1&oh=a5ab949410c5e6ab7845a5381306014f&oe=5FC59591"
    }
  ]
}