{
  "user_name": "ipower_link",
  "profile_photo": "https://scontent-lax3-2.cdninstagram.com/v/t51.2885-19/s150x150/87527452_2684195814951354_4399317086984208384_n.jpg?_nc_ht=scontent-lax3-2.cdninstagram.com&_nc_ohc=nv29_gkVtGEAX9XLl-j&tp=1&oh=56bab5867827938c84e027ee04b73608&oe=5FEB1446",
  "name": "Phones | Laptop |Gadgets store",
  "webiste": "",
  "bio": "New and Used Mobile phones/Laptops/Gadgets in Nigeria with Warranty.<br>Call / WhatsApp: <br>07013330004<br>08032400083<br>09072299026<br>09038282981",
  "category": "",
  "posts_count": "1,547",
  "followers_count": "64.2k",
  "following_count": "1,227",
  "story_highlights": [
    {
      "text": "Swap",
      "src": "https://scontent-lax3-2.cdninstagram.com/v/t51.2885-15/s150x150/57506445_173384056994497_5575165887639161961_n.jpg?_nc_ht=scontent-lax3-2.cdninstagram.com&_nc_ohc=Tw77HpitDx4AX_P7KOz&tp=1&oh=12ffd2692aff2637e5f05e01329886ef&oe=5FEEF28B"
    },
    {
      "text": "Updates",
      "src": "https://scontent-lax3-2.cdninstagram.com/v/t51.2885-15/s150x150/59541282_355126928450993_1208899387268018191_n.jpg?_nc_ht=scontent-lax3-2.cdninstagram.com&_nc_ohc=VVLv2KCyTl8AX80Y5Bv&tp=1&oh=2c477aa7a1fa6fa6b8e742ae0098be7d&oe=5FEC437C"
    },
    {
      "text": "Delivery",
      "src": "https://scontent-lax3-2.cdninstagram.com/v/t51.2885-15/s150x150/58410627_272748556942974_1121547396490678684_n.jpg?_nc_ht=scontent-lax3-2.cdninstagram.com&_nc_ohc=8_1NV8NimJIAX9oK344&tp=1&oh=5d22b57fcd431b718616ee67dcd67e3d&oe=5FEEC76A"
    },
    {
      "text": "Web",
      "src": "https://scontent-lax3-2.cdninstagram.com/v/t51.2885-15/s150x150/57648929_162367094782845_7865872054852671479_n.jpg?_nc_ht=scontent-lax3-2.cdninstagram.com&_nc_ohc=5XcD2fA9UfwAX9ThbYD&tp=1&oh=e7a4b9fcfbca6b4e1cafcc4fd1f19add&oe=5FEB47B5"
    },
    {
      "text": "About us",
      "src": "https://scontent-lax3-2.cdninstagram.com/v/t51.2885-15/s150x150/58410220_2309673542429326_49708117375163123_n.jpg?_nc_ht=scontent-lax3-2.cdninstagram.com&_nc_ohc=8G4phAAwu8QAX_37xeZ&tp=1&oh=0232cc6abc5887bb4bfc1fe8e9cad5e0&oe=5FEDEA96"
    }
  ],
  "posts": [
    {
      "src": "https://scontent-lax3-1.cdninstagram.com/v/t51.2885-15/sh0.08/e35/s640x640/127766453_141310137736803_6894881698406322681_n.jpg?_nc_ht=scontent-lax3-1.cdninstagram.com&_nc_cat=103&_nc_ohc=E8_CwbC6sAgAX8Y-rLg&tp=1&oh=e9444db0c5fc1878cea2441688245754&oe=5FEEEF55"
    },
    {
      "src": "https://scontent-lax3-1.cdninstagram.com/v/t51.2885-15/sh0.08/e35/c0.0.1079.1079a/s640x640/127696212_215343970107170_8184023983702631958_n.jpg?_nc_ht=scontent-lax3-1.cdninstagram.com&_nc_cat=102&_nc_ohc=aDml8eqMAloAX8wljUt&tp=1&oh=aa0d7cfc7db50149cdafafc140b54622&oe=5FEDC199"
    },
    {
      "src": "https://scontent-lax3-1.cdninstagram.com/v/t51.2885-15/sh0.08/e35/s640x640/128387383_2871491146429022_6691367898776771298_n.jpg?_nc_ht=scontent-lax3-1.cdninstagram.com&_nc_cat=102&_nc_ohc=L4Biv6ng3X0AX9J0jvk&tp=1&oh=d44783db5bb4010684fcdec5cd300629&oe=5FC57B35"
    },
    {
      "src": "https://scontent-lax3-1.cdninstagram.com/v/t51.2885-15/sh0.08/e35/c0.134.1071.1071a/s640x640/127909400_230028261799416_2989186499246420474_n.jpg?_nc_ht=scontent-lax3-1.cdninstagram.com&_nc_cat=100&_nc_ohc=NduRJE6TROMAX9bewCZ&tp=1&oh=ebc5a410d64e1dbb4a046e5d7bbd8cc5&oe=5FEED612"
    },
    {
      "src": "https://scontent-lax3-1.cdninstagram.com/v/t51.2885-15/sh0.08/e35/c0.133.1068.1068a/s640x640/127835730_366174884479836_6091998746353162691_n.jpg?_nc_ht=scontent-lax3-1.cdninstagram.com&_nc_cat=100&_nc_ohc=1kOFylcDsZYAX-juLVY&tp=1&oh=a4a24bfec783e9741c700bd52ee4bcc8&oe=5FED2A22"
    },
    {
      "src": "https://scontent-lax3-1.cdninstagram.com/v/t51.2885-15/sh0.08/e35/c1.0.1078.1078a/s640x640/127630714_727966974490178_8117970011685295613_n.jpg?_nc_ht=scontent-lax3-1.cdninstagram.com&_nc_cat=102&_nc_ohc=svxNvVSqjf4AX8dwQp4&tp=1&oh=512d6339b1b3ac3c95d954af2fe4f7a9&oe=5FEB790A"
    },
    {
      "src": "https://scontent-lax3-1.cdninstagram.com/v/t51.2885-15/sh0.08/e35/c0.132.1077.1077a/s640x640/127639850_1043151982827022_5469662327496515789_n.jpg?_nc_ht=scontent-lax3-1.cdninstagram.com&_nc_cat=110&_nc_ohc=4PpHZIrWvNwAX9koJlC&tp=1&oh=1d85d1f3a06fc571025d5b742db7ee91&oe=5FED492E"
    },
    {
      "src": "https://scontent-lax3-2.cdninstagram.com/v/t51.2885-15/sh0.08/e35/c0.131.1080.1080a/s640x640/127700453_2849954288611171_1114069184035649562_n.jpg?_nc_ht=scontent-lax3-2.cdninstagram.com&_nc_cat=107&_nc_ohc=_wD482BJ814AX__yxsw&tp=1&oh=91a4f16d4e2fe57e3e295723c69b9077&oe=5FEB6148"
    },
    {
      "src": "https://scontent-lax3-2.cdninstagram.com/v/t51.2885-15/sh0.08/e35/c0.0.1079.1079a/s640x640/127149322_756339994957915_7027912915925985178_n.jpg?_nc_ht=scontent-lax3-2.cdninstagram.com&_nc_cat=107&_nc_ohc=I27aln1ilv4AX8WLVDn&tp=1&oh=16194df33acef17343711abe29cbf437&oe=5FEEB13A"
    },
    {
      "src": "https://scontent-lax3-1.cdninstagram.com/v/t51.2885-15/sh0.08/e35/c0.39.1080.1080a/s640x640/127160795_1042518712882106_6788213187311529209_n.jpg?_nc_ht=scontent-lax3-1.cdninstagram.com&_nc_cat=102&_nc_ohc=G0F6Yw6B-yIAX-UVo3w&tp=1&oh=6fac194b74d0cdecbbe0cfb1fa3b24e8&oe=5FEB73F9"
    },
    {
      "src": "https://scontent-lax3-1.cdninstagram.com/v/t51.2885-15/sh0.08/e35/c4.0.1072.1072a/s640x640/126106434_120446983072694_1628764255378602780_n.jpg?_nc_ht=scontent-lax3-1.cdninstagram.com&_nc_cat=102&_nc_ohc=4cylYX8abWUAX8yAjDP&tp=1&oh=dcfd0a7109a6cd3a55b0a0228f6c4f0a&oe=5FEDDC16"
    },
    {
      "src": "https://scontent-lax3-2.cdninstagram.com/v/t51.2885-15/sh0.08/e35/s640x640/127225717_134381315119219_140699289014093629_n.jpg?_nc_ht=scontent-lax3-2.cdninstagram.com&_nc_cat=107&_nc_ohc=rj7fVMCbBK8AX8MOrJ0&tp=1&oh=5f0ee7d496d4d25d1ad27db846490cac&oe=5FC5BA6B"
    },
    {
      "src": "https://scontent-lax3-1.cdninstagram.com/v/t51.2885-15/sh0.08/e35/s640x640/127295879_1521654074709032_8006714572741072537_n.jpg?_nc_ht=scontent-lax3-1.cdninstagram.com&_nc_cat=108&_nc_ohc=ms0IEkGvO8IAX9wN66P&tp=1&oh=43f21790e20f779794748184fbb8eba1&oe=5FED54E8"
    },
    {
      "src": "https://scontent-lax3-1.cdninstagram.com/v/t51.2885-15/sh0.08/e35/c3.0.1073.1073a/s640x640/126908296_807363996771033_3860978178107048954_n.jpg?_nc_ht=scontent-lax3-1.cdninstagram.com&_nc_cat=109&_nc_ohc=MF_JLOPpg6wAX-bqljQ&tp=1&oh=42ed13ac8c3fb3427260c31ef90ea299&oe=5FEE7095"
    },
    {
      "src": "https://scontent-lax3-2.cdninstagram.com/v/t51.2885-15/sh0.08/e35/s640x640/125771109_2720826078160447_6441601110786743675_n.jpg?_nc_ht=scontent-lax3-2.cdninstagram.com&_nc_cat=107&_nc_ohc=h9RuSYxV63YAX9SJS8i&tp=1&oh=3578630973bc242b827bf247f34472a2&oe=5FC5C4FD"
    },
    {
      "src": "https://scontent-lax3-2.cdninstagram.com/v/t51.2885-15/sh0.08/e35/c0.9.1052.1052a/s640x640/126901811_307700640305335_9189090185304081854_n.jpg?_nc_ht=scontent-lax3-2.cdninstagram.com&_nc_cat=107&_nc_ohc=fa0ATyVAUSoAX_phvLf&tp=1&oh=eb872f54201dc2b3b7a48dea982f649c&oe=5FEDC11D"
    },
    {
      "src": "https://scontent-lax3-1.cdninstagram.com/v/t51.2885-15/e35/126838074_3769594466425828_5521448244440708065_n.jpg?_nc_ht=scontent-lax3-1.cdninstagram.com&_nc_cat=104&_nc_ohc=sEXW-dK3iyIAX8daUHw&tp=1&oh=b9c73bd8cebf4ba2ae58213f7571094e&oe=5FC5ECB7"
    },
    {
      "src": "https://scontent-lax3-1.cdninstagram.com/v/t51.2885-15/sh0.08/e35/s640x640/127095181_691500368427598_4622843641929448816_n.jpg?_nc_ht=scontent-lax3-1.cdninstagram.com&_nc_cat=110&_nc_ohc=V9hf3IswfwAAX-FwLUY&tp=1&oh=9875bd0aefd50a3b209948495c62ecc2&oe=5FECCC30"
    },
    {
      "src": "https://scontent-lax3-1.cdninstagram.com/v/t51.2885-15/sh0.08/e35/s640x640/126516060_184117076646022_1711174983274965999_n.jpg?_nc_ht=scontent-lax3-1.cdninstagram.com&_nc_cat=110&_nc_ohc=hYhsiHiYRwcAX-hZABv&tp=1&oh=0031be04081e4ee1a50ba57a877c5fb9&oe=5FC60354"
    },
    {
      "src": "https://scontent-lax3-1.cdninstagram.com/v/t51.2885-15/sh0.08/e35/c64.0.951.951a/s640x640/126093416_379221946731730_4954325017847636627_n.jpg?_nc_ht=scontent-lax3-1.cdninstagram.com&_nc_cat=110&_nc_ohc=TiCslCp5qTQAX80JzsJ&tp=1&oh=17534709c42a055fee57d668e61c9250&oe=5FED2D45"
    },
    {
      "src": "https://scontent-lax3-1.cdninstagram.com/v/t51.2885-15/sh0.08/e35/c4.0.1072.1072a/s640x640/125990525_1274952379549119_359846102430279529_n.jpg?_nc_ht=scontent-lax3-1.cdninstagram.com&_nc_cat=103&_nc_ohc=W7LfJv_0nmsAX8r3yKz&tp=1&oh=8bad5ac4748315c790d2bf84bfed355e&oe=5FEEAD99"
    },
    {
      "src": "https://scontent-lax3-2.cdninstagram.com/v/t51.2885-15/sh0.08/e35/s640x640/126123998_378783320207219_3095925861285623547_n.jpg?_nc_ht=scontent-lax3-2.cdninstagram.com&_nc_cat=111&_nc_ohc=NHwxVjL73GwAX9j_OzV&tp=1&oh=84c6d1baf56c11a09643719bd2e90537&oe=5FEB940C"
    },
    {
      "src": "https://scontent-lax3-2.cdninstagram.com/v/t51.2885-15/sh0.08/e35/c0.115.1080.1080a/s640x640/125871827_369500587615415_5296871064504472805_n.jpg?_nc_ht=scontent-lax3-2.cdninstagram.com&_nc_cat=111&_nc_ohc=L65OW53qksoAX8Xazvm&tp=1&oh=efea4a32ba4b35ecff79015700faf03d&oe=5FEDF9F2"
    },
    {
      "src": "https://scontent-lax3-1.cdninstagram.com/v/t51.2885-15/sh0.08/e35/c0.180.1440.1440a/s640x640/124991034_3612155448901452_3758404715335605404_n.jpg?_nc_ht=scontent-lax3-1.cdninstagram.com&_nc_cat=100&_nc_ohc=cfqZCC2hzAwAX_BPPVj&tp=1&oh=c87acf947e51ae88bbe30904a2753b8a&oe=5FEE3EE1"
    }
  ]
}