{
  "user_name": "joannakcosmetics",
  "profile_photo": "https://scontent-lax3-2.cdninstagram.com/v/t51.2885-19/s150x150/65662596_2295981703824528_6836787495061946368_n.jpg?_nc_ht=scontent-lax3-2.cdninstagram.com&_nc_ohc=lSdPhzhR3dMAX-m8fIs&tp=1&oh=588301b8cdf4d542d2d5bdaafb6bdca9&oe=5FEECAC8",
  "name": "Joanna K Cosmetics",
  "webiste": "https://l.instagram.com/?u=https%3A%2F%2Fjoannakcosmetics.com%2F&e=ATP8zqlATeLmcoRZVfOZJGraIxyPs9Oh-jrQfdqHdTCiRxdx87BtgFJ9O_U8oPcCai5rbT9mQf0VQ8PUqr2UpQ&s=1",
  "bio": "Sure, your life isn't perfect, but your makeup can be!<br>🚚 We ship throughout East Africa<br>👧 Founder : <a class=\"notranslate\" href=\"/joannakinuthia/\" tabindex=\"0\">@joannakinuthia</a><br>📌 <a class=\" xil3i\" href=\"/explore/tags/joannakcosmetics/\" tabindex=\"0\">#joannakcosmetics</a>",
  "category": "",
  "posts_count": "566",
  "followers_count": "57.1k",
  "following_count": "",
  "story_highlights": [
    {
      "text": "Takeovers",
      "src": "https://scontent-lax3-1.cdninstagram.com/v/t51.12442-15/e35/c0.322.828.828a/s150x150/93187982_122315976082956_3623434711881128542_n.jpg?_nc_ht=scontent-lax3-1.cdninstagram.com&_nc_cat=100&_nc_ohc=VNdfPaPNKUQAX_HdpYJ&tp=1&oh=a024f697381242a214e72d7a94329c43&oe=5FC60BBB"
    },
    {
      "text": "Our Products",
      "src": "https://scontent-lax3-2.cdninstagram.com/v/t51.12442-15/e35/c51.318.768.768a/s150x150/92720729_762126534320423_9035490701706627467_n.jpg?_nc_ht=scontent-lax3-2.cdninstagram.com&_nc_cat=111&_nc_ohc=rEALkaoM18kAX8dnV9e&tp=1&oh=f9c02f8512ca0317c6bbd76341602cad&oe=5FC5BA85"
    },
    {
      "text": "Glow Getters",
      "src": "https://scontent-lax3-2.cdninstagram.com/v/t51.12442-15/e35/c43.283.768.768a/s150x150/92790421_590891648436835_8224994691827356128_n.jpg?_nc_ht=scontent-lax3-2.cdninstagram.com&_nc_cat=107&_nc_ohc=ECxc23WoRL4AX9zHHPz&tp=1&oh=bb43bac71e15d673c67f0e00391eff1d&oe=5FC60890"
    },
    {
      "text": "FAQ’s",
      "src": "https://scontent-lax3-2.cdninstagram.com/v/t51.12442-15/e35/c66.351.678.678a/s150x150/92863391_243342726858402_7456928325227901908_n.jpg?_nc_ht=scontent-lax3-2.cdninstagram.com&_nc_cat=106&_nc_ohc=MPWsdDZbgM8AX8OnXkH&tp=1&oh=abe37d672c1c3febaa2bcd3013cfcadd&oe=5FC5E98F"
    },
    {
      "text": "Affirmations",
      "src": "https://scontent-lax3-2.cdninstagram.com/v/t51.12442-15/e35/c72.333.718.718a/s150x150/93299925_106450060920306_7616086186102673480_n.jpg?_nc_ht=scontent-lax3-2.cdninstagram.com&_nc_cat=106&_nc_ohc=yoa6WhayhGEAX-OlKcD&tp=1&oh=7394a9329c6edff55779cec4264ae51a&oe=5FC60ACC"
    },
    {
      "text": "Safety Measures",
      "src": "https://scontent-lax3-1.cdninstagram.com/v/t51.12442-15/e35/c32.287.768.768a/s150x150/95316568_109246487298279_7011909802022412033_n.jpg?_nc_ht=scontent-lax3-1.cdninstagram.com&_nc_cat=103&_nc_ohc=zS5O2O3hXfwAX_50nbK&tp=1&oh=8d80f6c23a60f723318e8af26834153a&oe=5FC5C4B7"
    },
    {
      "text": "How to Shop",
      "src": "https://scontent-lax3-1.cdninstagram.com/v/t51.12442-15/e35/c33.372.768.768a/s150x150/93503120_581787489363284_7299474777611618448_n.jpg?_nc_ht=scontent-lax3-1.cdninstagram.com&_nc_cat=108&_nc_ohc=16aafOJ94jsAX-Ash3r&tp=1&oh=6a036245c740d8bdfebed0c3b6e7e7fc&oe=5FC5B1A3"
    }
  ],
  "posts": [
    {
      "src": "https://scontent-lax3-1.cdninstagram.com/v/t51.2885-15/sh0.08/e35/s640x640/127734167_140396330799885_507390404600302664_n.jpg?_nc_ht=scontent-lax3-1.cdninstagram.com&_nc_cat=109&_nc_ohc=WPS-1CXp7LIAX_HoU_1&tp=1&oh=1b941ddf623e6c418caf33250da6bccb&oe=5FC56C3E"
    },
    {
      "src": "https://scontent-lax3-1.cdninstagram.com/v/t51.2885-15/sh0.08/e35/s640x640/127157347_287925035956870_4955070310496048450_n.jpg?_nc_ht=scontent-lax3-1.cdninstagram.com&_nc_cat=110&_nc_ohc=6fCMTzzin1gAX_PMtK6&tp=1&oh=dc687258ef668d30bb3453638767dce6&oe=5FEC8412"
    },
    {
      "src": "https://scontent-lax3-1.cdninstagram.com/v/t51.2885-15/sh0.08/e35/c0.146.1320.1320a/s640x640/127083814_848309859305077_1818980541156481920_n.jpg?_nc_ht=scontent-lax3-1.cdninstagram.com&_nc_cat=101&_nc_ohc=YjVN-dDcx54AX9jp5rn&tp=1&oh=90c9d31ffc69747b31b5f83240e90320&oe=5FEBE156"
    },
    {
      "src": "https://scontent-lax3-1.cdninstagram.com/v/t51.2885-15/sh0.08/e35/c0.280.720.720a/s640x640/127108939_418020322543621_585417944203752742_n.jpg?_nc_ht=scontent-lax3-1.cdninstagram.com&_nc_cat=101&_nc_ohc=AxsRbV4RuCwAX-qahgi&tp=1&oh=2c39ce07ed3f5d21a41e200ae9d5652b&oe=5FC57C41"
    },
    {
      "src": "https://scontent-lax3-1.cdninstagram.com/v/t51.2885-15/sh0.08/e35/s640x640/126336899_190362585990693_6743861363580660902_n.jpg?_nc_ht=scontent-lax3-1.cdninstagram.com&_nc_cat=109&_nc_ohc=yCsl0kvwn3oAX8NTrqs&tp=1&oh=13f5f1f4dc184e2458fe2855fbef1c2b&oe=5FED1119"
    },
    {
      "src": "https://scontent-lax3-1.cdninstagram.com/v/t51.2885-15/sh0.08/e35/c0.169.1349.1349a/s640x640/125914648_363771558244945_8195790858104757226_n.jpg?_nc_ht=scontent-lax3-1.cdninstagram.com&_nc_cat=101&_nc_ohc=ORtjeLfr-IgAX8ZLvH5&tp=1&oh=68ea51047db78f333379126d58853f1f&oe=5FED283F"
    },
    {
      "src": "https://scontent-lax3-1.cdninstagram.com/v/t51.2885-15/sh0.08/e35/s640x640/125544887_380389436509323_1590241650966936408_n.jpg?_nc_ht=scontent-lax3-1.cdninstagram.com&_nc_cat=103&_nc_ohc=0KsyW1PD_6sAX8IZZ-M&tp=1&oh=73f382c7c2771b20113f8a64b4b42fb5&oe=5FC5CC97"
    },
    {
      "src": "https://scontent-lax3-1.cdninstagram.com/v/t51.2885-15/sh0.08/e35/s640x640/125782958_2474166516219484_3963129380601800166_n.jpg?_nc_ht=scontent-lax3-1.cdninstagram.com&_nc_cat=104&_nc_ohc=4NurzTROesEAX9Ciett&tp=1&oh=eb8e72cac8a5e885f1d94d1ef5fb672c&oe=5FEC6D70"
    },
    {
      "src": "https://scontent-lax3-2.cdninstagram.com/v/t51.2885-15/sh0.08/e35/s640x640/125355779_194772598781471_3859324374214852282_n.jpg?_nc_ht=scontent-lax3-2.cdninstagram.com&_nc_cat=111&_nc_ohc=goS6ch4kD2wAX_848uk&tp=1&oh=71e806e7f2a6751c2cde4a37743fd662&oe=5FED810C"
    },
    {
      "src": "https://scontent-lax3-1.cdninstagram.com/v/t51.2885-15/e35/125518876_283633749680737_4914755016010365748_n.jpg?_nc_ht=scontent-lax3-1.cdninstagram.com&_nc_cat=101&_nc_ohc=VFA3ZV9G1h0AX8dViAg&tp=1&oh=be2eff78691ea27858e7b0a2f908ddc4&oe=5FC5DEBC"
    },
    {
      "src": "https://scontent-lax3-2.cdninstagram.com/v/t51.2885-15/sh0.08/e35/s640x640/124661148_394746418533571_1523890036678867438_n.jpg?_nc_ht=scontent-lax3-2.cdninstagram.com&_nc_cat=107&_nc_ohc=t_WSfH7h8mkAX-DCIs8&tp=1&oh=7fadea93676cbbb8e7bb24c8fb1cae1d&oe=5FEDF2FC"
    },
    {
      "src": "https://scontent-lax3-1.cdninstagram.com/v/t51.2885-15/sh0.08/e35/s640x640/125190756_378728096676181_4201892674290631055_n.jpg?_nc_ht=scontent-lax3-1.cdninstagram.com&_nc_cat=101&_nc_ohc=ic7kIEpcuYUAX8kXU9l&tp=1&oh=53b40722a624752a93956d255d5ddf45&oe=5FECDBD1"
    },
    {
      "src": "https://scontent-lax3-2.cdninstagram.com/v/t51.2885-15/sh0.08/e35/c0.280.720.720a/s640x640/124821728_364558851515579_7458253590564108438_n.jpg?_nc_ht=scontent-lax3-2.cdninstagram.com&_nc_cat=111&_nc_ohc=rNWeujUBbeIAX8YeoPc&tp=1&oh=1266e52bdc519fb5c5a97e05e1726e4a&oe=5FC596EF"
    },
    {
      "src": "https://scontent-lax3-1.cdninstagram.com/v/t51.2885-15/sh0.08/e35/s640x640/124116121_120544969664174_7663402721614423576_n.jpg?_nc_ht=scontent-lax3-1.cdninstagram.com&_nc_cat=102&_nc_ohc=BcGIzVO1FWcAX9D5-HX&tp=1&oh=6319a01a4b0246ffb3e6bdc26015351c&oe=5FEE2C71"
    },
    {
      "src": "https://scontent-lax3-1.cdninstagram.com/v/t51.2885-15/sh0.08/e35/c0.169.1349.1349a/s640x640/124029852_637440466926518_6885644658518763765_n.jpg?_nc_ht=scontent-lax3-1.cdninstagram.com&_nc_cat=102&_nc_ohc=in3lSmJI-ToAX9L_MDe&tp=1&oh=d2f8e4011f79d0cb50e98b5889c29d79&oe=5FED67E1"
    },
    {
      "src": "https://scontent-lax3-1.cdninstagram.com/v/t51.2885-15/sh0.08/e35/s640x640/123632956_843816173051400_4211830602812285877_n.jpg?_nc_ht=scontent-lax3-1.cdninstagram.com&_nc_cat=100&_nc_ohc=tiDxse86-d4AX-8s2fd&tp=1&oh=44e51e93a0d74432aed7e2f65fdee3e5&oe=5FC57621"
    },
    {
      "src": "https://scontent-lax3-1.cdninstagram.com/v/t51.2885-15/sh0.08/e35/c0.160.1279.1279a/s640x640/123847351_673885916825976_3770608552159876358_n.jpg?_nc_ht=scontent-lax3-1.cdninstagram.com&_nc_cat=100&_nc_ohc=EtV38uHqofoAX_qQN4W&tp=1&oh=262620ecbc479b56005a383dc3478a80&oe=5FECF5D0"
    },
    {
      "src": "https://scontent-lax3-1.cdninstagram.com/v/t51.2885-15/sh0.08/e35/s640x640/123554322_691901561741229_103191213542678390_n.jpg?_nc_ht=scontent-lax3-1.cdninstagram.com&_nc_cat=109&_nc_ohc=M9-0p6XBYPEAX_3iZlf&tp=1&oh=4ddd8dfa07f12f4890889d79813aa095&oe=5FED53FC"
    },
    {
      "src": "https://scontent-lax3-1.cdninstagram.com/v/t51.2885-15/e35/c0.80.640.640a/123194003_2746182155649267_324176662445799440_n.jpg?_nc_ht=scontent-lax3-1.cdninstagram.com&_nc_cat=103&_nc_ohc=fTjJIO_rot8AX_EHjjA&tp=1&oh=5bcea58e0f05ab8c2e2789a51672c743&oe=5FC59226"
    },
    {
      "src": "https://scontent-lax3-1.cdninstagram.com/v/t51.2885-15/sh0.08/e35/s640x640/123170238_764249457639082_7964523395019898826_n.jpg?_nc_ht=scontent-lax3-1.cdninstagram.com&_nc_cat=110&_nc_ohc=vRWhyeL1rmoAX-xkCrM&tp=1&oh=3c94202edb1830fc3ac4ac32e6fc6b98&oe=5FEB2261"
    },
    {
      "src": "https://scontent-lax3-1.cdninstagram.com/v/t51.2885-15/sh0.08/e35/s640x640/123140686_374854010304188_1060231234222130327_n.jpg?_nc_ht=scontent-lax3-1.cdninstagram.com&_nc_cat=108&_nc_ohc=qD31jPa0PMkAX-J3UJi&tp=1&oh=62a6d7912e15bb2a22a3cf196752ab34&oe=5FEB1DA8"
    },
    {
      "src": "https://scontent-lax3-1.cdninstagram.com/v/t51.2885-15/sh0.08/e35/s640x640/122928228_1250173412028809_762144548067080043_n.jpg?_nc_ht=scontent-lax3-1.cdninstagram.com&_nc_cat=105&_nc_ohc=NcGdtNy_Zu0AX_qacFL&tp=1&oh=968ea2f9dfc138c4b2c0933779161dc2&oe=5FC5B0F0"
    },
    {
      "src": "https://scontent-lax3-1.cdninstagram.com/v/t51.2885-15/sh0.08/e35/s640x640/122890952_655880308623050_3821595111315777410_n.jpg?_nc_ht=scontent-lax3-1.cdninstagram.com&_nc_cat=102&_nc_ohc=aJHSeueRs0wAX_XXq_c&tp=1&oh=b8a9aefaa5a8aa5a43ababcfaee16a0f&oe=5FEC4E9D"
    },
    {
      "src": "https://scontent-lax3-1.cdninstagram.com/v/t51.2885-15/sh0.08/e35/c0.135.1080.1080a/s640x640/122726970_357640385327228_9081011409016393907_n.jpg?_nc_ht=scontent-lax3-1.cdninstagram.com&_nc_cat=108&_nc_ohc=OZRYL14Q3hcAX_uzoUx&tp=1&oh=3e3037480b2e779f4b5813e1bb4b88f6&oe=5FEC62A5"
    }
  ]
}