{
  "user_name": "jollofgadgets",
  "profile_photo": "https://scontent-lax3-2.cdninstagram.com/v/t51.2885-19/s150x150/60658836_412297106145706_5469141552917905408_n.jpg?_nc_ht=scontent-lax3-2.cdninstagram.com&_nc_ohc=QGapCozwmEMAX9XrA7l&tp=1&oh=994895c9d136b8419170444c013d8f0a&oe=5FEC9CE3",
  "name": "phones laptops gaming shop",
  "webiste": "https://l.instagram.com/?u=https%3A%2F%2Fwa.me%2F2348143450644&e=ATN77OMj2F3uT5nxo3ZFeZmtf5_8pdcHTuYe523wpXAnFEP19IPKqeoV4l40lzd9s07JlikHh1JUZbsX2yxQNQ&s=1",
  "bio": "Your No 1 Store  to <a class=\" xil3i\" href=\"/explore/tags/buysellswap/\" tabindex=\"0\">#buysellswap</a>  Smartphones, Laptops, Consoles, and Accessories. <a class=\" xil3i\" href=\"/explore/tags/jollofgadgets/\" tabindex=\"0\">#jollofgadgets</a> <br>☎️08143450644☎️ 📞 09039152762📞 📱08136059455📱",
  "category": "",
  "posts_count": "4,140",
  "followers_count": "58.6k",
  "following_count": "4,573",
  "story_highlights": [
    {
      "text": "Testimonials",
      "src": "https://scontent-lax3-1.cdninstagram.com/v/t51.12442-15/e35/c0.476.1080.1080a/s150x150/56205201_114901109695001_7579518170901956764_n.jpg?_nc_ht=scontent-lax3-1.cdninstagram.com&_nc_cat=105&_nc_ohc=Sl6GHH1l-DIAX96vrTp&tp=1&oh=ffeae7480c6562b41eee98cf53e4eb88&oe=5FC59C4D"
    },
    {
      "text": "HP Pavilion",
      "src": "https://scontent-lax3-1.cdninstagram.com/v/t51.12442-15/e35/c0.518.1080.1080a/s150x150/69616299_1152444378289694_817098571593108878_n.jpg?_nc_ht=scontent-lax3-1.cdninstagram.com&_nc_cat=102&_nc_ohc=pnr2jUq8QAIAX8RszEw&tp=1&oh=fc597a6cfcbe086967dce873504374ef&oe=5FC5806D"
    },
    {
      "text": "PC games 🎮😍",
      "src": "https://scontent-lax3-1.cdninstagram.com/v/t51.12442-15/e35/c0.490.1082.1082a/s150x150/67293539_119278192481120_1620415998235239981_n.jpg?_nc_ht=scontent-lax3-1.cdninstagram.com&_nc_cat=108&_nc_ohc=RGOLC5kHaWIAX-ws4ha&tp=1&oh=aaead4944987ab8e87a02c0716fcafc3&oe=5FC5EA61"
    },
    {
      "text": "#smartphones 📱",
      "src": "https://scontent-lax3-1.cdninstagram.com/v/t51.12442-15/e35/c0.0.1080.1080a/s150x150/38618428_1850873618301927_3447944108222447616_n.jpg?_nc_ht=scontent-lax3-1.cdninstagram.com&_nc_cat=103&_nc_ohc=Ij4Y6BNc54YAX-GW5mQ&tp=1&oh=20001c32b24df0f60f1cdc505f4335ea&oe=5FC59D36"
    },
    {
      "text": "#devices",
      "src": "https://scontent-lax3-1.cdninstagram.com/v/t51.12442-15/e35/c0.0.1080.1080a/s150x150/38882093_276956823095558_3521818744009523200_n.jpg?_nc_ht=scontent-lax3-1.cdninstagram.com&_nc_cat=102&_nc_ohc=sOG33QRExmwAX8CI-Uj&tp=1&oh=be0c5852680ee1d35e278449678ad6e4&oe=5FC5F262"
    },
    {
      "text": "#fix",
      "src": "https://scontent-lax3-1.cdninstagram.com/v/t51.12442-15/e35/c0.0.1080.1080a/s150x150/38795108_242091716633794_6227156572892561408_n.jpg?_nc_ht=scontent-lax3-1.cdninstagram.com&_nc_cat=110&_nc_ohc=ZxeF0wbHf-8AX_AZ4qD&tp=1&oh=1457032ba0f8c135a96e8d6ecb30f7ce&oe=5FC58885"
    },
    {
      "text": "#valgiveaway",
      "src": "https://scontent-lax3-1.cdninstagram.com/v/t51.12442-15/e35/c0.338.720.720a/s150x150/28154401_409021126214978_8566076649966141440_n.jpg?_nc_ht=scontent-lax3-1.cdninstagram.com&_nc_cat=102&_nc_ohc=Cm6ouCZZj9MAX8Ny4Ho&tp=1&oh=b13fd4bc6c05936a625e71399ec8ecb6&oe=5FC58712"
    },
    {
      "text": "7",
      "src": "https://scontent-lax3-1.cdninstagram.com/v/t51.12442-15/e35/c0.182.569.569a/s150x150/28156118_111340039659256_6399345153273757696_n.jpg?_nc_ht=scontent-lax3-1.cdninstagram.com&_nc_cat=104&_nc_ohc=WiL-_FR5R9kAX9zRnb2&tp=1&oh=355182992678b39c9c8762c6e4aca6f1&oe=5FC57437"
    }
  ],
  "posts": [
    {
      "src": "https://scontent-lax3-1.cdninstagram.com/v/t51.2885-15/e35/127886205_191775309261052_4356903870894779023_n.jpg?_nc_ht=scontent-lax3-1.cdninstagram.com&_nc_cat=104&_nc_ohc=bCTIdPUkjd0AX85lUra&tp=1&oh=6639180861c1a4d8d91b65d3993abd9c&oe=5FC5ABFA"
    },
    {
      "src": "https://scontent-lax3-1.cdninstagram.com/v/t51.2885-15/e35/127718478_2703107056572808_6765579691846552689_n.jpg?_nc_ht=scontent-lax3-1.cdninstagram.com&_nc_cat=104&_nc_ohc=ndvOH0E_UbIAX8T8FNd&tp=1&oh=01461a4857a8628fc265dd2d798f15ae&oe=5FC5E199"
    },
    {
      "src": "https://scontent-lax3-2.cdninstagram.com/v/t51.2885-15/sh0.08/e35/c0.135.1080.1080a/s640x640/127999902_576182403281899_638227121326333141_n.jpg?_nc_ht=scontent-lax3-2.cdninstagram.com&_nc_cat=107&_nc_ohc=ThvERTFSIGwAX8d4U4S&tp=1&oh=df1f1903c957990004d066defec6e0aa&oe=5FEC4456"
    },
    {
      "src": "https://scontent-lax3-1.cdninstagram.com/v/t51.2885-15/sh0.08/e35/c0.135.1080.1080a/s640x640/127835731_1085863975196033_8470214648177276849_n.jpg?_nc_ht=scontent-lax3-1.cdninstagram.com&_nc_cat=105&_nc_ohc=wEamVyOpZ8gAX-esvM2&tp=1&oh=ab1cc97e0707a649cdfcd9edefa479bd&oe=5FED3CEC"
    },
    {
      "src": "https://scontent-lax3-1.cdninstagram.com/v/t51.2885-15/sh0.08/e35/c315.0.810.810a/s640x640/127688121_840286910115973_7327974561106593302_n.jpg?_nc_ht=scontent-lax3-1.cdninstagram.com&_nc_cat=101&_nc_ohc=Nw2WByT8qKYAX_Ganeo&tp=1&oh=4a9aa8591bebbeee00894fba42dd6e34&oe=5FEE6EB0"
    },
    {
      "src": "https://scontent-lax3-1.cdninstagram.com/v/t51.2885-15/sh0.08/e35/s640x640/128129733_390715498836984_873301416637722982_n.jpg?_nc_ht=scontent-lax3-1.cdninstagram.com&_nc_cat=100&_nc_ohc=wKqcBE-RhUEAX-epldr&tp=1&oh=355edc0eafb9d9db13b6f1a24f0a11cd&oe=5FEEDFB0"
    },
    {
      "src": "https://scontent-lax3-1.cdninstagram.com/v/t51.2885-15/sh0.08/e35/c0.135.1080.1080a/s640x640/127654404_191566639131230_5218295185367437481_n.jpg?_nc_ht=scontent-lax3-1.cdninstagram.com&_nc_cat=102&_nc_ohc=xnGQtXwFAlMAX-XRDpm&tp=1&oh=3b6c66a47fab1ac1471111e8ddb9bce5&oe=5FEB511D"
    },
    {
      "src": "https://scontent-lax3-1.cdninstagram.com/v/t51.2885-15/e35/c157.0.406.406a/127114289_1811296819008267_1898209448528271542_n.jpg?_nc_ht=scontent-lax3-1.cdninstagram.com&_nc_cat=103&_nc_ohc=3alHwXEwQKYAX-pdPnl&tp=1&oh=98634fbb6af6090665b3108b954ec04c&oe=5FC5EF03"
    },
    {
      "src": "https://scontent-lax3-1.cdninstagram.com/v/t51.2885-15/sh0.08/e35/s640x640/126403981_2366994030113145_7691039749067735034_n.jpg?_nc_ht=scontent-lax3-1.cdninstagram.com&_nc_cat=109&_nc_ohc=ijqpZowX7JMAX_qw5bV&tp=1&oh=9d010bbaa1cd7c87031c53a223c84569&oe=5FEBE0AA"
    },
    {
      "src": "https://scontent-lax3-2.cdninstagram.com/v/t51.2885-15/sh0.08/e35/c0.135.1080.1080a/s640x640/127246744_805960223294754_7071368135966166130_n.jpg?_nc_ht=scontent-lax3-2.cdninstagram.com&_nc_cat=106&_nc_ohc=jX7WjdD4gkcAX8ujCFh&tp=1&oh=5acc88f6f4cfdc57840e3e5b7c131f2c&oe=5FEB61AC"
    },
    {
      "src": "https://scontent-lax3-2.cdninstagram.com/v/t51.2885-15/e35/c172.0.376.376a/127957374_207577004228934_1337305655121499977_n.jpg?_nc_ht=scontent-lax3-2.cdninstagram.com&_nc_cat=106&_nc_ohc=bGs7IO6VmNQAX_g6F6K&tp=1&oh=9ed4971b9c3260b9f5c77264ad607099&oe=5FC59FBA"
    },
    {
      "src": "https://scontent-lax3-1.cdninstagram.com/v/t51.2885-15/sh0.08/e35/c0.135.1080.1080a/s640x640/128103932_308668630247272_498872857957652862_n.jpg?_nc_ht=scontent-lax3-1.cdninstagram.com&_nc_cat=104&_nc_ohc=YGUb579TiUoAX_hNICc&tp=1&oh=8f680fae98c64b9994fe5bf28b4576dd&oe=5FEC7534"
    },
    {
      "src": "https://scontent-lax3-2.cdninstagram.com/v/t51.2885-15/sh0.08/e35/c196.0.888.888a/s640x640/127528909_3679595585487558_8703965652479229203_n.jpg?_nc_ht=scontent-lax3-2.cdninstagram.com&_nc_cat=106&_nc_ohc=tuAPKesfbSoAX8BAunJ&tp=1&oh=3b035a57ea75a09843b9123f8fce05c1&oe=5FED2C32"
    },
    {
      "src": "https://scontent-lax3-1.cdninstagram.com/v/t51.2885-15/sh0.08/e35/s640x640/127247417_396984808327269_6796144306242219363_n.jpg?_nc_ht=scontent-lax3-1.cdninstagram.com&_nc_cat=109&_nc_ohc=sybVIEIM0O4AX9Su72i&tp=1&oh=fbce43f6fe95d2c2c466cb59a018586d&oe=5FEC2A01"
    },
    {
      "src": "https://scontent-lax3-1.cdninstagram.com/v/t51.2885-15/sh0.08/e35/c0.135.1080.1080a/s640x640/127269285_2794458190774958_7169173194320163836_n.jpg?_nc_ht=scontent-lax3-1.cdninstagram.com&_nc_cat=102&_nc_ohc=1-RRY5QhmZ4AX8JwbXt&tp=1&oh=d8a6845244c5850081f125085ebf3a7b&oe=5FED6E9F"
    },
    {
      "src": "https://scontent-lax3-1.cdninstagram.com/v/t51.2885-15/e35/128005625_457316101920804_5407687030045540500_n.jpg?_nc_ht=scontent-lax3-1.cdninstagram.com&_nc_cat=100&_nc_ohc=lf-DmfI3XtsAX9tqFb9&tp=1&oh=ef07dd0ac28fad9965fbee373020cade&oe=5FEC7F13"
    },
    {
      "src": "https://scontent-lax3-1.cdninstagram.com/v/t51.2885-15/sh0.08/e35/s640x640/127732874_142280373901124_5876371770029273852_n.jpg?_nc_ht=scontent-lax3-1.cdninstagram.com&_nc_cat=108&_nc_ohc=5nTQqlv6cMoAX_GZhd1&tp=1&oh=506b3de18cef2b10077ddd210ffab819&oe=5FEC1ECC"
    },
    {
      "src": "https://scontent-lax3-2.cdninstagram.com/v/t51.2885-15/sh0.08/e35/c0.135.1080.1080a/s640x640/127239254_413305733379323_5994068374614175493_n.jpg?_nc_ht=scontent-lax3-2.cdninstagram.com&_nc_cat=111&_nc_ohc=SEx12xPdYCoAX8jZcY0&tp=1&oh=0f70a554bce603d927c4c7dfdb1aa5e6&oe=5FEE039A"
    },
    {
      "src": "https://scontent-lax3-1.cdninstagram.com/v/t51.2885-15/sh0.08/e35/c0.135.1080.1080a/s640x640/127090096_144330687447493_7881496103894666617_n.jpg?_nc_ht=scontent-lax3-1.cdninstagram.com&_nc_cat=101&_nc_ohc=MH1RSOstnp0AX_d3S5X&tp=1&oh=b1539e74b7b62f67e8d1d72f19edd0c5&oe=5FEECE88"
    },
    {
      "src": "https://scontent-lax3-1.cdninstagram.com/v/t51.2885-15/sh0.08/e35/s640x640/127097632_865364090939592_1624455265075577926_n.jpg?_nc_ht=scontent-lax3-1.cdninstagram.com&_nc_cat=100&_nc_ohc=mjYINh_0xckAX9lSHlY&tp=1&oh=d08114a94763ae0a088039ef4754f4bc&oe=5FEB9757"
    },
    {
      "src": "https://scontent-lax3-1.cdninstagram.com/v/t51.2885-15/sh0.08/e35/c0.135.1080.1080a/s640x640/127175994_2434461793366557_7715603045949632141_n.jpg?_nc_ht=scontent-lax3-1.cdninstagram.com&_nc_cat=109&_nc_ohc=ltZW7Q61XDUAX_Y3cTF&tp=1&oh=2a4b4d89e200538aed66fcb68e7e103e&oe=5FED0354"
    },
    {
      "src": "https://scontent-lax3-1.cdninstagram.com/v/t51.2885-15/sh0.08/e35/s640x640/127084985_419080612792700_9200725541612110354_n.jpg?_nc_ht=scontent-lax3-1.cdninstagram.com&_nc_cat=108&_nc_ohc=l_F3mg5LOR0AX-Jhye8&tp=1&oh=b934c2489972fb20f15b82b6d40ab007&oe=5FEB19CD"
    },
    {
      "src": "https://scontent-lax3-1.cdninstagram.com/v/t51.2885-15/sh0.08/e35/s640x640/127340900_209697867224680_3943189174526014675_n.jpg?_nc_ht=scontent-lax3-1.cdninstagram.com&_nc_cat=104&_nc_ohc=7giJJUZfG70AX_YF3FA&tp=1&oh=0f7a265684c32c966e28b3a4c4af5e6f&oe=5FECF069"
    },
    {
      "src": "https://scontent-lax3-1.cdninstagram.com/v/t51.2885-15/sh0.08/e35/s640x640/127266345_410477996645492_2508229425714784486_n.jpg?_nc_ht=scontent-lax3-1.cdninstagram.com&_nc_cat=108&_nc_ohc=3WXyYg9hGvIAX9rFuyD&tp=1&oh=cefd349a53150f52a72326c5d4a5df92&oe=5FED7A53"
    }
  ]
}