{
  "user_name": "kayzzed",
  "profile_photo": "https://scontent-lax3-2.cdninstagram.com/v/t51.2885-19/s150x150/116147154_289017919185213_8544129567210063600_n.jpg?_nc_ht=scontent-lax3-2.cdninstagram.com&_nc_ohc=oe4bT7NCKdUAX8Mkdhk&tp=1&oh=5ed536bb589c5b2654e39e7c15692de8&oe=5FED76B0",
  "name": "KayZZed_Gadgets™",
  "webiste": "https://l.instagram.com/?u=https%3A%2F%2Fapi.whatsapp.com%2Fsend%3Fphone%3D2348115620511&e=ATMVhU94RDDdr3IuZnhJ-Kz_yxE85tILWRE8bZ4czaMXC1hDK7Ue-C-zZMpFgU9lCZep4kwXe2aESatMhnv69A&s=1",
  "bio": "🏬Trusted Online Gadget store<br>Smartwatch|Airpods |phone accessories <br>🚚 🇳🇬 Nationwide delivery<br>💳 Payment before delivery<br>👇🏽Click the link below to order",
  "category": "",
  "posts_count": "542",
  "followers_count": "4,505",
  "following_count": "279",
  "story_highlights": [
    {
      "text": "Reviews",
      "src": "https://scontent-lax3-2.cdninstagram.com/v/t51.2885-15/s150x150/103931546_279664806779599_1420995616149016468_n.jpg?_nc_ht=scontent-lax3-2.cdninstagram.com&_nc_ohc=mgGzt7MB9JgAX-OX6iu&tp=1&oh=ec5c71574fd4962c532e0336fca46a33&oe=5FEC2EBD"
    },
    {
      "text": "REVIEWS",
      "src": "https://scontent-lax3-2.cdninstagram.com/v/t51.2885-15/s150x150/89223404_495237064715080_1947659507280733890_n.jpg?_nc_ht=scontent-lax3-2.cdninstagram.com&_nc_ohc=fGdYH028dAkAX-InqmU&tp=1&oh=19fa670652cebcee6982e8a6c4a09c0d&oe=5FEB5753"
    }
  ],
  "posts": [
    {
      "src": "https://scontent-lax3-1.cdninstagram.com/v/t51.2885-15/sh0.08/e35/s640x640/127819877_2901446973412073_536370562218034178_n.jpg?_nc_ht=scontent-lax3-1.cdninstagram.com&_nc_cat=105&_nc_ohc=am9Byn0v118AX92CPCy&tp=1&oh=f80b5a6fc8903bd37800ae6558d466fe&oe=5FC56C92"
    },
    {
      "src": "https://scontent-lax3-1.cdninstagram.com/v/t51.2885-15/sh0.08/e35/s640x640/128031055_841980336370873_1527730410822934914_n.jpg?_nc_ht=scontent-lax3-1.cdninstagram.com&_nc_cat=101&_nc_ohc=-BQedwrpa_oAX_QhBYo&tp=1&oh=a8ce2d78f2bdf19cf71e46a6c42e8cbb&oe=5FEEA879"
    },
    {
      "src": "https://scontent-lax3-1.cdninstagram.com/v/t51.2885-15/sh0.08/e35/s640x640/127105196_698002957574374_6747725146152434983_n.jpg?_nc_ht=scontent-lax3-1.cdninstagram.com&_nc_cat=110&_nc_ohc=N5mSQcOJkfwAX_C-dHR&tp=1&oh=0a3981a13e2b15d327f56ece42ed349a&oe=5FEDCBD9"
    },
    {
      "src": "https://scontent-lax3-2.cdninstagram.com/v/t51.2885-15/sh0.08/e35/c0.135.1080.1080a/s640x640/127914563_806257539942595_2947880496087853785_n.jpg?_nc_ht=scontent-lax3-2.cdninstagram.com&_nc_cat=107&_nc_ohc=6Zqjzm4xRpoAX-rg6HF&tp=1&oh=ac2dfbb6e90ccc8af7026bbb05920121&oe=5FEDC609"
    },
    {
      "src": "https://scontent-lax3-1.cdninstagram.com/v/t51.2885-15/sh0.08/e35/s640x640/127402265_205177457783437_8651211164660755278_n.jpg?_nc_ht=scontent-lax3-1.cdninstagram.com&_nc_cat=101&_nc_ohc=iK-YfQuiwRAAX_RHL2D&tp=1&oh=61bd0528b494ca6276a19e4886f21b80&oe=5FC5F31E"
    },
    {
      "src": "https://scontent-lax3-2.cdninstagram.com/v/t51.2885-15/sh0.08/e35/s640x640/127342572_1057324831357494_8607295164567075371_n.jpg?_nc_ht=scontent-lax3-2.cdninstagram.com&_nc_cat=106&_nc_ohc=Xnl9p9t0GhAAX_tPY9l&tp=1&oh=adfffca1ef4049d6d4cb5c7f06ce8bb4&oe=5FEE6FC6"
    },
    {
      "src": "https://scontent-lax3-1.cdninstagram.com/v/t51.2885-15/sh0.08/e35/c0.135.1080.1080a/s640x640/127079341_373845013919390_6278846854975362502_n.jpg?_nc_ht=scontent-lax3-1.cdninstagram.com&_nc_cat=102&_nc_ohc=tIavfgxrnRMAX_zlm4G&tp=1&oh=a6fc0c77ca8ac8a3a06f4f1618fc5c99&oe=5FEC8483"
    },
    {
      "src": "https://scontent-lax3-1.cdninstagram.com/v/t51.2885-15/sh0.08/e35/s640x640/126876464_690390355204265_4590601317546675662_n.jpg?_nc_ht=scontent-lax3-1.cdninstagram.com&_nc_cat=105&_nc_ohc=aEpF44RcNGgAX9Suz6b&tp=1&oh=2320ae41fc487c6c5d99f1d9cf848ffd&oe=5FC5DC6C"
    },
    {
      "src": "https://scontent-lax3-1.cdninstagram.com/v/t51.2885-15/e35/c157.0.406.406a/126760500_261271385329049_5006324257483796536_n.jpg?_nc_ht=scontent-lax3-1.cdninstagram.com&_nc_cat=105&_nc_ohc=dSoCq6ZIi2IAX8ipqIf&tp=1&oh=3d3598541b188e1cb5e03016262fc2a0&oe=5FC5FD2A"
    },
    {
      "src": "https://scontent-lax3-1.cdninstagram.com/v/t51.2885-15/e35/c157.0.406.406a/126518007_190561039231469_2613117460589944006_n.jpg?_nc_ht=scontent-lax3-1.cdninstagram.com&_nc_cat=105&_nc_ohc=wWNxMh8kXtoAX-9mtMN&tp=1&oh=c789a394a553ac159785f31cf023666c&oe=5FC604C9"
    },
    {
      "src": "https://scontent-lax3-1.cdninstagram.com/v/t51.2885-15/sh0.08/e35/s640x640/125372326_227459605388117_126586930471952386_n.jpg?_nc_ht=scontent-lax3-1.cdninstagram.com&_nc_cat=105&_nc_ohc=LgFEBjTqtCEAX-1XfKs&tp=1&oh=6d06f3ca7f4f374a5d1c33f3b8555444&oe=5FEE1AD8"
    },
    {
      "src": "https://scontent-lax3-2.cdninstagram.com/v/t51.2885-15/e35/c144.0.352.352a/126308995_663904214298175_4277385869294277325_n.jpg?_nc_ht=scontent-lax3-2.cdninstagram.com&_nc_cat=107&_nc_ohc=Ut3ehtDwbZMAX-Bf-4l&tp=1&oh=a4ecf2393315c90788515f30633be7ce&oe=5FC5AA0B"
    },
    {
      "src": "https://scontent-lax3-1.cdninstagram.com/v/t51.2885-15/sh0.08/e35/c81.0.918.918a/s640x640/125359657_285194782857759_2160562017175337280_n.jpg?_nc_ht=scontent-lax3-1.cdninstagram.com&_nc_cat=103&_nc_ohc=qsC9lOBfdzUAX8Rx0YQ&tp=1&oh=a0bd2d94efb233ace9fd9b23ca08c611&oe=5FEC4585"
    },
    {
      "src": "https://scontent-lax3-1.cdninstagram.com/v/t51.2885-15/sh0.08/e35/c135.0.810.810a/s640x640/125351831_2818723685006720_6783833732992444744_n.jpg?_nc_ht=scontent-lax3-1.cdninstagram.com&_nc_cat=108&_nc_ohc=04wnnA-PmAMAX9jUkoV&tp=1&oh=fd12efe4e39dcd8e8660a2494787de47&oe=5FEBFA29"
    },
    {
      "src": "https://scontent-lax3-2.cdninstagram.com/v/t51.2885-15/sh0.08/e35/c158.0.763.763a/s640x640/125426242_1578031399051783_6430577506962484248_n.jpg?_nc_ht=scontent-lax3-2.cdninstagram.com&_nc_cat=107&_nc_ohc=mRuh-WDqL_4AX9hoo6I&tp=1&oh=cc450b6d245b60c6e9ac252860ec9263&oe=5FEC9A23"
    },
    {
      "src": "https://scontent-lax3-1.cdninstagram.com/v/t51.2885-15/sh0.08/e35/s640x640/125403100_490216048561264_1117692383264998943_n.jpg?_nc_ht=scontent-lax3-1.cdninstagram.com&_nc_cat=104&_nc_ohc=NabHkC-kXOwAX9DMCTd&tp=1&oh=9521f48d37ef535576a30b0ff701cf23&oe=5FEE8CED"
    },
    {
      "src": "https://scontent-lax3-1.cdninstagram.com/v/t51.2885-15/sh0.08/e35/s640x640/125458709_1277470512640244_717227272412361819_n.jpg?_nc_ht=scontent-lax3-1.cdninstagram.com&_nc_cat=108&_nc_ohc=CipgtY99XdsAX9G170J&tp=1&oh=4620debe62b32b5ee1767ed0b13f83ee&oe=5FEC2D74"
    },
    {
      "src": "https://scontent-lax3-1.cdninstagram.com/v/t51.2885-15/sh0.08/e35/s640x640/125245482_121411326411781_6669201962961404572_n.jpg?_nc_ht=scontent-lax3-1.cdninstagram.com&_nc_cat=101&_nc_ohc=wtPPTmASW2MAX8HxRnA&tp=1&oh=8bf6f580b747c0b8455bef3bf620af07&oe=5FC5F1DD"
    },
    {
      "src": "https://scontent-lax3-2.cdninstagram.com/v/t51.2885-15/sh0.08/e35/c0.135.1080.1080a/s640x640/125082607_135468118323439_4202310759738684103_n.jpg?_nc_ht=scontent-lax3-2.cdninstagram.com&_nc_cat=107&_nc_ohc=mXNp4yaE584AX81p6zB&tp=1&oh=528bbea6e617b2c51635bc3f463e8496&oe=5FEEB3B3"
    },
    {
      "src": "https://scontent-lax3-1.cdninstagram.com/v/t51.2885-15/sh0.08/e35/s640x640/125138402_284358049546704_4500853831572693173_n.jpg?_nc_ht=scontent-lax3-1.cdninstagram.com&_nc_cat=100&_nc_ohc=WOTUyf1xK7MAX9758mr&tp=1&oh=5086de6e75d024a5ba95a8f5c34038f8&oe=5FEC7E96"
    },
    {
      "src": "https://scontent-lax3-1.cdninstagram.com/v/t51.2885-15/sh0.08/e35/c0.90.720.720a/s640x640/124438303_3570404146330700_3730282463144956602_n.jpg?_nc_ht=scontent-lax3-1.cdninstagram.com&_nc_cat=108&_nc_ohc=kejgTJvGCz8AX8sjuN9&tp=1&oh=383ee109152bbb7284a72f89c080a143&oe=5FC5F355"
    },
    {
      "src": "https://scontent-lax3-1.cdninstagram.com/v/t51.2885-15/sh0.08/e35/s640x640/124863877_703711270275999_3972864173687819555_n.jpg?_nc_ht=scontent-lax3-1.cdninstagram.com&_nc_cat=103&_nc_ohc=N1Ywq5cGjtUAX9gEhrr&tp=1&oh=1d85e1e3a227f01db486c4065b4c74db&oe=5FC5A83D"
    },
    {
      "src": "https://scontent-lax3-1.cdninstagram.com/v/t51.2885-15/e15/c0.90.720.720a/s640x640/124127145_2960645304036232_507313693176825171_n.jpg?_nc_ht=scontent-lax3-1.cdninstagram.com&_nc_cat=104&_nc_ohc=rX7AbTpblt0AX_gpjdG&tp=1&oh=5b4dd062019b42b5f14f4f4e31f8fdff&oe=5FC58C93"
    },
    {
      "src": "https://scontent-lax3-1.cdninstagram.com/v/t51.2885-15/sh0.08/e35/c0.135.1080.1080a/s640x640/123971176_676110756382712_2652579558189118527_n.jpg?_nc_ht=scontent-lax3-1.cdninstagram.com&_nc_cat=108&_nc_ohc=ej5qojRBv3gAX9aDxr5&tp=1&oh=73147797c764a21bccafeae92e1e3f6c&oe=5FEE69D3"
    }
  ]
}