{
  "user_name": "kaziloba",
  "profile_photo": "https://scontent-lax3-2.cdninstagram.com/v/t51.2885-19/s150x150/127269282_129544278962118_7361434906949263098_n.jpg?_nc_ht=scontent-lax3-2.cdninstagram.com&_nc_ohc=bGVvIiMZW2AAX8-f3t9&tp=1&oh=85d71105ba904f376318a02d2694d626&oe=5FEDCD97",
  "name": "KaziLoba Designs",
  "webiste": "",
  "bio": "\" L'Art en mode \"<br>Clothing | Art by <a class=\"notranslate\" href=\"/Museba/\" tabindex=\"0\">@Museba</a> <br>Email: kazilobainfo@gmail.com<br>⬇️ Visit Store",
  "category": "",
  "posts_count": "274",
  "followers_count": "249",
  "following_count": "96",
  "story_highlights": [
    {
      "text": "KINGS",
      "src": "https://scontent-lax3-1.cdninstagram.com/v/t51.12442-15/e15/c0.379.720.720a/s150x150/103908851_564634454489429_840677889740452681_n.jpg?_nc_ht=scontent-lax3-1.cdninstagram.com&_nc_cat=105&_nc_ohc=9YEtCpfHRXwAX8CUK8E&tp=1&oh=cabe2221e6c108f09770ea8661feafc6&oe=5FC5DBE7"
    },
    {
      "text": "Made in Africa",
      "src": "https://scontent-lax3-1.cdninstagram.com/v/t51.12442-15/e15/c0.379.720.720a/s150x150/105562593_567439154141725_2814186827394535305_n.jpg?_nc_ht=scontent-lax3-1.cdninstagram.com&_nc_cat=101&_nc_ohc=kNQfCvU1hI8AX9pOk8X&tp=1&oh=10ef96c3978149c1f2f006ff22a16186&oe=5FC5CD98"
    },
    {
      "text": "MATEMBELE DRESS",
      "src": "https://scontent-lax3-1.cdninstagram.com/v/t51.12442-15/e35/c0.506.1080.1080a/s150x150/68738724_390683418259973_2179071563437509090_n.jpg?_nc_ht=scontent-lax3-1.cdninstagram.com&_nc_cat=105&_nc_ohc=AtfP04xWfjcAX-_QH1G&tp=1&oh=026847dff0b68b00eacc9c8900a8a9d1&oe=5FC5B0FC"
    },
    {
      "text": "\"Cool Mood\"",
      "src": "https://scontent-lax3-2.cdninstagram.com/v/t51.12442-15/e35/c0.504.1080.1080a/s150x150/62655915_124224462134131_4108784365899529325_n.jpg?_nc_ht=scontent-lax3-2.cdninstagram.com&_nc_cat=107&_nc_ohc=OwECX6qv9UQAX8Vy_Q1&tp=1&oh=26b6ddd47f4c1d6c31117edc193ee9fe&oe=5FC5F1C8"
    },
    {
      "text": "Highlights",
      "src": "https://scontent-lax3-2.cdninstagram.com/v/t51.12442-15/e35/c0.420.1080.1080a/s150x150/34296313_476203379505179_1719848138182754304_n.jpg?_nc_ht=scontent-lax3-2.cdninstagram.com&_nc_cat=111&_nc_ohc=5pAq8sIji7wAX-YvGrq&tp=1&oh=0dab89e14e3116fce5f496479ef49dca&oe=5FC5B59D"
    }
  ],
  "posts": [
    {
      "src": "https://scontent-lax3-2.cdninstagram.com/v/t51.2885-15/e35/c0.150.540.540a/127643934_721627791805819_8793897857316014884_n.jpg?_nc_ht=scontent-lax3-2.cdninstagram.com&_nc_cat=107&_nc_ohc=6dZrZTS31rAAX80n3yH&tp=1&oh=2c2ef11217b1c489aef22043f1568966&oe=5FC58B9A"
    },
    {
      "src": "https://scontent-lax3-1.cdninstagram.com/v/t51.2885-15/sh0.08/e35/c0.135.1080.1080a/s640x640/127819876_288424932565712_7522628164531654581_n.jpg?_nc_ht=scontent-lax3-1.cdninstagram.com&_nc_cat=108&_nc_ohc=X7fkxNXRCHIAX9OxYiw&tp=1&oh=ed54fb53bf69ea22bf78339438f2671b&oe=5FEEC9CC"
    },
    {
      "src": "https://scontent-lax3-1.cdninstagram.com/v/t51.2885-15/e35/c234.0.612.612a/127823669_136919754550301_9062956655771186791_n.jpg?_nc_ht=scontent-lax3-1.cdninstagram.com&_nc_cat=105&_nc_ohc=ipjQrE21XJEAX-2McTR&tp=1&oh=c6497d2057eeea2ae6ccd1725acf1854&oe=5FEBDC23"
    },
    {
      "src": "https://scontent-lax3-1.cdninstagram.com/v/t51.2885-15/sh0.08/e35/c0.135.1080.1080a/s640x640/126624334_195566158857312_3919320188284099423_n.jpg?_nc_ht=scontent-lax3-1.cdninstagram.com&_nc_cat=100&_nc_ohc=t6za0ZT5HEMAX8Xzyn_&tp=1&oh=714846f0005fb3c69958ef6878f558ca&oe=5FEB3B63"
    },
    {
      "src": "https://scontent-lax3-1.cdninstagram.com/v/t51.2885-15/sh0.08/e35/s640x640/120071059_127508705746960_3830957738765378648_n.jpg?_nc_ht=scontent-lax3-1.cdninstagram.com&_nc_cat=104&_nc_ohc=I2fB-Flu3n8AX-0qXAc&tp=1&oh=4714d6a6f6e329d82de20f8610f1933c&oe=5FEB01C6"
    },
    {
      "src": "https://scontent-lax3-1.cdninstagram.com/v/t51.2885-15/sh0.08/e35/s640x640/120123150_639197200131141_8116702840879987323_n.jpg?_nc_ht=scontent-lax3-1.cdninstagram.com&_nc_cat=109&_nc_ohc=80cy74Dtw-IAX96p3KP&tp=1&oh=0c03c76dafd29e0e72569ca0e2e9cd08&oe=5FC5A3C9"
    },
    {
      "src": "https://scontent-lax3-1.cdninstagram.com/v/t51.2885-15/sh0.08/e35/s640x640/119970771_802262710520232_4913096789723145529_n.jpg?_nc_ht=scontent-lax3-1.cdninstagram.com&_nc_cat=100&_nc_ohc=aIZg6UnihkQAX9sa7zg&tp=1&oh=283dd9d2f3a60c30a155169165c2fe24&oe=5FC5DD0E"
    },
    {
      "src": "https://scontent-lax3-2.cdninstagram.com/v/t51.2885-15/sh0.08/e35/s640x640/117169013_302348600982227_6153456956354840563_n.jpg?_nc_ht=scontent-lax3-2.cdninstagram.com&_nc_cat=111&_nc_ohc=joEfhxKcN8IAX_jwV09&tp=1&oh=aa2522be9be5d88b774fad1a0f01ce89&oe=5FEB02E5"
    },
    {
      "src": "https://scontent-lax3-2.cdninstagram.com/v/t51.2885-15/sh0.08/e35/c0.135.1080.1080a/s640x640/116675244_161836048839786_5855280922765068916_n.jpg?_nc_ht=scontent-lax3-2.cdninstagram.com&_nc_cat=106&_nc_ohc=17b4vQsHXCIAX9Hx6bn&tp=1&oh=d03aad4cead554f8f959f03543c373d3&oe=5FEDCD46"
    },
    {
      "src": "https://scontent-lax3-2.cdninstagram.com/v/t51.2885-15/sh0.08/e35/s640x640/116791776_121782359615622_3892674021009223531_n.jpg?_nc_ht=scontent-lax3-2.cdninstagram.com&_nc_cat=106&_nc_ohc=Z4HSQ4Zj_twAX9o5MNV&tp=1&oh=a0e410d986487b5ba773d13f7bec692b&oe=5FEC2767"
    },
    {
      "src": "https://scontent-lax3-1.cdninstagram.com/v/t51.2885-15/sh0.08/e35/s640x640/116219273_768036793953182_4608983447412719311_n.jpg?_nc_ht=scontent-lax3-1.cdninstagram.com&_nc_cat=102&_nc_ohc=GMbPp4W4oZUAX80TNNi&tp=1&oh=c61175a04cdc38a5dedad4e79a9866ef&oe=5FEBC9A4"
    },
    {
      "src": "https://scontent-lax3-1.cdninstagram.com/v/t51.2885-15/sh0.08/e35/c0.0.905.905a/s640x640/115941524_565299250804577_6420715565153540277_n.jpg?_nc_ht=scontent-lax3-1.cdninstagram.com&_nc_cat=105&_nc_ohc=MT-dl0trI5QAX_edrBy&tp=1&oh=2a0a6600182b98962d032d8d23719131&oe=5FEE3C0F"
    },
    {
      "src": "https://scontent-lax3-1.cdninstagram.com/v/t51.2885-15/sh0.08/e35/s640x640/116436441_114676826833778_3441283292776874869_n.jpg?_nc_ht=scontent-lax3-1.cdninstagram.com&_nc_cat=102&_nc_ohc=NBe4HgzBY68AX9opFc2&tp=1&oh=05fdff801bd4a20636859d538116222d&oe=5FEBC561"
    },
    {
      "src": "https://scontent-lax3-1.cdninstagram.com/v/t51.2885-15/sh0.08/e35/s640x640/116054184_788419115297688_8502068354164197067_n.jpg?_nc_ht=scontent-lax3-1.cdninstagram.com&_nc_cat=100&_nc_ohc=uSqSfslcYF4AX9zUNXo&tp=1&oh=36ae8fadb1f5547814038210e75275e0&oe=5FECD6F3"
    },
    {
      "src": "https://scontent-lax3-2.cdninstagram.com/v/t51.2885-15/sh0.08/e35/s640x640/116251893_335132771008230_1520758673655023315_n.jpg?_nc_ht=scontent-lax3-2.cdninstagram.com&_nc_cat=106&_nc_ohc=S7A57Zqx_D0AX8mupi6&tp=1&oh=0c1bde6ee571df865fb9c7ed78d4fa26&oe=5FEBE4D1"
    },
    {
      "src": "https://scontent-lax3-1.cdninstagram.com/v/t51.2885-15/sh0.08/e35/s640x640/108659915_637399720201071_1712406098039122624_n.jpg?_nc_ht=scontent-lax3-1.cdninstagram.com&_nc_cat=103&_nc_ohc=tEPVH29lErsAX-dA17b&tp=1&oh=5fc3e27b4f07466ac456ac2747b80088&oe=5FEDDD27"
    },
    {
      "src": "https://scontent-lax3-1.cdninstagram.com/v/t51.2885-15/sh0.08/e35/s640x640/108136546_294231618297291_3883348077994047280_n.jpg?_nc_ht=scontent-lax3-1.cdninstagram.com&_nc_cat=103&_nc_ohc=0JFxfpNcaPUAX9Q2mHA&tp=1&oh=f80b1d95c9b6668718c035f10a06378e&oe=5FED21D9"
    },
    {
      "src": "https://scontent-lax3-1.cdninstagram.com/v/t51.2885-15/e35/c157.0.406.406a/106552997_2500079056968987_7839661356268835800_n.jpg?_nc_ht=scontent-lax3-1.cdninstagram.com&_nc_cat=103&_nc_ohc=wJ-r9my9LUcAX-0Of-_&tp=1&oh=5cf78def23b9d7554805986458beed49&oe=5FC58380"
    },
    {
      "src": "https://scontent-lax3-1.cdninstagram.com/v/t51.2885-15/e35/c0.60.480.480a/106135541_625041621444760_3173299373058411158_n.jpg?_nc_ht=scontent-lax3-1.cdninstagram.com&_nc_cat=104&_nc_ohc=Q0mEa7sVOwgAX9PEaC5&tp=1&oh=3a4951af4e37e0bfafea737ccf077476&oe=5FC59C48"
    },
    {
      "src": "https://scontent-lax3-1.cdninstagram.com/v/t51.2885-15/sh0.08/e35/s640x640/106284670_271379390607208_8516463993619230674_n.jpg?_nc_ht=scontent-lax3-1.cdninstagram.com&_nc_cat=104&_nc_ohc=IfsBHdrXjAIAX-T8IEr&tp=1&oh=3c7c57797bb3d9988dde80b51886d4cc&oe=5FEEC8CA"
    },
    {
      "src": "https://scontent-lax3-1.cdninstagram.com/v/t51.2885-15/e35/c0.65.520.520a/106290491_2598961507088164_6901683118568028615_n.jpg?_nc_ht=scontent-lax3-1.cdninstagram.com&_nc_cat=104&_nc_ohc=WfHFx02fSFcAX-618g1&tp=1&oh=4ee299b33eec54e7ee50df3c846060ad&oe=5FED7407"
    },
    {
      "src": "https://scontent-lax3-1.cdninstagram.com/v/t51.2885-15/sh0.08/e35/s640x640/104475651_694601648031686_2274697252072045060_n.jpg?_nc_ht=scontent-lax3-1.cdninstagram.com&_nc_cat=102&_nc_ohc=om4XS0REws8AX-tAzkF&tp=1&oh=d92bdc197058f507bf58fbf72e5c48ce&oe=5FEEBB8D"
    },
    {
      "src": "https://scontent-lax3-1.cdninstagram.com/v/t51.2885-15/sh0.08/e35/s640x640/105333774_2598867490372872_3842487898344765429_n.jpg?_nc_ht=scontent-lax3-1.cdninstagram.com&_nc_cat=100&_nc_ohc=GMwvXp82_u4AX8nvJz9&tp=1&oh=8ad0c83a77056e581c4900d5f218813a&oe=5FEEE7D7"
    },
    {
      "src": "https://scontent-lax3-2.cdninstagram.com/v/t51.2885-15/sh0.08/e35/s640x640/106094062_894214641084503_5669466898843799099_n.jpg?_nc_ht=scontent-lax3-2.cdninstagram.com&_nc_cat=111&_nc_ohc=OpMohXd1T-IAX8d2G6M&tp=1&oh=0ce1c2b7e4a15f8f2d1158e75222b732&oe=5FEBC2B0"
    }
  ]
}