{
  "user_name": "koreankosmeticske",
  "profile_photo": "https://scontent-lax3-2.cdninstagram.com/v/t51.2885-19/s150x150/52612094_775924279451088_5421030853981503488_n.jpg?_nc_ht=scontent-lax3-2.cdninstagram.com&_nc_ohc=E-U56HKBVt4AX9TKDNB&tp=1&oh=837c2f00ee54c88bc6659a4d128e168d&oe=5FEC1CE8",
  "name": "Korean Kosmetics Kenya 🇰🇪🇰🇷",
  "webiste": "https://l.instagram.com/?u=https%3A%2F%2Fwa.me%2Fc%2F254700113945&e=ATPN_X-rBApo-urA7iEE74WHJ6cJwwIyd5pgXHsbkHh5YsFSPXZxIpuQGGbmV1XgDpwM2v20pjMlcO97WJUwGQ&s=1",
  "bio": "Your go-to natural Korean related skincare products. <br>Give nature a chance. 🍃 🇰🇷<br>DELIVERY: Mon - Fri<br><a class=\" xil3i\" href=\"/explore/tags/kbeautyskincare/\" tabindex=\"0\">#kbeautyskincare</a> <a class=\" xil3i\" href=\"/explore/tags/kbeautykenya/\" tabindex=\"0\">#kbeautykenya</a>",
  "category": "",
  "posts_count": "418",
  "followers_count": "2,468",
  "following_count": "458",
  "story_highlights": [
    {
      "text": "Serums",
      "src": "https://scontent-lax3-2.cdninstagram.com/v/t51.2885-15/e35/c0.589.1080.1080a/s150x150/118517267_588333771863503_8443623225860572558_n.jpg?_nc_ht=scontent-lax3-2.cdninstagram.com&_nc_cat=107&_nc_ohc=IkcoM97OKfEAX_Us5Xl&tp=1&oh=9341ab9628bc55648a80b5fb37a8f0b1&oe=5FC5F569"
    },
    {
      "text": "Toners",
      "src": "https://scontent-lax3-2.cdninstagram.com/v/t51.2885-15/s150x150/118647482_600560407492055_5064340258574552766_n.jpg?_nc_ht=scontent-lax3-2.cdninstagram.com&_nc_ohc=wnPmYJYx7X0AX-NprFL&tp=1&oh=2c7ff37fa89a4bb4a142a218d4ef8719&oe=5FED88BE"
    },
    {
      "text": "Snail Gel",
      "src": "https://scontent-lax3-1.cdninstagram.com/v/t51.2885-15/e15/c0.279.720.720a/s150x150/118214624_3411659172229965_6962181454587097575_n.jpg?_nc_ht=scontent-lax3-1.cdninstagram.com&_nc_cat=109&_nc_ohc=ns91puHwH_YAX9Yvgmq&tp=1&oh=4d2b7136e8eb543bca7d2838e873f7af&oe=5FC5EF69"
    },
    {
      "text": "Miracle Kit✨",
      "src": "https://scontent-lax3-1.cdninstagram.com/v/t51.2885-15/e35/c133.370.756.756a/s150x150/117758245_165536061825207_6091020555628625189_n.jpg?_nc_ht=scontent-lax3-1.cdninstagram.com&_nc_cat=103&_nc_ohc=DMACyuA9nnYAX-l1ef6&tp=1&oh=29120b54d102d1f15a7d61306820c6af&oe=5FC5F7A9"
    },
    {
      "text": "Testimonials",
      "src": "https://scontent-lax3-2.cdninstagram.com/v/t51.2885-15/s150x150/118651147_172644231014376_8331101613933119107_n.jpg?_nc_ht=scontent-lax3-2.cdninstagram.com&_nc_ohc=1tJCN3s61UoAX-Dp06p&tp=1&oh=c0356f7a026507b8be9ffeca55fb3678&oe=5FEE1699"
    },
    {
      "text": "Pop-Ups",
      "src": "https://scontent-lax3-1.cdninstagram.com/v/t51.12442-15/e35/c0.291.750.750a/s150x150/51081818_1026598214200966_2649603268513590995_n.jpg?_nc_ht=scontent-lax3-1.cdninstagram.com&_nc_cat=110&_nc_ohc=FYaLA2WCSHIAX-F_7XG&tp=1&oh=9ed24a83a979aa89946ad577bcb23ccb&oe=5FC57BDB"
    },
    {
      "text": "FAQ’s",
      "src": "https://scontent-lax3-2.cdninstagram.com/v/t51.2885-15/s150x150/118651707_601803757181213_2275337598706715002_n.jpg?_nc_ht=scontent-lax3-2.cdninstagram.com&_nc_ohc=LF6pVMZgPLUAX-KWOVD&tp=1&oh=8c36b5c4e991169c31f70efd82464c81&oe=5FECBAF2"
    }
  ],
  "posts": [
    {
      "src": "https://scontent-lax3-1.cdninstagram.com/v/t51.2885-15/sh0.08/e35/s640x640/122645462_787479135366153_4905138735205962615_n.jpg?_nc_ht=scontent-lax3-1.cdninstagram.com&_nc_cat=109&_nc_ohc=Ev1IoFpQprMAX876Oi-&tp=1&oh=106f83a816f08acec1e91088a15ccb1f&oe=5FEE8B47"
    },
    {
      "src": "https://scontent-lax3-2.cdninstagram.com/v/t51.2885-15/sh0.08/e35/c0.90.720.720a/s640x640/121803624_345123879888527_7417828420588836543_n.jpg?_nc_ht=scontent-lax3-2.cdninstagram.com&_nc_cat=111&_nc_ohc=_dy5Bz00IOsAX8YFldx&tp=1&oh=3c264e96f072052f955f3ca685ee3d24&oe=5FC58D76"
    },
    {
      "src": "https://scontent-lax3-1.cdninstagram.com/v/t51.2885-15/sh0.08/e35/s640x640/121340260_209545307219836_9112042389510371377_n.jpg?_nc_ht=scontent-lax3-1.cdninstagram.com&_nc_cat=104&_nc_ohc=sz7SKxQNMBQAX-hx440&tp=1&oh=2b7a175d88162a52005883b2e98d8af3&oe=5FEC5A00"
    },
    {
      "src": "https://scontent-lax3-1.cdninstagram.com/v/t51.2885-15/sh0.08/e35/s640x640/121593631_4572721496132042_1142856605037117855_n.jpg?_nc_ht=scontent-lax3-1.cdninstagram.com&_nc_cat=102&_nc_ohc=XkLc1fdWeKMAX-54Lzd&tp=1&oh=e00262cc585e10cefeb00cebb433b576&oe=5FC5E67C"
    },
    {
      "src": "https://scontent-lax3-2.cdninstagram.com/v/t51.2885-15/sh0.08/e35/s640x640/120995786_179459913668827_6160204983189457701_n.jpg?_nc_ht=scontent-lax3-2.cdninstagram.com&_nc_cat=107&_nc_ohc=dI3_KT6ZFioAX9xbEqP&tp=1&oh=63f07afdb09cc82ef7f4de5a71f1a9a7&oe=5FED4617"
    },
    {
      "src": "https://scontent-lax3-1.cdninstagram.com/v/t51.2885-15/e35/c224.0.576.576a/119539168_652938485606625_1227258797828327836_n.jpg?_nc_ht=scontent-lax3-1.cdninstagram.com&_nc_cat=109&_nc_ohc=7pjmjkQk4eUAX_fSuUM&tp=1&oh=9dc607f02d2ead423c68ea3d54ac8c91&oe=5FEE271E"
    },
    {
      "src": "https://scontent-lax3-1.cdninstagram.com/v/t51.2885-15/sh0.08/e35/s640x640/118884579_617908555576696_1675840393790984103_n.jpg?_nc_ht=scontent-lax3-1.cdninstagram.com&_nc_cat=104&_nc_ohc=cupz5sPcl1YAX89FodO&tp=1&oh=51f0dc6b9e12f9432bc0dab62c756a47&oe=5FED6EC3"
    },
    {
      "src": "https://scontent-lax3-2.cdninstagram.com/v/t51.2885-15/sh0.08/e35/s640x640/118194578_302050900868166_7629255095643985109_n.jpg?_nc_ht=scontent-lax3-2.cdninstagram.com&_nc_cat=106&_nc_ohc=j1D9ADoNtQIAX-ghDSC&tp=1&oh=b18fe0b593cb583f8982e34296fe069f&oe=5FEC71AF"
    },
    {
      "src": "https://scontent-lax3-1.cdninstagram.com/v/t51.2885-15/sh0.08/e35/s640x640/118200501_3215275478563238_7632596099180120110_n.jpg?_nc_ht=scontent-lax3-1.cdninstagram.com&_nc_cat=102&_nc_ohc=byEW7VUPVL8AX-Nf4jE&tp=1&oh=eebd373b1766b50f72311c5e114d1225&oe=5FEB0B64"
    },
    {
      "src": "https://scontent-lax3-2.cdninstagram.com/v/t51.2885-15/sh0.08/e35/c35.0.1009.1009a/s640x640/118198412_1160041794377622_5915634397606304274_n.jpg?_nc_ht=scontent-lax3-2.cdninstagram.com&_nc_cat=106&_nc_ohc=UbZKOauvgGkAX_kqWtB&tp=1&oh=a86d8129deeae3ba879e69f6007e0efe&oe=5FED75A1"
    },
    {
      "src": "https://scontent-lax3-1.cdninstagram.com/v/t51.2885-15/sh0.08/e35/c0.90.720.720a/s640x640/117872842_617217842269877_3775604844449350600_n.jpg?_nc_ht=scontent-lax3-1.cdninstagram.com&_nc_cat=105&_nc_ohc=lA1qECM4xM8AX_OryNd&tp=1&oh=b90f03b87a328c821762ebb9084dfc32&oe=5FC5AD92"
    },
    {
      "src": "https://scontent-lax3-1.cdninstagram.com/v/t51.2885-15/sh0.08/e35/s640x640/116703787_2374826449489145_8878702085392645039_n.jpg?_nc_ht=scontent-lax3-1.cdninstagram.com&_nc_cat=105&_nc_ohc=VhoFvRuN1eAAX87gySj&tp=1&oh=c57b24e0dba21ed55fb75d41a322e276&oe=5FEE048B"
    },
    {
      "src": "https://scontent-lax3-1.cdninstagram.com/v/t51.2885-15/sh0.08/e35/s640x640/116687714_746348472798724_1936807982915043364_n.jpg?_nc_ht=scontent-lax3-1.cdninstagram.com&_nc_cat=104&_nc_ohc=Lq1svbCv1ycAX86-xdb&tp=1&oh=3d016ed03fc332a1ca5edc9e8d4eabc9&oe=5FEC9CF8"
    },
    {
      "src": "https://scontent-lax3-1.cdninstagram.com/v/t51.2885-15/sh0.08/e35/s640x640/116246980_1191995247845704_2706725517087834716_n.jpg?_nc_ht=scontent-lax3-1.cdninstagram.com&_nc_cat=104&_nc_ohc=ctOv5OpXQkUAX8h4-sp&tp=1&oh=2a8332d495e9f003f46eb947cab70430&oe=5FEE60D7"
    },
    {
      "src": "https://scontent-lax3-1.cdninstagram.com/v/t51.2885-15/sh0.08/e35/s640x640/116155340_288974312331401_8610570537484275461_n.jpg?_nc_ht=scontent-lax3-1.cdninstagram.com&_nc_cat=105&_nc_ohc=NsPzEc0TqYAAX_uW29F&tp=1&oh=6ef8f8dfde3e6cc3d53306c85616f297&oe=5FEC6725"
    },
    {
      "src": "https://scontent-lax3-2.cdninstagram.com/v/t51.2885-15/sh0.08/e35/s640x640/110823504_2479979522295083_1110609261932274659_n.jpg?_nc_ht=scontent-lax3-2.cdninstagram.com&_nc_cat=111&_nc_ohc=ipJMUT0wJyoAX9i0JBV&tp=1&oh=fc63db9add9a929b33ad7d013589d307&oe=5FEEDE89"
    },
    {
      "src": "https://scontent-lax3-1.cdninstagram.com/v/t51.2885-15/sh0.08/e35/c0.106.960.960a/s640x640/109946795_2393205464313721_7247718773695969945_n.jpg?_nc_ht=scontent-lax3-1.cdninstagram.com&_nc_cat=101&_nc_ohc=PCsP5YxxutkAX_7DdZr&tp=1&oh=b2e3259d8b1190c851613cf7de3cef63&oe=5FEB5BB5"
    },
    {
      "src": "https://scontent-lax3-1.cdninstagram.com/v/t51.2885-15/sh0.08/e35/s640x640/108210259_574058719937241_1425031205373882072_n.jpg?_nc_ht=scontent-lax3-1.cdninstagram.com&_nc_cat=109&_nc_ohc=5M-Zzml2eiYAX9_Ia4M&tp=1&oh=8409bd6aa0698a1f324c522ca31e4498&oe=5FED6DEA"
    },
    {
      "src": "https://scontent-lax3-1.cdninstagram.com/v/t51.2885-15/sh0.08/e35/s640x640/109038635_3133786183324637_4985150147142388237_n.jpg?_nc_ht=scontent-lax3-1.cdninstagram.com&_nc_cat=105&_nc_ohc=SGc3lER03e4AX8JDH2G&tp=1&oh=9224263d303ffa473a86b793ca763a6a&oe=5FEEC883"
    },
    {
      "src": "https://scontent-lax3-2.cdninstagram.com/v/t51.2885-15/sh0.08/e35/s640x640/107903580_291597892280243_1874057738466592648_n.jpg?_nc_ht=scontent-lax3-2.cdninstagram.com&_nc_cat=111&_nc_ohc=QZDRAdLqekcAX8yfsmM&tp=1&oh=71a52b44e7f531ed127cea951bb42ffb&oe=5FEEA3CA"
    },
    {
      "src": "https://scontent-lax3-1.cdninstagram.com/v/t51.2885-15/sh0.08/e35/s640x640/106921247_405084527092107_2769569443496147934_n.jpg?_nc_ht=scontent-lax3-1.cdninstagram.com&_nc_cat=103&_nc_ohc=YfAdr6DRORAAX9RjcZZ&tp=1&oh=fc7e74fb9efc4107b5df667c7c1cfadc&oe=5FEBED5F"
    },
    {
      "src": "https://scontent-lax3-1.cdninstagram.com/v/t51.2885-15/sh0.08/e35/c0.1.1080.1080a/s640x640/106275371_356468965334220_7724225691871772817_n.jpg?_nc_ht=scontent-lax3-1.cdninstagram.com&_nc_cat=100&_nc_ohc=45df6NKMFd4AX949bB9&tp=1&oh=81689f4e1d63bf19b6d14ce67be7b4a1&oe=5FEE51BF"
    },
    {
      "src": "https://scontent-lax3-1.cdninstagram.com/v/t51.2885-15/sh0.08/e35/s640x640/106069761_2573709712868785_4529498083258052800_n.jpg?_nc_ht=scontent-lax3-1.cdninstagram.com&_nc_cat=101&_nc_ohc=db08lgDNgmMAX-5Yrgl&tp=1&oh=7899ec250f4ff46996fb1dad84a53d1a&oe=5FEC22AD"
    },
    {
      "src": "https://scontent-lax3-1.cdninstagram.com/v/t51.2885-15/sh0.08/e35/s640x640/106101818_3706201642763085_3167173563096139424_n.jpg?_nc_ht=scontent-lax3-1.cdninstagram.com&_nc_cat=109&_nc_ohc=dnZ-jlXqP1kAX_-odnw&tp=1&oh=b33da72ecac84ab99cacd17f28c9032f&oe=5FEBC04F"
    }
  ]
}