{
  "user_name": "korrectgadgets",
  "profile_photo": "https://scontent-lax3-2.cdninstagram.com/v/t51.2885-19/s150x150/83839077_883161928783220_639510764834521088_n.jpg?_nc_ht=scontent-lax3-2.cdninstagram.com&_nc_ohc=8MzRSArO_ecAX8yzPM7&tp=1&oh=7076a33e798070cc4f7ccc0e830debaa&oe=5FEAFFB0",
  "name": "Korrectgadgets",
  "webiste": "",
  "bio": "We sell,Buy<br>Swap &amp; unlock all kinds of phones<br>For ur reliable &amp; quality <br>Phones/laptop<br>Call/Dm for enquirers<br>08053017429<br>09013822211<br>08183593031",
  "category": "",
  "posts_count": "739",
  "followers_count": "43.5k",
  "following_count": "397",
  "story_highlights": [],
  "posts": [
    {
      "src": "https://scontent-lax3-2.cdninstagram.com/v/t51.2885-15/sh0.08/e35/s640x640/128248645_1252352405134183_8878145660210904778_n.jpg?_nc_ht=scontent-lax3-2.cdninstagram.com&_nc_cat=107&_nc_ohc=4IW35JtaZgsAX9Y33VY&tp=1&oh=3ed0f97b575fbe30dc323613525fe56b&oe=5FC5EB28"
    },
    {
      "src": "https://scontent-lax3-1.cdninstagram.com/v/t51.2885-15/sh0.08/e35/c0.0.1439.1439a/s640x640/127814257_2161383603985380_2376941615890846146_n.jpg?_nc_ht=scontent-lax3-1.cdninstagram.com&_nc_cat=100&_nc_ohc=TgzfkjCoRK0AX-cesXm&tp=1&oh=eb1e2e1da5ed3e5fa00f2e0aa8910f09&oe=5FECAA78"
    },
    {
      "src": "https://scontent-lax3-2.cdninstagram.com/v/t51.2885-15/sh0.08/e35/s640x640/127915698_194235572176182_7275844121461881339_n.jpg?_nc_ht=scontent-lax3-2.cdninstagram.com&_nc_cat=106&_nc_ohc=mFPWR2XGX_cAX9COsGz&tp=1&oh=855e3ab77fd18e0e925b30a50b27c8e4&oe=5FEB5C0B"
    },
    {
      "src": "https://scontent-lax3-1.cdninstagram.com/v/t51.2885-15/sh0.08/e35/s640x640/127764243_431402661358299_5269264231090195369_n.jpg?_nc_ht=scontent-lax3-1.cdninstagram.com&_nc_cat=103&_nc_ohc=cEFMNSjSaO8AX8YzXyb&tp=1&oh=cc59dae7a0be5b5f02db07cf9ea14ca0&oe=5FEB6BBD"
    },
    {
      "src": "https://scontent-lax3-1.cdninstagram.com/v/t51.2885-15/sh0.08/e35/c0.180.1440.1440a/s640x640/126266462_204344417982793_7483501953224403516_n.jpg?_nc_ht=scontent-lax3-1.cdninstagram.com&_nc_cat=101&_nc_ohc=co-ZOSO_2IkAX9uMFpk&tp=1&oh=f44682bf6b85a7b4f1f8cbc46b7015dc&oe=5FEE35C8"
    },
    {
      "src": "https://scontent-lax3-1.cdninstagram.com/v/t51.2885-15/sh0.08/e35/c0.0.1439.1439a/s640x640/127650481_4077320515617064_5775526265367208360_n.jpg?_nc_ht=scontent-lax3-1.cdninstagram.com&_nc_cat=104&_nc_ohc=-0FfsPpRrIUAX8651i5&tp=1&oh=8b1d28537dd5ae0be589431a1fd6c246&oe=5FEB987A"
    },
    {
      "src": "https://scontent-lax3-1.cdninstagram.com/v/t51.2885-15/e35/127838393_3650991928316583_3509962948157676933_n.jpg?_nc_ht=scontent-lax3-1.cdninstagram.com&_nc_cat=103&_nc_ohc=-ggqEl0OSUcAX8baxn_&tp=1&oh=b934b382b91fb88b1b0cf59c59f0fafd&oe=5FC5ECCF"
    },
    {
      "src": "https://scontent-lax3-1.cdninstagram.com/v/t51.2885-15/sh0.08/e35/s640x640/127922948_196862441970910_8644475668518214994_n.jpg?_nc_ht=scontent-lax3-1.cdninstagram.com&_nc_cat=110&_nc_ohc=yGUUYUOzArgAX8ipjaB&tp=1&oh=dd10d493eb7a042b58e7c91aa88118fe&oe=5FEC5439"
    },
    {
      "src": "https://scontent-lax3-2.cdninstagram.com/v/t51.2885-15/sh0.08/e35/s640x640/127184451_816330775878894_1862596392436611042_n.jpg?_nc_ht=scontent-lax3-2.cdninstagram.com&_nc_cat=106&_nc_ohc=pG8PMCXu79YAX_wKhJU&tp=1&oh=0e2409ddead4590a57fad7fe7f5c8c97&oe=5FC5EB04"
    },
    {
      "src": "https://scontent-lax3-1.cdninstagram.com/v/t51.2885-15/sh0.08/e35/c0.180.1440.1440a/s640x640/125926685_227154738829392_5348978310619300753_n.jpg?_nc_ht=scontent-lax3-1.cdninstagram.com&_nc_cat=100&_nc_ohc=tUXeSf5txWgAX9oW4ny&tp=1&oh=b9807908a7ca298e3b056192cafcbaa0&oe=5FEB25EB"
    },
    {
      "src": "https://scontent-lax3-1.cdninstagram.com/v/t51.2885-15/sh0.08/e35/s640x640/127764241_789637048483925_8016896349282475791_n.jpg?_nc_ht=scontent-lax3-1.cdninstagram.com&_nc_cat=105&_nc_ohc=1k7VM1od5bIAX-6SSEl&tp=1&oh=c467e2ebe0c1d89bce5d0b5aea287a73&oe=5FEB657A"
    },
    {
      "src": "https://scontent-lax3-1.cdninstagram.com/v/t51.2885-15/sh0.08/e35/s640x640/127318608_727702784619375_799689128581317626_n.jpg?_nc_ht=scontent-lax3-1.cdninstagram.com&_nc_cat=103&_nc_ohc=2j_Ni122ly8AX_va6Et&tp=1&oh=bd49be871cc3abb7ad70c5cba13b0bc9&oe=5FED19E7"
    },
    {
      "src": "https://scontent-lax3-1.cdninstagram.com/v/t51.2885-15/sh0.08/e35/c0.0.1439.1439a/s640x640/127610948_878578276298501_4234946671639096883_n.jpg?_nc_ht=scontent-lax3-1.cdninstagram.com&_nc_cat=105&_nc_ohc=RW_yidrOaDQAX9CHeOf&tp=1&oh=e43b1add1807f2ea971c02a6978df9b8&oe=5FEB1131"
    },
    {
      "src": "https://scontent-lax3-1.cdninstagram.com/v/t51.2885-15/sh0.08/e35/s640x640/126361151_191748259153001_2877353251048657808_n.jpg?_nc_ht=scontent-lax3-1.cdninstagram.com&_nc_cat=105&_nc_ohc=elOFZqzCONYAX8WsE8N&tp=1&oh=8d350c5d20a6f099580f1454af2c3bbe&oe=5FED5328"
    },
    {
      "src": "https://scontent-lax3-2.cdninstagram.com/v/t51.2885-15/sh0.08/e35/s640x640/127213772_212143356977562_1046543835074844201_n.jpg?_nc_ht=scontent-lax3-2.cdninstagram.com&_nc_cat=106&_nc_ohc=P-lFxsVoH1cAX9TvZW6&tp=1&oh=f057e8680b09358deb7527bf63cc39ab&oe=5FC58EAA"
    },
    {
      "src": "https://scontent-lax3-1.cdninstagram.com/v/t51.2885-15/sh0.08/e35/s640x640/126990213_1087493691704091_3915860662537776758_n.jpg?_nc_ht=scontent-lax3-1.cdninstagram.com&_nc_cat=103&_nc_ohc=JW0ZPUMdLIoAX9dMFJ4&tp=1&oh=8fb9767ad66271bf83a3ab7f3e85ea8d&oe=5FC57736"
    },
    {
      "src": "https://scontent-lax3-1.cdninstagram.com/v/t51.2885-15/sh0.08/e35/s640x640/126381699_3355191717926965_1717764698476119220_n.jpg?_nc_ht=scontent-lax3-1.cdninstagram.com&_nc_cat=101&_nc_ohc=NnoBwnAooJQAX_lxapO&tp=1&oh=0a8407bc8db15e3b558c055c8881a63a&oe=5FEEB920"
    },
    {
      "src": "https://scontent-lax3-1.cdninstagram.com/v/t51.2885-15/sh0.08/e35/c0.0.1439.1439a/s640x640/126909373_4083240218371924_2809514186424576561_n.jpg?_nc_ht=scontent-lax3-1.cdninstagram.com&_nc_cat=104&_nc_ohc=TWAa5ocDCGUAX8qr_ro&tp=1&oh=cb13cf7783996b1632f5c89f01a8b528&oe=5FED881A"
    },
    {
      "src": "https://scontent-lax3-2.cdninstagram.com/v/t51.2885-15/e35/126903576_205432087856310_5404274000425452021_n.jpg?_nc_ht=scontent-lax3-2.cdninstagram.com&_nc_cat=106&_nc_ohc=gAksFzvIqs8AX_aIyY-&tp=1&oh=f94a6c9b3a69c04878304ff4b63e3dee&oe=5FEB7256"
    },
    {
      "src": "https://scontent-lax3-1.cdninstagram.com/v/t51.2885-15/sh0.08/e35/c0.175.1406.1406a/s640x640/127218234_3301641849962174_4895049163975187453_n.jpg?_nc_ht=scontent-lax3-1.cdninstagram.com&_nc_cat=102&_nc_ohc=Epca4e5nfe8AX8PA7mE&tp=1&oh=b213205481cb73bdb8e0d310acbac072&oe=5FEEE7B7"
    },
    {
      "src": "https://scontent-lax3-1.cdninstagram.com/v/t51.2885-15/sh0.08/e35/c0.180.1440.1440a/s640x640/126917796_790809948375893_2343313683512817581_n.jpg?_nc_ht=scontent-lax3-1.cdninstagram.com&_nc_cat=105&_nc_ohc=dGZoEq699m8AX-4XM7y&tp=1&oh=70957ee20623c183c61d9405a9c08b29&oe=5FEC7253"
    },
    {
      "src": "https://scontent-lax3-1.cdninstagram.com/v/t51.2885-15/sh0.08/e35/s640x640/126250396_1765561266934365_4070691673910589903_n.jpg?_nc_ht=scontent-lax3-1.cdninstagram.com&_nc_cat=109&_nc_ohc=TJwONnlBrrYAX-fibRR&tp=1&oh=8a27f51e40d56d188894a332c80a28b5&oe=5FEEA47B"
    },
    {
      "src": "https://scontent-lax3-1.cdninstagram.com/v/t51.2885-15/sh0.08/e35/s640x640/126425915_1722352751272453_5611863564003531279_n.jpg?_nc_ht=scontent-lax3-1.cdninstagram.com&_nc_cat=101&_nc_ohc=8pAjrZCn4moAX9oU09b&tp=1&oh=c0e2cd7ada78e28c2ce51f652cd40ea0&oe=5FC5E10D"
    },
    {
      "src": "https://scontent-lax3-2.cdninstagram.com/v/t51.2885-15/sh0.08/e35/c0.0.1439.1439a/s640x640/126461603_405140670898451_3745860169654808174_n.jpg?_nc_ht=scontent-lax3-2.cdninstagram.com&_nc_cat=111&_nc_ohc=oQuGNXjXcbcAX-qR0vL&tp=1&oh=bdb3b9e4cccd6c529cf9dca20063892b&oe=5FEBB819"
    }
  ]
}