{
  "user_name": "korrectgadget",
  "profile_photo": "https://scontent-lax3-2.cdninstagram.com/v/t51.2885-19/s150x150/50673645_147433606161387_7739092302122975232_n.jpg?_nc_ht=scontent-lax3-2.cdninstagram.com&_nc_ohc=5ffugIJt2foAX9tq_I8&tp=1&oh=339ede85aaf79106476fb1ff92a53e34&oe=5FEC6E5C",
  "name": "Korrectgadget",
  "webiste": "",
  "bio": "For ur reliable &amp; quality <br>Phones/laptop<br>We sell,<br>Buy<br>Swap &amp; unlock all kinds of phones<br>Call/Dm for enquirers<br>08053017429<br>09013822211<br>08183593031",
  "category": "",
  "posts_count": "1,705",
  "followers_count": "19.3k",
  "following_count": "1,214",
  "story_highlights": [
    {
      "text": "PS4 and pad",
      "src": "https://scontent-lax3-1.cdninstagram.com/v/t51.2885-15/e35/c0.437.1125.1125a/s150x150/118209230_119423169659774_2444211302029382576_n.jpg?_nc_ht=scontent-lax3-1.cdninstagram.com&_nc_cat=102&_nc_ohc=QAo9nmBPrrkAX_XgBeE&tp=1&oh=73f6cd4937b2bfd37aff3e9afbf23846&oe=5FC5B06A"
    },
    {
      "text": "Laptops",
      "src": "https://scontent-lax3-2.cdninstagram.com/v/t51.2885-15/e35/c0.437.1125.1125a/s150x150/120073961_365560491267235_7151776830047886896_n.jpg?_nc_ht=scontent-lax3-2.cdninstagram.com&_nc_cat=107&_nc_ohc=ztsK5HzLCKQAX-FRMlk&tp=1&oh=632f6f36ea046e596cf4d39ce6595c39&oe=5FC5E476"
    },
    {
      "text": "Samsung",
      "src": "https://scontent-lax3-1.cdninstagram.com/v/t51.2885-15/e35/c0.437.1125.1125a/s150x150/121705014_399554797710159_2662932253947809952_n.jpg?_nc_ht=scontent-lax3-1.cdninstagram.com&_nc_cat=103&_nc_ohc=1xhTRs_eEQUAX_OQl0q&tp=1&oh=68eb1dfefc26033628f90a99cb466568&oe=5FC593AA"
    },
    {
      "text": "Apple Watch",
      "src": "https://scontent-lax3-1.cdninstagram.com/v/t51.2885-15/e15/c0.280.720.720a/s150x150/120579842_1816102785210997_7255383342165018939_n.jpg?_nc_ht=scontent-lax3-1.cdninstagram.com&_nc_cat=101&_nc_ohc=v0fAbs3GQNsAX_tITO5&tp=1&oh=989327351f0eb73cfd554a877d4253d4&oe=5FC5F59E"
    },
    {
      "text": "New stock weekl",
      "src": "https://scontent-lax3-1.cdninstagram.com/v/t51.2885-15/e15/c0.280.720.720a/s150x150/120741676_974298559752058_4959719725128609337_n.jpg?_nc_ht=scontent-lax3-1.cdninstagram.com&_nc_cat=110&_nc_ohc=ONRzV-uyr_AAX-j3y4Y&tp=1&oh=bb2723442bff5c5cdddce94e56a2684c&oe=5FC5853D"
    },
    {
      "text": "Jbl speakers",
      "src": "https://scontent-lax3-2.cdninstagram.com/v/t51.2885-15/e35/c0.437.1125.1125a/s150x150/117214912_323384892147623_5025903028626520332_n.jpg?_nc_ht=scontent-lax3-2.cdninstagram.com&_nc_cat=111&_nc_ohc=JUl0SmDmnN0AX_E_Cb_&tp=1&oh=016a2f809d23e3e0aee095e77251f7e0&oe=5FC5E32D"
    },
    {
      "text": "Thank you",
      "src": "https://scontent-lax3-1.cdninstagram.com/v/t51.12442-15/e35/c0.398.1024.1024a/s150x150/56848279_1978231745619161_5945705027387811318_n.jpg?_nc_ht=scontent-lax3-1.cdninstagram.com&_nc_cat=105&_nc_ohc=ZHDKyYF0GwsAX9Pp-dO&tp=1&oh=0af282c5edc1d7c38aac4fe5a92d2995&oe=5FC59705"
    }
  ],
  "posts": [
    {
      "src": "https://scontent-lax3-2.cdninstagram.com/v/t51.2885-15/sh0.08/e35/s640x640/128248645_1252352405134183_8878145660210904778_n.jpg?_nc_ht=scontent-lax3-2.cdninstagram.com&_nc_cat=107&_nc_ohc=4IW35JtaZgsAX9Y33VY&tp=1&oh=3ed0f97b575fbe30dc323613525fe56b&oe=5FC5EB28"
    },
    {
      "src": "https://scontent-lax3-1.cdninstagram.com/v/t51.2885-15/sh0.08/e35/c0.0.1439.1439a/s640x640/128722214_2463683960603537_7782880630353272537_n.jpg?_nc_ht=scontent-lax3-1.cdninstagram.com&_nc_cat=105&_nc_ohc=JWAEvCPPe7MAX_5gjVU&tp=1&oh=6607172a3947c62b5c4a2d75c75f1444&oe=5FEBE176"
    },
    {
      "src": "https://scontent-lax3-2.cdninstagram.com/v/t51.2885-15/sh0.08/e35/s640x640/127915698_194235572176182_7275844121461881339_n.jpg?_nc_ht=scontent-lax3-2.cdninstagram.com&_nc_cat=106&_nc_ohc=mFPWR2XGX_cAX9COsGz&tp=1&oh=855e3ab77fd18e0e925b30a50b27c8e4&oe=5FEB5C0B"
    },
    {
      "src": "https://scontent-lax3-1.cdninstagram.com/v/t51.2885-15/sh0.08/e35/s640x640/127764243_431402661358299_5269264231090195369_n.jpg?_nc_ht=scontent-lax3-1.cdninstagram.com&_nc_cat=103&_nc_ohc=cEFMNSjSaO8AX8YzXyb&tp=1&oh=cc59dae7a0be5b5f02db07cf9ea14ca0&oe=5FEB6BBD"
    },
    {
      "src": "https://scontent-lax3-1.cdninstagram.com/v/t51.2885-15/sh0.08/e35/s640x640/127655252_959034114782625_4701867549634685223_n.jpg?_nc_ht=scontent-lax3-1.cdninstagram.com&_nc_cat=109&_nc_ohc=kzwqt6brU2IAX9cOnYE&tp=1&oh=5ab39781f7e1c03a130c23b9fdff8a04&oe=5FEBFBDB"
    },
    {
      "src": "https://scontent-lax3-1.cdninstagram.com/v/t51.2885-15/sh0.08/e35/s640x640/127835729_4746652012074340_1005081365886285854_n.jpg?_nc_ht=scontent-lax3-1.cdninstagram.com&_nc_cat=104&_nc_ohc=Z-NuyCl5zFoAX-wPjNj&tp=1&oh=9bf91eb20d90f0ed9098b6414f78f624&oe=5FEC9C90"
    },
    {
      "src": "https://scontent-lax3-1.cdninstagram.com/v/t51.2885-15/e35/127838393_3650991928316583_3509962948157676933_n.jpg?_nc_ht=scontent-lax3-1.cdninstagram.com&_nc_cat=103&_nc_ohc=-ggqEl0OSUcAX8baxn_&tp=1&oh=b934b382b91fb88b1b0cf59c59f0fafd&oe=5FC5ECCF"
    },
    {
      "src": "https://scontent-lax3-1.cdninstagram.com/v/t51.2885-15/sh0.08/e35/s640x640/122613478_385260936019941_4521763651142721143_n.jpg?_nc_ht=scontent-lax3-1.cdninstagram.com&_nc_cat=109&_nc_ohc=b26oaBrr_ysAX9nEP6z&tp=1&oh=0cfcdb97cebb2ec40dc67a7f614bfaaa&oe=5FEB7552"
    },
    {
      "src": "https://scontent-lax3-2.cdninstagram.com/v/t51.2885-15/sh0.08/e35/s640x640/127184451_816330775878894_1862596392436611042_n.jpg?_nc_ht=scontent-lax3-2.cdninstagram.com&_nc_cat=106&_nc_ohc=pG8PMCXu79YAX_wKhJU&tp=1&oh=0e2409ddead4590a57fad7fe7f5c8c97&oe=5FC5EB04"
    },
    {
      "src": "https://scontent-lax3-1.cdninstagram.com/v/t51.2885-15/sh0.08/e35/c0.180.1440.1440a/s640x640/125926685_227154738829392_5348978310619300753_n.jpg?_nc_ht=scontent-lax3-1.cdninstagram.com&_nc_cat=100&_nc_ohc=tUXeSf5txWgAX9oW4ny&tp=1&oh=b9807908a7ca298e3b056192cafcbaa0&oe=5FEB25EB"
    },
    {
      "src": "https://scontent-lax3-1.cdninstagram.com/v/t51.2885-15/sh0.08/e35/s640x640/127764241_789637048483925_8016896349282475791_n.jpg?_nc_ht=scontent-lax3-1.cdninstagram.com&_nc_cat=105&_nc_ohc=1k7VM1od5bIAX-6SSEl&tp=1&oh=c467e2ebe0c1d89bce5d0b5aea287a73&oe=5FEB657A"
    },
    {
      "src": "https://scontent-lax3-1.cdninstagram.com/v/t51.2885-15/sh0.08/e35/s640x640/127318608_727702784619375_799689128581317626_n.jpg?_nc_ht=scontent-lax3-1.cdninstagram.com&_nc_cat=103&_nc_ohc=2j_Ni122ly8AX_va6Et&tp=1&oh=bd49be871cc3abb7ad70c5cba13b0bc9&oe=5FED19E7"
    },
    {
      "src": "https://scontent-lax3-1.cdninstagram.com/v/t51.2885-15/sh0.08/e35/s640x640/127287213_709483486668629_5825837681656523001_n.jpg?_nc_ht=scontent-lax3-1.cdninstagram.com&_nc_cat=105&_nc_ohc=6eZeV6fjmngAX_JZwCp&tp=1&oh=e5da546b7cfdcdafcfa31ab3e2bc021d&oe=5FEDFEC9"
    },
    {
      "src": "https://scontent-lax3-1.cdninstagram.com/v/t51.2885-15/sh0.08/e35/s640x640/126361151_191748259153001_2877353251048657808_n.jpg?_nc_ht=scontent-lax3-1.cdninstagram.com&_nc_cat=105&_nc_ohc=elOFZqzCONYAX8WsE8N&tp=1&oh=8d350c5d20a6f099580f1454af2c3bbe&oe=5FED5328"
    },
    {
      "src": "https://scontent-lax3-2.cdninstagram.com/v/t51.2885-15/sh0.08/e35/s640x640/127213772_212143356977562_1046543835074844201_n.jpg?_nc_ht=scontent-lax3-2.cdninstagram.com&_nc_cat=106&_nc_ohc=P-lFxsVoH1cAX9TvZW6&tp=1&oh=f057e8680b09358deb7527bf63cc39ab&oe=5FC58EAA"
    },
    {
      "src": "https://scontent-lax3-1.cdninstagram.com/v/t51.2885-15/sh0.08/e35/s640x640/126990213_1087493691704091_3915860662537776758_n.jpg?_nc_ht=scontent-lax3-1.cdninstagram.com&_nc_cat=103&_nc_ohc=JW0ZPUMdLIoAX9dMFJ4&tp=1&oh=8fb9767ad66271bf83a3ab7f3e85ea8d&oe=5FC57736"
    },
    {
      "src": "https://scontent-lax3-1.cdninstagram.com/v/t51.2885-15/sh0.08/e35/c0.0.1439.1439a/s640x640/127058145_186040563102277_6128385752194507223_n.jpg?_nc_ht=scontent-lax3-1.cdninstagram.com&_nc_cat=101&_nc_ohc=XmtDAZ_1ZFwAX_FwSEj&tp=1&oh=51253d235f327b9b5fe37f424693bac6&oe=5FEBD2D2"
    },
    {
      "src": "https://scontent-lax3-1.cdninstagram.com/v/t51.2885-15/sh0.08/e35/c0.0.1439.1439a/s640x640/126910760_2721746611472462_6307359281943495797_n.jpg?_nc_ht=scontent-lax3-1.cdninstagram.com&_nc_cat=102&_nc_ohc=wtROX7CwvZwAX-hlb08&tp=1&oh=df8c0aef0d733dada81d868204831baa&oe=5FEBDB3C"
    },
    {
      "src": "https://scontent-lax3-2.cdninstagram.com/v/t51.2885-15/e35/126903576_205432087856310_5404274000425452021_n.jpg?_nc_ht=scontent-lax3-2.cdninstagram.com&_nc_cat=106&_nc_ohc=gAksFzvIqs8AX_aIyY-&tp=1&oh=f94a6c9b3a69c04878304ff4b63e3dee&oe=5FEB7256"
    },
    {
      "src": "https://scontent-lax3-1.cdninstagram.com/v/t51.2885-15/sh0.08/e35/c0.175.1406.1406a/s640x640/127218234_3301641849962174_4895049163975187453_n.jpg?_nc_ht=scontent-lax3-1.cdninstagram.com&_nc_cat=102&_nc_ohc=Epca4e5nfe8AX8PA7mE&tp=1&oh=b213205481cb73bdb8e0d310acbac072&oe=5FEEE7B7"
    },
    {
      "src": "https://scontent-lax3-1.cdninstagram.com/v/t51.2885-15/sh0.08/e35/c0.180.1440.1440a/s640x640/126917796_790809948375893_2343313683512817581_n.jpg?_nc_ht=scontent-lax3-1.cdninstagram.com&_nc_cat=105&_nc_ohc=dGZoEq699m8AX-4XM7y&tp=1&oh=70957ee20623c183c61d9405a9c08b29&oe=5FEC7253"
    },
    {
      "src": "https://scontent-lax3-1.cdninstagram.com/v/t51.2885-15/sh0.08/e35/s640x640/126844462_796378374254865_5576952060082865619_n.jpg?_nc_ht=scontent-lax3-1.cdninstagram.com&_nc_cat=109&_nc_ohc=H7BhhdZeLCYAX9TqOGf&tp=1&oh=a36bd6c84b13b4cf7a522e05707b512b&oe=5FEE6985"
    },
    {
      "src": "https://scontent-lax3-1.cdninstagram.com/v/t51.2885-15/sh0.08/e35/s640x640/126425915_1722352751272453_5611863564003531279_n.jpg?_nc_ht=scontent-lax3-1.cdninstagram.com&_nc_cat=101&_nc_ohc=8pAjrZCn4moAX9oU09b&tp=1&oh=c0e2cd7ada78e28c2ce51f652cd40ea0&oe=5FC5E10D"
    },
    {
      "src": "https://scontent-lax3-1.cdninstagram.com/v/t51.2885-15/sh0.08/e35/c0.0.1439.1439a/s640x640/126906209_140828147786000_7032454941637420810_n.jpg?_nc_ht=scontent-lax3-1.cdninstagram.com&_nc_cat=108&_nc_ohc=Q31KJV_E0QkAX8od0nE&tp=1&oh=448d32186936b16de160b8cf81270713&oe=5FEBC163"
    }
  ]
}