{
  "user_name": "laptoprealm",
  "profile_photo": "https://scontent-lax3-2.cdninstagram.com/v/t51.2885-19/s150x150/65972842_2214867242069010_7084008320880607232_n.jpg?_nc_ht=scontent-lax3-2.cdninstagram.com&_nc_ohc=TIK8TvgFfPsAX-bBbaK&tp=1&oh=9c3aa53b9ce7477187b3d81a96eab8f2&oe=5FECEC7E",
  "name": "Laptop Realm",
  "webiste": "https://l.instagram.com/?u=https%3A%2F%2Fwa.me%2F2348034893890&e=ATOp3TyDugU8EHoJ_XaTrQwcUV04VmrBGh8a3XHkqm3NvQJjaBbFPJCPO7SJq7ML7YiiZ0XK976UzfEZpIk8nw&s=1",
  "bio": "We deal with Brand new and Foreign used laptops &amp; other computer accessories, we give our customers the best deal. Integrity &amp; Trust is our watchword.",
  "category": "",
  "posts_count": "714",
  "followers_count": "2,103",
  "following_count": "181",
  "story_highlights": [
    {
      "text": "Macbook pro",
      "src": "https://scontent-lax3-1.cdninstagram.com/v/t51.12442-15/e15/c0.280.720.720a/s150x150/107374143_116166686621878_1362620405960617456_n.jpg?_nc_ht=scontent-lax3-1.cdninstagram.com&_nc_cat=110&_nc_ohc=R8PqYB-DHf0AX88q6Av&tp=1&oh=6580e8fd4bdd280b1610fe88b08bac48&oe=5FC59FD2"
    },
    {
      "text": "New stock",
      "src": "https://scontent-lax3-2.cdninstagram.com/v/t51.12442-15/e15/c0.186.480.480a/s150x150/105981950_318222415845091_1176394098571374830_n.jpg?_nc_ht=scontent-lax3-2.cdninstagram.com&_nc_cat=107&_nc_ohc=FPsA21wa5CcAX-I2UXp&tp=1&oh=b25e6dd7932be370be17b826c2287e4f&oe=5FC5C72E"
    },
    {
      "text": "2018 MacbookPro",
      "src": "https://scontent-lax3-2.cdninstagram.com/v/t51.2885-15/e35/c0.483.1242.1242a/s150x150/105969303_743702003059979_1752871770854738467_n.jpg?_nc_ht=scontent-lax3-2.cdninstagram.com&_nc_cat=111&_nc_ohc=YmGyS6YFEAUAX9k5519&tp=1&oh=fdc9654b77d33bdd2a93abaf0d3c674b&oe=5FC5808C"
    },
    {
      "text": "Spectre",
      "src": "https://scontent-lax3-2.cdninstagram.com/v/t51.12442-15/e35/c0.483.1242.1242a/s150x150/104685616_112375133688667_6338720244177438715_n.jpg?_nc_ht=scontent-lax3-2.cdninstagram.com&_nc_cat=107&_nc_ohc=ZPtpJmlmvygAX-sV64_&tp=1&oh=1aec23f7d8914a233626f71d1975fc24&oe=5FC5B399"
    },
    {
      "text": "HP Pavilion",
      "src": "https://scontent-lax3-1.cdninstagram.com/v/t51.12442-15/e35/c0.483.1242.1242a/s150x150/103968228_283575863007886_744546605806984022_n.jpg?_nc_ht=scontent-lax3-1.cdninstagram.com&_nc_cat=110&_nc_ohc=y67yC31Ip4sAX_f1f3p&tp=1&oh=8e3a073f9a3b3b32e0ec6753039d5d14&oe=5FC5A6A9"
    },
    {
      "text": "New Stocks",
      "src": "https://scontent-lax3-1.cdninstagram.com/v/t51.12442-15/e35/c0.483.1242.1242a/s150x150/101544792_169797987869105_8657738857202922872_n.jpg?_nc_ht=scontent-lax3-1.cdninstagram.com&_nc_cat=105&_nc_ohc=KkmQml4VJ_sAX_Vj8wm&tp=1&oh=b71f291743cd863fec9b35270bf9ec35&oe=5FC61221"
    },
    {
      "text": "New Stocks",
      "src": "https://scontent-lax3-1.cdninstagram.com/v/t51.12442-15/e15/c0.187.480.480a/s150x150/95188606_929494107488533_2099135932664758219_n.jpg?_nc_ht=scontent-lax3-1.cdninstagram.com&_nc_cat=101&_nc_ohc=CtYwa3tx7d8AX9YDT_3&tp=1&oh=0a61d513736bead3b9835117856fe7a6&oe=5FC59955"
    },
    {
      "text": "Highlights",
      "src": "https://scontent-lax3-1.cdninstagram.com/v/t51.12442-15/e35/c0.550.1080.1080a/s150x150/67661270_480060862551893_724651911115438437_n.jpg?_nc_ht=scontent-lax3-1.cdninstagram.com&_nc_cat=105&_nc_ohc=ROPg2-Fq0KwAX8SR2Cd&tp=1&oh=6964490c4cfe767974045a4b705d181c&oe=5FC5D4A8"
    },
    {
      "text": "Alienwar Area51",
      "src": "https://scontent-lax3-1.cdninstagram.com/v/t51.12442-15/e35/c0.483.1242.1242a/s150x150/84968324_477159566506114_7192227909127395178_n.jpg?_nc_ht=scontent-lax3-1.cdninstagram.com&_nc_cat=110&_nc_ohc=TKrhLUbIergAX81ReQI&tp=1&oh=be30019ecb018d27aa5c5f356478ea28&oe=5FC59838"
    },
    {
      "text": "ASUS ZenBook",
      "src": "https://scontent-lax3-1.cdninstagram.com/v/t51.12442-15/e35/c0.483.1242.1242a/s150x150/83549526_2496782760588724_2150265293547919675_n.jpg?_nc_ht=scontent-lax3-1.cdninstagram.com&_nc_cat=104&_nc_ohc=CjggyK5_YDIAX_Vo8p6&tp=1&oh=448db077d14708c13e4cf5e1c0b934cc&oe=5FC57F20"
    },
    {
      "text": "2019 MacBook",
      "src": "https://scontent-lax3-1.cdninstagram.com/v/t51.12442-15/e35/c0.483.1242.1242a/s150x150/83153262_777025699484916_8190415774581715943_n.jpg?_nc_ht=scontent-lax3-1.cdninstagram.com&_nc_cat=100&_nc_ohc=j8y3pxLs9z0AX9WXjsz&tp=1&oh=84a73066959162ccbf41b6dabcf22cb7&oe=5FC5DF0C"
    },
    {
      "text": "Dell Inspiron",
      "src": "https://scontent-lax3-2.cdninstagram.com/v/t51.12442-15/e35/c90.776.1152.1152a/s150x150/82826783_184963746215995_4462986313758403426_n.jpg?_nc_ht=scontent-lax3-2.cdninstagram.com&_nc_cat=107&_nc_ohc=EiTv8csfPTMAX-6Z3UR&tp=1&oh=c43dc91faccf3c96fb047b74e3feb04c&oe=5FC5BDCC"
    },
    {
      "text": "Alienware 👽 m15",
      "src": "https://scontent-lax3-1.cdninstagram.com/v/t51.12442-15/e35/c0.570.1080.1080a/s150x150/81787659_182817992960038_4176321455636555975_n.jpg?_nc_ht=scontent-lax3-1.cdninstagram.com&_nc_cat=110&_nc_ohc=uhG2tErE5qgAX_Apiqt&tp=1&oh=c91bb23d5348b8c556bf59ceb4bd9295&oe=5FC58F7A"
    }
  ],
  "posts": [
    {
      "src": "https://scontent-lax3-1.cdninstagram.com/v/t51.2885-15/sh0.08/e35/c88.0.853.853a/s640x640/127408307_215340673449108_2331863459549528561_n.jpg?_nc_ht=scontent-lax3-1.cdninstagram.com&_nc_cat=100&_nc_ohc=QTkQfeXTA3AAX-taxz1&tp=1&oh=908fe36bb59a3ef7f49e0f7606e8e9fc&oe=5FEC96C5"
    },
    {
      "src": "https://scontent-lax3-1.cdninstagram.com/v/t51.2885-15/sh0.08/e35/s640x640/128070470_685365465385029_2364134388571443845_n.jpg?_nc_ht=scontent-lax3-1.cdninstagram.com&_nc_cat=109&_nc_ohc=pxzM_ZDUAaEAX9_0HbD&tp=1&oh=299b0b94b0ec0c8ae2159011587d2e50&oe=5FEDDF03"
    },
    {
      "src": "https://scontent-lax3-1.cdninstagram.com/v/t51.2885-15/sh0.08/e35/s640x640/128173244_1175069506222364_329690799481908494_n.jpg?_nc_ht=scontent-lax3-1.cdninstagram.com&_nc_cat=108&_nc_ohc=hgb7s9ZeDS0AX_wspgY&tp=1&oh=0766871b327a5f62b62f71036c9d0217&oe=5FEC09F4"
    },
    {
      "src": "https://scontent-lax3-1.cdninstagram.com/v/t51.2885-15/e35/127619934_988044218369216_7189607648617902891_n.jpg?_nc_ht=scontent-lax3-1.cdninstagram.com&_nc_cat=108&_nc_ohc=YgBfenw3VsoAX9x5Ye7&tp=1&oh=47e154ddbdaad9c8fff84173d6ad1007&oe=5FEEE48F"
    },
    {
      "src": "https://scontent-lax3-2.cdninstagram.com/v/t51.2885-15/sh0.08/e35/c205.0.669.669a/s640x640/127854354_2885073965056351_6124188195974568514_n.jpg?_nc_ht=scontent-lax3-2.cdninstagram.com&_nc_cat=107&_nc_ohc=Fz9FyPmLlGUAX9W1sMx&tp=1&oh=954288176d002f377b5061f80c26409d&oe=5FED1445"
    },
    {
      "src": "https://scontent-lax3-2.cdninstagram.com/v/t51.2885-15/e35/127382630_197206551981635_5554322036753678840_n.jpg?_nc_ht=scontent-lax3-2.cdninstagram.com&_nc_cat=111&_nc_ohc=zPVUmIY459MAX_UpQbv&tp=1&oh=586d479079bd264de4b2bc2a5374b789&oe=5FECD181"
    },
    {
      "src": "https://scontent-lax3-1.cdninstagram.com/v/t51.2885-15/sh0.08/e35/s640x640/126989133_133417788253197_2882219172551890445_n.jpg?_nc_ht=scontent-lax3-1.cdninstagram.com&_nc_cat=109&_nc_ohc=irlncgkGxiIAX92aDPx&tp=1&oh=933f8fe9a831ced66bd98f0c387751c4&oe=5FECCA52"
    },
    {
      "src": "https://scontent-lax3-1.cdninstagram.com/v/t51.2885-15/sh0.08/e35/s640x640/127089237_3393231450776210_4872239627707841623_n.jpg?_nc_ht=scontent-lax3-1.cdninstagram.com&_nc_cat=102&_nc_ohc=3a26tDnpg2UAX9wjOSy&tp=1&oh=08ecad1b483c08cc0936d578a9445b6d&oe=5FEC997A"
    },
    {
      "src": "https://scontent-lax3-1.cdninstagram.com/v/t51.2885-15/sh0.08/e35/s640x640/126811833_1036437960115442_216110201864141746_n.jpg?_nc_ht=scontent-lax3-1.cdninstagram.com&_nc_cat=102&_nc_ohc=ezO-PzdUR3oAX9i6W3A&tp=1&oh=9579d7f17d1462f07b01c8333cee23d2&oe=5FEDD10D"
    },
    {
      "src": "https://scontent-lax3-1.cdninstagram.com/v/t51.2885-15/sh0.08/e35/s640x640/126852246_188843409527996_2860921400254623914_n.jpg?_nc_ht=scontent-lax3-1.cdninstagram.com&_nc_cat=108&_nc_ohc=1fH_7mUbY5QAX8nMlbl&tp=1&oh=65a8368b98b9b4634276222aad514bb5&oe=5FEE53DD"
    },
    {
      "src": "https://scontent-lax3-2.cdninstagram.com/v/t51.2885-15/sh0.08/e35/s640x640/126783933_691827465041135_3624745400729535344_n.jpg?_nc_ht=scontent-lax3-2.cdninstagram.com&_nc_cat=111&_nc_ohc=bD8Jal71-X4AX_nr2sF&tp=1&oh=69b3cf42171c88f599f885312259ca9e&oe=5FEDB4B5"
    },
    {
      "src": "https://scontent-lax3-1.cdninstagram.com/v/t51.2885-15/sh0.08/e35/s640x640/127140332_116433736829258_3250792512482879472_n.jpg?_nc_ht=scontent-lax3-1.cdninstagram.com&_nc_cat=102&_nc_ohc=rq9u1Z-vDWMAX_8UBgI&tp=1&oh=6d51baabd2063e084853f611a1fd585d&oe=5FEC4429"
    },
    {
      "src": "https://scontent-lax3-1.cdninstagram.com/v/t51.2885-15/sh0.08/e35/c125.0.643.643a/s640x640/126061053_357806601984013_196688112116482296_n.jpg?_nc_ht=scontent-lax3-1.cdninstagram.com&_nc_cat=101&_nc_ohc=SllvBPTTQ2cAX8Id2JT&tp=1&oh=ea7d60290a2ff72e6e5a5fd7b58c40fc&oe=5FED2A6A"
    },
    {
      "src": "https://scontent-lax3-1.cdninstagram.com/v/t51.2885-15/e35/c142.0.514.514a/126172299_2058202140980602_1570830001356211603_n.jpg?_nc_ht=scontent-lax3-1.cdninstagram.com&_nc_cat=110&_nc_ohc=4Nj0ZkjvQUMAX_2RS8Z&tp=1&oh=cc4a9351685f04554ad5c5941fb08eb6&oe=5FEBEF02"
    },
    {
      "src": "https://scontent-lax3-1.cdninstagram.com/v/t51.2885-15/sh0.08/e35/c0.86.1440.1440a/s640x640/126860939_793501718159882_5368884670419272297_n.jpg?_nc_ht=scontent-lax3-1.cdninstagram.com&_nc_cat=102&_nc_ohc=gzLnynPxGFMAX9iG_kU&tp=1&oh=110c85a7ee5a4bcfdab8f6c2b297811c&oe=5FEB949D"
    },
    {
      "src": "https://scontent-lax3-2.cdninstagram.com/v/t51.2885-15/e35/125972910_234052651385142_5679123886881734854_n.jpg?_nc_ht=scontent-lax3-2.cdninstagram.com&_nc_cat=106&_nc_ohc=U4TsPYq5Cc8AX9qKSOC&tp=1&oh=53f1b20eaffb2d63afb564e2ec2a282a&oe=5FEBCA32"
    },
    {
      "src": "https://scontent-lax3-1.cdninstagram.com/v/t51.2885-15/sh0.08/e35/s640x640/126334817_873109659893693_4295711459720546798_n.jpg?_nc_ht=scontent-lax3-1.cdninstagram.com&_nc_cat=105&_nc_ohc=WrhO8dyty5wAX85dV3M&tp=1&oh=6d57d07058f6b75107093fca794b60da&oe=5FEBBC9D"
    },
    {
      "src": "https://scontent-lax3-1.cdninstagram.com/v/t51.2885-15/sh0.08/e35/s640x640/126224470_408646843638212_2333109905371563426_n.jpg?_nc_ht=scontent-lax3-1.cdninstagram.com&_nc_cat=108&_nc_ohc=UnkesAyvXoMAX-J2wI5&tp=1&oh=82fa282bded484345440ef4108da8fd0&oe=5FEDDB20"
    },
    {
      "src": "https://scontent-lax3-1.cdninstagram.com/v/t51.2885-15/e35/c56.0.500.500a/125779464_700054164252012_3378415260880431971_n.jpg?_nc_ht=scontent-lax3-1.cdninstagram.com&_nc_cat=100&_nc_ohc=IAt9_kSbWe0AX_do3TG&tp=1&oh=552411a7eaf0d83de1bc24b9c1e61020&oe=5FEB4FE7"
    },
    {
      "src": "https://scontent-lax3-2.cdninstagram.com/v/t51.2885-15/sh0.08/e35/c34.0.1012.1012a/s640x640/126093416_677090009658031_1487290553630708338_n.jpg?_nc_ht=scontent-lax3-2.cdninstagram.com&_nc_cat=107&_nc_ohc=KxtUlMb9R_MAX9D5h5j&tp=1&oh=60ec9a4f350ef6d00a849d4c836a49e6&oe=5FEE178E"
    },
    {
      "src": "https://scontent-lax3-2.cdninstagram.com/v/t51.2885-15/sh0.08/e35/c78.0.923.923a/s640x640/126457587_417878639236327_8135839849314157037_n.jpg?_nc_ht=scontent-lax3-2.cdninstagram.com&_nc_cat=107&_nc_ohc=TDfAybotI9oAX9fGzB8&tp=1&oh=76418fb290bb9534765b68e5d949dce8&oe=5FEE017B"
    },
    {
      "src": "https://scontent-lax3-1.cdninstagram.com/v/t51.2885-15/e35/c152.0.422.422a/126161299_1508017879391390_2603762563443173531_n.jpg?_nc_ht=scontent-lax3-1.cdninstagram.com&_nc_cat=102&_nc_ohc=sFVqbhouf5oAX_NGdr1&tp=1&oh=9af341ca3d38fafb2808794251a4ca9a&oe=5FEB9F4D"
    },
    {
      "src": "https://scontent-lax3-1.cdninstagram.com/v/t51.2885-15/sh0.08/e35/c201.0.678.678a/s640x640/125416948_187168072893010_8070337316612368651_n.jpg?_nc_ht=scontent-lax3-1.cdninstagram.com&_nc_cat=110&_nc_ohc=z0Dht3nTPDYAX8zgBqn&tp=1&oh=759b352bfea2656dde0025a3400ba380&oe=5FED5945"
    },
    {
      "src": "https://scontent-lax3-1.cdninstagram.com/v/t51.2885-15/sh0.08/e35/s640x640/125985104_408341837201254_4976844590933713259_n.jpg?_nc_ht=scontent-lax3-1.cdninstagram.com&_nc_cat=110&_nc_ohc=a3OouhvsvtsAX92FO9d&tp=1&oh=368210006e6e9be71e12af4e0fae2b0b&oe=5FED3FA8"
    }
  ]
}