{
  "user_name": "laptopwarehouseonline",
  "profile_photo": "https://scontent-lax3-2.cdninstagram.com/v/t51.2885-19/s150x150/91024023_157814845431332_7330961991143522304_n.jpg?_nc_ht=scontent-lax3-2.cdninstagram.com&_nc_ohc=2wpWYgEskFIAX-vzPv7&tp=1&oh=b45b4d2609a950b4a82ff95b5915c914&oe=5FEE7F1A",
  "name": "Laptops |Accessories |Phones",
  "webiste": "https://l.instagram.com/?u=http%3A%2F%2Fwww.laptopwarehouseonline.com%2F&e=ATPNmxeEO0tq08qz_3uh1tyT_b9lnfe6ds-1MPe-r1rfrQkVMy-YYyYTsBX4P1m7sGqdJkAGU72UvrLyFsPmdA&s=1",
  "bio": "☎️07066305155 <br>We are here to give you the best of new/used PCs which includes <a class=\" xil3i\" href=\"/explore/tags/gaming/\" tabindex=\"0\">#gaming</a>/<a class=\" xil3i\" href=\"/explore/tags/graphics/\" tabindex=\"0\">#graphics</a>/<a class=\" xil3i\" href=\"/explore/tags/laptops/\" tabindex=\"0\">#laptops</a>, We Sell,Repair&amp;proffer software Solutions)",
  "category": "",
  "posts_count": "2,281",
  "followers_count": "29.4k",
  "following_count": "262",
  "story_highlights": [
    {
      "text": "hp Pav Gaming",
      "src": "https://scontent-lax3-2.cdninstagram.com/v/t51.2885-15/e35/c0.589.1440.1440a/s150x150/121781982_634767120732443_4001704777137811895_n.jpg?_nc_ht=scontent-lax3-2.cdninstagram.com&_nc_cat=111&_nc_ohc=ekoIV6QZQrEAX-38BrE&tp=1&oh=bc48b95bf7bb5d68f7f6ba67dd69be24&oe=5FC56C53"
    },
    {
      "text": "msi ge75",
      "src": "https://scontent-lax3-1.cdninstagram.com/v/t51.2885-15/e35/c0.506.1080.1080a/s150x150/121415172_2342554559223397_111620544850798682_n.jpg?_nc_ht=scontent-lax3-1.cdninstagram.com&_nc_cat=101&_nc_ohc=IIHn_Cx4kHAAX89M1w2&tp=1&oh=84853d6e359a8db30d02889e6c8f9508&oe=5FC58EFF"
    },
    {
      "text": "triton 900",
      "src": "https://scontent-lax3-1.cdninstagram.com/v/t51.2885-15/e35/c0.589.1440.1440a/s150x150/120296207_669019497357688_6656130821866880703_n.jpg?_nc_ht=scontent-lax3-1.cdninstagram.com&_nc_cat=104&_nc_ohc=2U3yR4_1XQkAX_5UaAo&tp=1&oh=a5986cbf961d6e02c19cac76510ed957&oe=5FC5F583"
    },
    {
      "text": "Omen 17",
      "src": "https://scontent-lax3-2.cdninstagram.com/v/t51.2885-15/e35/c0.506.1080.1080a/s150x150/120203395_391264541880439_7722236031078410546_n.jpg?_nc_ht=scontent-lax3-2.cdninstagram.com&_nc_cat=107&_nc_ohc=x_1-C-aPDM4AX_vp0XA&tp=1&oh=4ca5cb4b2022d491541ce3a97ab932ef&oe=5FC5BDE3"
    },
    {
      "text": "M17 r3",
      "src": "https://scontent-lax3-2.cdninstagram.com/v/t51.2885-15/e35/c0.506.1080.1080a/s150x150/120146936_341900123531262_3107569747360660065_n.jpg?_nc_ht=scontent-lax3-2.cdninstagram.com&_nc_cat=106&_nc_ohc=mw1vxU7q8-YAX8impI1&tp=1&oh=ac398d1b951abc690be7a7998c747d73&oe=5FC57296"
    },
    {
      "text": "Area51",
      "src": "https://scontent-lax3-1.cdninstagram.com/v/t51.2885-15/e35/c0.506.1080.1080a/s150x150/119722391_957208564784817_3791728850288239395_n.jpg?_nc_ht=scontent-lax3-1.cdninstagram.com&_nc_cat=109&_nc_ohc=8Ae6b6zcAtUAX9-htnv&tp=1&oh=6679109b5ac38618186865c997919678&oe=5FC5A939"
    },
    {
      "text": "Acer Predator T",
      "src": "https://scontent-lax3-2.cdninstagram.com/v/t51.2885-15/e35/c0.506.1080.1080a/s150x150/119433258_107422091044338_5840853660969258695_n.jpg?_nc_ht=scontent-lax3-2.cdninstagram.com&_nc_cat=106&_nc_ohc=YSdjXS_E5wwAX9sG7FZ&tp=1&oh=daa3e1b77c11d57645699df84be99f1a&oe=5FC5F0A4"
    },
    {
      "text": "helios 300",
      "src": "https://scontent-lax3-1.cdninstagram.com/v/t51.2885-15/e15/c0.293.720.720a/s150x150/119068023_315137426486249_2785808331275207896_n.jpg?_nc_ht=scontent-lax3-1.cdninstagram.com&_nc_cat=105&_nc_ohc=DACI-ybDetoAX9-bIM3&tp=1&oh=2b5a05a2ee8a27bf20eae5cddec1b10c&oe=5FC59359"
    },
    {
      "text": "Our Office",
      "src": "https://scontent-lax3-1.cdninstagram.com/v/t51.2885-15/e35/c0.589.1440.1440a/s150x150/118961382_1354147758334592_8724290235103154734_n.jpg?_nc_ht=scontent-lax3-1.cdninstagram.com&_nc_cat=108&_nc_ohc=ZnmWYIVG2dgAX8-tLra&tp=1&oh=09837a07b8fbdb79e21ef5be9d265c52&oe=5FC5F324"
    },
    {
      "text": "accounts",
      "src": "https://scontent-lax3-1.cdninstagram.com/v/t51.2885-15/e35/c0.506.1080.1080a/s150x150/118768693_325684941999973_3132380556308219350_n.jpg?_nc_ht=scontent-lax3-1.cdninstagram.com&_nc_cat=101&_nc_ohc=OC3bXXKvTrUAX8hEZO-&tp=1&oh=94d0f8542178a944e93c65dd75fb95da&oe=5FC60FE3"
    },
    {
      "text": "Dell Xps15-9500",
      "src": "https://scontent-lax3-1.cdninstagram.com/v/t51.2885-15/e35/c0.569.1080.1080a/s150x150/118795161_180974970217024_5517507505340488235_n.jpg?_nc_ht=scontent-lax3-1.cdninstagram.com&_nc_cat=104&_nc_ohc=ylZiolnb_4UAX8q6RXA&tp=1&oh=6931077bce654c367a76bc5baf4bfd8b&oe=5FC5EAB5"
    },
    {
      "text": "25K",
      "src": "https://scontent-lax3-1.cdninstagram.com/v/t51.2885-15/e35/c0.506.1080.1080a/s150x150/118602198_345155723519475_3320129537039160553_n.jpg?_nc_ht=scontent-lax3-1.cdninstagram.com&_nc_cat=103&_nc_ohc=OuSJLn-jnUUAX9YPrYh&tp=1&oh=03dca9d8c8a477f8d502688c47a4db66&oe=5FC5D80E"
    },
    {
      "text": "xps 9500",
      "src": "https://scontent-lax3-1.cdninstagram.com/v/t51.2885-15/e35/c0.506.1080.1080a/s150x150/118773619_657529021836545_5667091289950403334_n.jpg?_nc_ht=scontent-lax3-1.cdninstagram.com&_nc_cat=105&_nc_ohc=evgcMcaw_9kAX-QxAG3&tp=1&oh=b433e8adea63ef2dca3664559b6777d5&oe=5FC582A4"
    }
  ],
  "posts": [
    {
      "src": "https://scontent-lax3-1.cdninstagram.com/v/t51.2885-15/sh0.08/e35/c0.180.1440.1440a/s640x640/127878854_818099992346096_6373581647698503925_n.jpg?_nc_ht=scontent-lax3-1.cdninstagram.com&_nc_cat=108&_nc_ohc=LGp6JZLnJn4AX8F6HwV&tp=1&oh=3f2b146563c62ad64f418c41080de830&oe=5FEC472A"
    },
    {
      "src": "https://scontent-lax3-1.cdninstagram.com/v/t51.2885-15/sh0.08/e35/c180.0.1080.1080a/s640x640/127592789_3649581375088282_6500509673878111816_n.jpg?_nc_ht=scontent-lax3-1.cdninstagram.com&_nc_cat=110&_nc_ohc=0IlnoSXL9bsAX-8TDZr&tp=1&oh=8455e66de45dd8a3f81617e9924921bd&oe=5FEE43D5"
    },
    {
      "src": "https://scontent-lax3-1.cdninstagram.com/v/t51.2885-15/e35/128218692_712137983055876_8418921981639061664_n.jpg?_nc_ht=scontent-lax3-1.cdninstagram.com&_nc_cat=100&_nc_ohc=PMAO6wm0U2YAX-Y3OcI&tp=1&oh=6fc71752163d08319ff1bfbcd029f84e&oe=5FEC15A5"
    },
    {
      "src": "https://scontent-lax3-1.cdninstagram.com/v/t51.2885-15/sh0.08/e35/c0.180.1440.1440a/s640x640/127824387_133145468593306_4776912659447113756_n.jpg?_nc_ht=scontent-lax3-1.cdninstagram.com&_nc_cat=110&_nc_ohc=MRGos31oj1cAX8ythYz&tp=1&oh=e4e5b913068e693ed6d1fa31394e3c7a&oe=5FECCEC2"
    },
    {
      "src": "https://scontent-lax3-2.cdninstagram.com/v/t51.2885-15/sh0.08/e35/c0.180.1440.1440a/s640x640/128071565_1362917364056147_7614332155892922739_n.jpg?_nc_ht=scontent-lax3-2.cdninstagram.com&_nc_cat=111&_nc_ohc=2vomz4skpkMAX-X1U3v&tp=1&oh=5056f28a80429de6fa78b3125a82c07b&oe=5FEC9D0B"
    },
    {
      "src": "https://scontent-lax3-1.cdninstagram.com/v/t51.2885-15/sh0.08/e35/c0.180.1440.1440a/s640x640/128163527_217386706408210_2576464105074428637_n.jpg?_nc_ht=scontent-lax3-1.cdninstagram.com&_nc_cat=110&_nc_ohc=RQJy9BKvnYEAX_jEwNk&tp=1&oh=de250d9eb649d72337cfb6ffa9b10dc5&oe=5FEB28CA"
    },
    {
      "src": "https://scontent-lax3-1.cdninstagram.com/v/t51.2885-15/sh0.08/e35/c0.180.1440.1440a/s640x640/127564587_105278458030143_8043988039734277237_n.jpg?_nc_ht=scontent-lax3-1.cdninstagram.com&_nc_cat=103&_nc_ohc=sGALIGLOPiEAX9gb8Dn&tp=1&oh=c7c6d85d0a1376a29974b0b371e843dd&oe=5FEED4FF"
    },
    {
      "src": "https://scontent-lax3-1.cdninstagram.com/v/t51.2885-15/sh0.08/e35/c81.0.737.737a/s640x640/127632114_200076258237333_6006543792631691691_n.jpg?_nc_ht=scontent-lax3-1.cdninstagram.com&_nc_cat=109&_nc_ohc=MEKBPwPqaJ0AX95bsnk&tp=1&oh=9e8e717479b051c9c5b058e929d8577f&oe=5FEB3906"
    },
    {
      "src": "https://scontent-lax3-1.cdninstagram.com/v/t51.2885-15/e35/c80.0.479.479a/127403804_2746860535641853_3049593196383926514_n.jpg?_nc_ht=scontent-lax3-1.cdninstagram.com&_nc_cat=101&_nc_ohc=W52W4azP3O4AX8boL_o&tp=1&oh=803c41947e1fb2d9e8aa68829250cac5&oe=5FEE09FD"
    },
    {
      "src": "https://scontent-lax3-2.cdninstagram.com/v/t51.2885-15/sh0.08/e35/c0.180.1440.1440a/s640x640/127170292_231640758314287_7338366351914876585_n.jpg?_nc_ht=scontent-lax3-2.cdninstagram.com&_nc_cat=107&_nc_ohc=F1yTMrRNgYsAX9dj6wO&tp=1&oh=3161657c76821253abba9cfb31d44dc5&oe=5FED4759"
    },
    {
      "src": "https://scontent-lax3-2.cdninstagram.com/v/t51.2885-15/sh0.08/e35/c0.180.1440.1440a/s640x640/127087473_671858263702062_5242558930264332634_n.jpg?_nc_ht=scontent-lax3-2.cdninstagram.com&_nc_cat=106&_nc_ohc=81ffjiJHzX4AX821woY&tp=1&oh=b02dd9bacfc50a9a41e2b8d1b2177997&oe=5FEC777B"
    },
    {
      "src": "https://scontent-lax3-1.cdninstagram.com/v/t51.2885-15/sh0.08/e35/c0.280.720.720a/s640x640/127285232_152939813221935_1520424058762655970_n.jpg?_nc_ht=scontent-lax3-1.cdninstagram.com&_nc_cat=103&_nc_ohc=8mvrAvS9kV8AX-xAn0s&tp=1&oh=b86b1444226eef20eab0f51d3a4e98ba&oe=5FC5B9EA"
    },
    {
      "src": "https://scontent-lax3-1.cdninstagram.com/v/t51.2885-15/sh0.08/e35/s640x640/127006538_745590506125485_3556969407593049263_n.jpg?_nc_ht=scontent-lax3-1.cdninstagram.com&_nc_cat=109&_nc_ohc=B8ktX9evI40AX9857Ku&tp=1&oh=aff8d1f68e7deade5782342d11cf885b&oe=5FECF9CF"
    },
    {
      "src": "https://scontent-lax3-2.cdninstagram.com/v/t51.2885-15/sh0.08/e35/c0.180.1440.1440a/s640x640/125871098_2114392935363683_5283958567668149229_n.jpg?_nc_ht=scontent-lax3-2.cdninstagram.com&_nc_cat=111&_nc_ohc=jtdpzj53pyQAX9guAqa&tp=1&oh=b1a170b224907fa68b0d907408a766ff&oe=5FEE927C"
    },
    {
      "src": "https://scontent-lax3-2.cdninstagram.com/v/t51.2885-15/sh0.08/e35/c0.180.1440.1440a/s640x640/127371951_402824457578531_470637770619970086_n.jpg?_nc_ht=scontent-lax3-2.cdninstagram.com&_nc_cat=111&_nc_ohc=gTISS27WLG0AX8v3Vp4&tp=1&oh=320d96802eb2f14f351ed77ef78c6de0&oe=5FEC069A"
    },
    {
      "src": "https://scontent-lax3-1.cdninstagram.com/v/t51.2885-15/sh0.08/e35/c0.180.1440.1440a/s640x640/127182245_444483193207864_3523226413910790727_n.jpg?_nc_ht=scontent-lax3-1.cdninstagram.com&_nc_cat=104&_nc_ohc=98G44kFtq2wAX_xFG9l&tp=1&oh=2f7c980a43c442dd4367e5d0259a3211&oe=5FEE501B"
    },
    {
      "src": "https://scontent-lax3-1.cdninstagram.com/v/t51.2885-15/e35/c47.0.225.225a/126842674_846548042782308_98605835251348770_n.jpg?_nc_ht=scontent-lax3-1.cdninstagram.com&_nc_cat=100&_nc_ohc=TkQ4QDhja_kAX8rRFdk&tp=1&oh=5c45375d1edd9f630f686ff800b73366&oe=5FEEA13F"
    },
    {
      "src": "https://scontent-lax3-1.cdninstagram.com/v/t51.2885-15/sh0.08/e35/c71.0.1137.1137a/s640x640/127071883_188248672891984_553014095181584517_n.jpg?_nc_ht=scontent-lax3-1.cdninstagram.com&_nc_cat=104&_nc_ohc=DrPhkL17uW8AX97bxpJ&tp=1&oh=30dc8c13a39f5632693f9009db61de48&oe=5FEB8B22"
    },
    {
      "src": "https://scontent-lax3-2.cdninstagram.com/v/t51.2885-15/e35/c50.0.300.300a/126808476_1342785006056603_1465407047673874878_n.jpg?_nc_ht=scontent-lax3-2.cdninstagram.com&_nc_cat=111&_nc_ohc=3H7uCbpVf-QAX-6LWw1&tp=1&oh=d5b6d17da0113ac6d725a62101782217&oe=5FEE626C"
    },
    {
      "src": "https://scontent-lax3-1.cdninstagram.com/v/t51.2885-15/sh0.08/e35/c180.0.1080.1080a/s640x640/126912171_805142666996777_7466596399782961000_n.jpg?_nc_ht=scontent-lax3-1.cdninstagram.com&_nc_cat=105&_nc_ohc=KHc99hs4Z30AX_T7sAF&tp=1&oh=13ac4f22cb667c3d410ed9af24269ef9&oe=5FEDF8FB"
    },
    {
      "src": "https://scontent-lax3-2.cdninstagram.com/v/t51.2885-15/e35/c92.0.554.554a/126780504_829453561212462_7415471377267638953_n.jpg?_nc_ht=scontent-lax3-2.cdninstagram.com&_nc_cat=106&_nc_ohc=U_6qPuno8-gAX8QDyXs&tp=1&oh=c9a3312cdb407296a8f547460465170b&oe=5FED8166"
    },
    {
      "src": "https://scontent-lax3-1.cdninstagram.com/v/t51.2885-15/e35/c0.38.517.517a/126838491_696696594596523_4151122031465068247_n.jpg?_nc_ht=scontent-lax3-1.cdninstagram.com&_nc_cat=103&_nc_ohc=N6oqSOZeEOAAX-dv9k2&tp=1&oh=a006fc15844b282b0341963bc712f790&oe=5FED5F53"
    },
    {
      "src": "https://scontent-lax3-1.cdninstagram.com/v/t51.2885-15/sh0.08/e35/c180.0.1080.1080a/s640x640/126545930_1428973344153400_449657378257248175_n.jpg?_nc_ht=scontent-lax3-1.cdninstagram.com&_nc_cat=104&_nc_ohc=0bu0WpNOqxsAX-y4-Y9&tp=1&oh=575f529283c5a581c8bf0b31404c571a&oe=5FED333B"
    },
    {
      "src": "https://scontent-lax3-1.cdninstagram.com/v/t51.2885-15/sh0.08/e35/s640x640/126819361_397424938118859_7218142811017254036_n.jpg?_nc_ht=scontent-lax3-1.cdninstagram.com&_nc_cat=103&_nc_ohc=7NNoku3dzg4AX_h9NZ6&tp=1&oh=0b092c10b3055b6b631bd402d560675f&oe=5FC5C910"
    }
  ]
}