{
  "user_name": "makeupcloudke",
  "profile_photo": "https://scontent-lax3-2.cdninstagram.com/v/t51.2885-19/s150x150/18809256_335843516819064_8387165256060764160_a.jpg?_nc_ht=scontent-lax3-2.cdninstagram.com&_nc_ohc=pIRTslSqMPIAX91ayFS&tp=1&oh=97b64ced35266fa1b3c57ae88b4427f7&oe=5FEC26E0",
  "name": "Lial's beauty Clinic/WiGS",
  "webiste": "https://l.instagram.com/?u=https%3A%2F%2Fwww.makeupcloud.co.ke%2F&e=ATM3bkUfC_PdCaDzBN1j4G3cv5C-CaTsm5QE4XQitqgPBbrNN-3kLvwHBEr-jMNDrisa58aVmRrcqqJTT41Zkw&s=1",
  "bio": "Starmall stall B2<br>Delivery fee applies<br>Whatsapp;0723462822<br>0726797598<br>DM to order <br>No Returns/Exchanges<br>Open :Mon-Sat 10a.m to 7pm<br>Closed on Sundays",
  "category": "",
  "posts_count": "6,748",
  "followers_count": "62.3k",
  "following_count": "923",
  "story_highlights": [
    {
      "text": "Hair products",
      "src": "https://scontent-lax3-2.cdninstagram.com/v/t51.2885-15/e15/c0.248.640.640a/s150x150/127699905_720151842040326_3630293905855078666_n.jpg?_nc_ht=scontent-lax3-2.cdninstagram.com&_nc_cat=106&_nc_ohc=COTYKS--VAsAX_PfCPJ&tp=1&oh=dd99abcb819610c3d0fb8d773fa96062&oe=5FC56E1D"
    },
    {
      "text": "Braided wigs",
      "src": "https://scontent-lax3-1.cdninstagram.com/v/t51.2885-15/e15/c0.248.640.640a/s150x150/127495244_721539998714816_3004077426023475825_n.jpg?_nc_ht=scontent-lax3-1.cdninstagram.com&_nc_cat=108&_nc_ohc=GlCk1TMeO3oAX8_9M5K&tp=1&oh=72454b08b4f13aa40c8ad333ca4eb486&oe=5FC592B5"
    },
    {
      "text": "Short pixies",
      "src": "https://scontent-lax3-1.cdninstagram.com/v/t51.2885-15/e35/c0.483.1242.1242a/s150x150/124190778_683313345923546_994978207724518365_n.jpg?_nc_ht=scontent-lax3-1.cdninstagram.com&_nc_cat=102&_nc_ohc=1fBti7aQzZcAX_z8jYr&tp=1&oh=1e4ace9ee58da9a4c18d3551c46baf0e&oe=5FC5FC65"
    },
    {
      "text": "Human hair unit",
      "src": "https://scontent-lax3-2.cdninstagram.com/v/t51.12442-15/e15/c0.280.720.720a/s150x150/73456023_503626277032463_2188376440867217208_n.jpg?_nc_ht=scontent-lax3-2.cdninstagram.com&_nc_cat=111&_nc_ohc=-NYtvFQrzqsAX-38QAR&tp=1&oh=0605794a09013fe645a89cc382484ac6&oe=5FC5777A"
    },
    {
      "text": "Headband wigs",
      "src": "https://scontent-lax3-2.cdninstagram.com/v/t51.2885-15/e15/c33.186.593.593a/s150x150/126849556_707408066557639_6862361425135837560_n.jpg?_nc_ht=scontent-lax3-2.cdninstagram.com&_nc_cat=107&_nc_ohc=HGS_gnKQ0q8AX-9HNa2&tp=1&oh=678226abfe9eaf09008bae315e7a353a&oe=5FC56FB0"
    },
    {
      "text": "New in styles",
      "src": "https://scontent-lax3-1.cdninstagram.com/v/t51.2885-15/e35/c90.411.1152.1152a/s150x150/120294522_2749366305342326_7531864164493000211_n.jpg?_nc_ht=scontent-lax3-1.cdninstagram.com&_nc_cat=102&_nc_ohc=pbT5wJCwiBkAX_UW0WI&tp=1&oh=79605c13fba4c6f598743ea5c22ddabd&oe=5FC605E3"
    },
    {
      "text": "Kaftan’s",
      "src": "https://scontent-lax3-1.cdninstagram.com/v/t51.12442-15/e35/c0.331.854.854a/s150x150/73423652_808919579538444_2938575004506678033_n.jpg?_nc_ht=scontent-lax3-1.cdninstagram.com&_nc_cat=100&_nc_ohc=3a_IuNkrphcAX_yHg61&tp=1&oh=4f815ddb03fb9024944b46c25b7b952a&oe=5FC5ED88"
    },
    {
      "text": "New in styles",
      "src": "https://scontent-lax3-1.cdninstagram.com/v/t51.12442-15/e15/c52.203.667.667a/s150x150/106588296_278369490048721_5394243321882956398_n.jpg?_nc_ht=scontent-lax3-1.cdninstagram.com&_nc_cat=101&_nc_ohc=_4QxUGjFjcgAX_vkxav&tp=1&oh=59794950d0a35d7da616969a249b12c8&oe=5FC5A56B"
    },
    {
      "text": "Makeup products",
      "src": "https://scontent-lax3-1.cdninstagram.com/v/t51.12442-15/e35/c0.398.1024.1024a/s150x150/69128170_501860667258962_4783434670931814289_n.jpg?_nc_ht=scontent-lax3-1.cdninstagram.com&_nc_cat=102&_nc_ohc=r-5tbkk7C5gAX_eWqKo&tp=1&oh=3c0f420b6e5570e52b4a11443b659c99&oe=5FC5C2C2"
    },
    {
      "text": "Shop location",
      "src": "https://scontent-lax3-1.cdninstagram.com/v/t51.12442-15/e35/c0.322.828.828a/s150x150/37351209_186006498937936_3024129972542373888_n.jpg?_nc_ht=scontent-lax3-1.cdninstagram.com&_nc_cat=104&_nc_ohc=UDUOoLymccMAX_JWNoE&tp=1&oh=a69800e7a4d84bed5b37e58f7ba1bdb7&oe=5FC60A62"
    },
    {
      "text": "Please note",
      "src": "https://scontent-lax3-2.cdninstagram.com/v/t51.12442-15/e35/c0.483.1242.1242a/s150x150/104341966_1389833571226639_5763288022827219216_n.jpg?_nc_ht=scontent-lax3-2.cdninstagram.com&_nc_cat=107&_nc_ohc=n42uK3KaGgQAX8rgjcp&tp=1&oh=b095197bd0933bf25ad41204c745021a&oe=5FC5A506"
    },
    {
      "text": "play mats",
      "src": "https://scontent-lax3-1.cdninstagram.com/v/t51.12442-15/e35/c0.483.1242.1242a/s150x150/96582214_192594811761073_8917445059398193511_n.jpg?_nc_ht=scontent-lax3-1.cdninstagram.com&_nc_cat=101&_nc_ohc=1b4yZnUigTcAX9uYPXK&tp=1&oh=ac6942a1cadd22f0145cd984e5b175f8&oe=5FC60270"
    },
    {
      "text": "Miss K’s styles",
      "src": "https://scontent-lax3-2.cdninstagram.com/v/t51.12442-15/e35/c0.483.1242.1242a/s150x150/82249439_142308206749679_8318300369822877443_n.jpg?_nc_ht=scontent-lax3-2.cdninstagram.com&_nc_cat=111&_nc_ohc=XmusiByHXiEAX_tnuNR&tp=1&oh=e5bc85d15468a6975411585fd61fcdc7&oe=5FC595F5"
    }
  ],
  "posts": [
    {
      "src": "https://scontent-lax3-1.cdninstagram.com/v/t51.2885-15/sh0.08/e35/c0.94.749.749a/s640x640/128251951_998510177323515_7102884415722196350_n.jpg?_nc_ht=scontent-lax3-1.cdninstagram.com&_nc_cat=103&_nc_ohc=oOwooOIogXoAX_4hEv8&tp=1&oh=da5c4a0ae4f9f91178b4460e1385468a&oe=5FEC0B53"
    },
    {
      "src": "https://scontent-lax3-2.cdninstagram.com/v/t51.2885-15/sh0.08/e35/c0.180.1440.1440a/s640x640/127892887_411573023215111_9037954520018428336_n.jpg?_nc_ht=scontent-lax3-2.cdninstagram.com&_nc_cat=107&_nc_ohc=yQuQnFp1_pMAX8MHm9u&tp=1&oh=43f88207fad2122ae636cd86e8cb9724&oe=5FECB5F6"
    },
    {
      "src": "https://scontent-lax3-1.cdninstagram.com/v/t51.2885-15/sh0.08/e35/c0.90.720.720a/s640x640/127695250_207852794244892_4841016181863343351_n.jpg?_nc_ht=scontent-lax3-1.cdninstagram.com&_nc_cat=104&_nc_ohc=lymPnn5eKP4AX8Edo9c&tp=1&oh=6c62015d0e9da0d023aed3f419f75f24&oe=5FC57E35"
    },
    {
      "src": "https://scontent-lax3-1.cdninstagram.com/v/t51.2885-15/sh0.08/e35/c0.90.720.720a/s640x640/127408310_750325482230150_1282268077423109356_n.jpg?_nc_ht=scontent-lax3-1.cdninstagram.com&_nc_cat=102&_nc_ohc=vOyXqgVXOsUAX-MlGMH&tp=1&oh=ffdd3161e62b575a092bc9fc5fc7f720&oe=5FC5C3D4"
    },
    {
      "src": "https://scontent-lax3-1.cdninstagram.com/v/t51.2885-15/sh0.08/e35/c0.90.720.720a/s640x640/127625234_1169023606833088_1993619342049975399_n.jpg?_nc_ht=scontent-lax3-1.cdninstagram.com&_nc_cat=104&_nc_ohc=Jm_ujJwA7pQAX_wvyNE&tp=1&oh=76ad6a82c76e2843f2dd213139b5a024&oe=5FC5E005"
    },
    {
      "src": "https://scontent-lax3-1.cdninstagram.com/v/t51.2885-15/sh0.08/e35/c0.90.720.720a/s640x640/127358422_203253171286634_6224860142017277155_n.jpg?_nc_ht=scontent-lax3-1.cdninstagram.com&_nc_cat=102&_nc_ohc=R3a1GeCajjEAX9r-ULK&tp=1&oh=16e686c0593981240bb4cc95a54bf22b&oe=5FC6111B"
    },
    {
      "src": "https://scontent-lax3-1.cdninstagram.com/v/t51.2885-15/sh0.08/e35/c0.180.1440.1440a/s640x640/126148852_4750474431690185_4738163662588558307_n.jpg?_nc_ht=scontent-lax3-1.cdninstagram.com&_nc_cat=105&_nc_ohc=S7bh7bSmwuEAX-TlTuc&tp=1&oh=d25a5eb986c491eee86deff7ce0668be&oe=5FEC00D0"
    },
    {
      "src": "https://scontent-lax3-1.cdninstagram.com/v/t51.2885-15/sh0.08/e35/c0.180.1440.1440a/s640x640/127318031_383246909567242_6254142427050566373_n.jpg?_nc_ht=scontent-lax3-1.cdninstagram.com&_nc_cat=110&_nc_ohc=4ac0lbYrW0AAX8dO35u&tp=1&oh=8f1e9e38dbba61782b4d68316cf5ece8&oe=5FED5830"
    },
    {
      "src": "https://scontent-lax3-2.cdninstagram.com/v/t51.2885-15/sh0.08/e35/c0.94.750.750a/s640x640/127299018_668729870503691_1875645381177779642_n.jpg?_nc_ht=scontent-lax3-2.cdninstagram.com&_nc_cat=111&_nc_ohc=3szF0fpu6FwAX9bRqzj&tp=1&oh=1c9a5d6607d0a9c835cdff07d9e7fb55&oe=5FED7863"
    },
    {
      "src": "https://scontent-lax3-1.cdninstagram.com/v/t51.2885-15/sh0.08/e35/s640x640/127097632_1121562334967540_3611461432100583558_n.jpg?_nc_ht=scontent-lax3-1.cdninstagram.com&_nc_cat=108&_nc_ohc=fBkAwIGgsHwAX-VY_CI&tp=1&oh=2e2d91e54f3693a01c11cba6b62d3efc&oe=5FC57FF6"
    },
    {
      "src": "https://scontent-lax3-1.cdninstagram.com/v/t51.2885-15/sh0.08/e35/c0.1.1244.1244a/s640x640/127278316_196900268588668_3273473362914332291_n.jpg?_nc_ht=scontent-lax3-1.cdninstagram.com&_nc_cat=104&_nc_ohc=sE78RN8RN_wAX9Le4D4&tp=1&oh=1aa769d08254565c3f51a42536b748a3&oe=5FED5A47"
    },
    {
      "src": "https://scontent-lax3-2.cdninstagram.com/v/t51.2885-15/sh0.08/e35/c0.179.1440.1440a/s640x640/127088425_374387713631935_6430686304166379791_n.jpg?_nc_ht=scontent-lax3-2.cdninstagram.com&_nc_cat=107&_nc_ohc=wqYC-JESswUAX9xMlXI&tp=1&oh=241ae74385b51dcd2e0407cf31fab3b2&oe=5FEBDE5D"
    },
    {
      "src": "https://scontent-lax3-1.cdninstagram.com/v/t51.2885-15/sh0.08/e35/c0.180.1440.1440a/s640x640/127187933_173841537788041_2410289106510920234_n.jpg?_nc_ht=scontent-lax3-1.cdninstagram.com&_nc_cat=101&_nc_ohc=q_Jzmg3rjK8AX8xdnGp&tp=1&oh=5984c1526a6c48002f5203b3d7f765df&oe=5FEC1540"
    },
    {
      "src": "https://scontent-lax3-1.cdninstagram.com/v/t51.2885-15/sh0.08/e35/s640x640/127328226_159748859205122_346611195669291830_n.jpg?_nc_ht=scontent-lax3-1.cdninstagram.com&_nc_cat=102&_nc_ohc=Pa2VThHJhLAAX9laNml&tp=1&oh=0b5c037cc4d8c636114b6bd95912f727&oe=5FC59A0D"
    },
    {
      "src": "https://scontent-lax3-1.cdninstagram.com/v/t51.2885-15/sh0.08/e35/c0.90.720.720a/s640x640/127180376_294377781843809_7019076310696657377_n.jpg?_nc_ht=scontent-lax3-1.cdninstagram.com&_nc_cat=105&_nc_ohc=pV37QNqWCpwAX9GSBYG&tp=1&oh=5d9e70cdd04b45024ec6ef5713fe7235&oe=5FC5A087"
    },
    {
      "src": "https://scontent-lax3-1.cdninstagram.com/v/t51.2885-15/sh0.08/e35/c0.90.720.720a/s640x640/127089632_1683036255191110_7831394842734168217_n.jpg?_nc_ht=scontent-lax3-1.cdninstagram.com&_nc_cat=110&_nc_ohc=__wqhN1l-6UAX9XjoQD&tp=1&oh=5f60194daa78eefb9243f02cfd8dcc1e&oe=5FC58B4C"
    },
    {
      "src": "https://scontent-lax3-1.cdninstagram.com/v/t51.2885-15/sh0.08/e35/c0.180.1440.1440a/s640x640/127492726_372893733790493_4659418400098785527_n.jpg?_nc_ht=scontent-lax3-1.cdninstagram.com&_nc_cat=105&_nc_ohc=ZhhB0NuoyZIAX_lRo1E&tp=1&oh=551fdefeb5fd5bd78192cc9d238fa898&oe=5FEC2387"
    },
    {
      "src": "https://scontent-lax3-1.cdninstagram.com/v/t51.2885-15/e35/126968373_2581297365495617_5125704860048922427_n.jpg?_nc_ht=scontent-lax3-1.cdninstagram.com&_nc_cat=105&_nc_ohc=XoQbY50cw0kAX9fWg_W&tp=1&oh=1709e22fb132d7dcc996b786ac93e931&oe=5FC5FAC7"
    },
    {
      "src": "https://scontent-lax3-1.cdninstagram.com/v/t51.2885-15/sh0.08/e35/c0.180.1440.1440a/s640x640/127188294_972598666565936_5454585134396843341_n.jpg?_nc_ht=scontent-lax3-1.cdninstagram.com&_nc_cat=108&_nc_ohc=flJsMlZadhEAX99mq_J&tp=1&oh=2a9d88555f1ef1c0490289ca0b772448&oe=5FEB5749"
    },
    {
      "src": "https://scontent-lax3-1.cdninstagram.com/v/t51.2885-15/sh0.08/e35/c0.90.720.720a/s640x640/126162679_697552221188388_3201007988271717594_n.jpg?_nc_ht=scontent-lax3-1.cdninstagram.com&_nc_cat=100&_nc_ohc=5NBrC-zakkMAX9EliHT&tp=1&oh=194ad35dd60aa88331c9f4fea4f74fc0&oe=5FC5E9B3"
    },
    {
      "src": "https://scontent-lax3-1.cdninstagram.com/v/t51.2885-15/sh0.08/e35/c0.101.815.815a/s640x640/127171323_101439315109108_3499011774567472511_n.jpg?_nc_ht=scontent-lax3-1.cdninstagram.com&_nc_cat=104&_nc_ohc=kSpalmqhinAAX_XzXrM&tp=1&oh=acf9be3b2355cb8ee3ef1a6759980bd5&oe=5FECC63E"
    },
    {
      "src": "https://scontent-lax3-1.cdninstagram.com/v/t51.2885-15/sh0.08/e35/c0.90.720.720a/s640x640/126619378_379234699813696_2805472842421592505_n.jpg?_nc_ht=scontent-lax3-1.cdninstagram.com&_nc_cat=104&_nc_ohc=kh2mGwkNAuEAX_fNmZq&tp=1&oh=98651a85f53f71c781825cc3c7a66e20&oe=5FC60038"
    },
    {
      "src": "https://scontent-lax3-1.cdninstagram.com/v/t51.2885-15/sh0.08/e35/c0.90.720.720a/s640x640/126854304_200090701580806_5225176902670925823_n.jpg?_nc_ht=scontent-lax3-1.cdninstagram.com&_nc_cat=110&_nc_ohc=Ezxt7-M8dXIAX_z0yqH&tp=1&oh=b00896af1132cfa569eb2623fc9a2808&oe=5FC5CD52"
    },
    {
      "src": "https://scontent-lax3-2.cdninstagram.com/v/t51.2885-15/sh0.08/e35/c0.90.720.720a/s640x640/126870122_770139153934583_7301812009138517713_n.jpg?_nc_ht=scontent-lax3-2.cdninstagram.com&_nc_cat=111&_nc_ohc=a7af4ehL5ZsAX_57Jk2&tp=1&oh=bf02f08ad85831ecf37f5b34390e7de7&oe=5FC602E3"
    }
  ]
}