{
  "user_name": "malisafi_yard",
  "profile_photo": "https://scontent-lax3-2.cdninstagram.com/v/t51.2885-19/s150x150/90652284_217149142824346_7907215223512104960_n.jpg?_nc_ht=scontent-lax3-2.cdninstagram.com&_nc_ohc=ohdzOIi3f-YAX8Slh6k&tp=1&oh=ae38e54882ce2b7647c0a7396740f27d&oe=5FECA039",
  "name": "𝐒𝐭𝐚𝐭𝐞𝐦𝐞𝐧𝐭 𝐨𝐟 𝐬𝐭𝐲𝐥𝐞",
  "webiste": "https://l.instagram.com/?u=http%3A%2F%2Fmalisafiyard.com%2F&e=ATOdCNGb4M5Ne60YSR3uQLkAHB32h1YTttNTan6_VIEUSSpuPzxfLfLW8ePVtvqYkc_-l79SHDz5pxamgOyIwg&s=1",
  "bio": "Express Who You Are <br>Website link 👇🏾<br>Open :10:30am-4:30Pm (Mon-Sat)<br>Delivery’s every Mon ,Wednesday and Saturday <br>Worldwide Shipping",
  "category": "",
  "posts_count": "14,634",
  "followers_count": "58.4k",
  "following_count": "5",
  "story_highlights": [
    {
      "text": "Clients ❤️",
      "src": "https://scontent-lax3-2.cdninstagram.com/v/t51.2885-15/e15/c0.280.720.720a/s150x150/121484998_399011444449110_7991891442231653840_n.jpg?_nc_ht=scontent-lax3-2.cdninstagram.com&_nc_cat=106&_nc_ohc=qX-NoksKHwcAX_x766U&tp=1&oh=0c2e7e942f56fdb6c52e1f7b90ff2a83&oe=5FC5A563"
    },
    {
      "text": "Size chart",
      "src": "https://scontent-lax3-1.cdninstagram.com/v/t51.2885-15/e35/c0.322.828.828a/s150x150/122040092_208389407310769_6803675311087038394_n.jpg?_nc_ht=scontent-lax3-1.cdninstagram.com&_nc_cat=101&_nc_ohc=pDW7gjn-xtsAX8xB1Te&tp=1&oh=159b7acf1994cd8fd20f7e6dd6211f27&oe=5FC57C14"
    },
    {
      "text": "Launching Soon",
      "src": "https://scontent-lax3-2.cdninstagram.com/v/t51.2885-15/e15/c0.280.720.720a/s150x150/121137041_377603500267374_8660797739664498897_n.jpg?_nc_ht=scontent-lax3-2.cdninstagram.com&_nc_cat=106&_nc_ohc=64fr5WUqC-YAX-06lIg&tp=1&oh=428256b32a9b90d126c61e518e8fc1ad&oe=5FC5AC0F"
    },
    {
      "text": "Officials",
      "src": "https://scontent-lax3-1.cdninstagram.com/v/t51.2885-15/e35/c0.322.828.828a/s150x150/120910151_762888051227643_7045082967225337337_n.jpg?_nc_ht=scontent-lax3-1.cdninstagram.com&_nc_cat=103&_nc_ohc=RPZ9SeUHcVgAX8m4PC1&tp=1&oh=1d598ccae9c366fdbf80b190cac4a505&oe=5FC60BBD"
    },
    {
      "text": "Loungewear",
      "src": "https://scontent-lax3-2.cdninstagram.com/v/t51.12442-15/e15/c0.280.720.720a/s150x150/115825298_163981665245579_7031951647148670446_n.jpg?_nc_ht=scontent-lax3-2.cdninstagram.com&_nc_cat=111&_nc_ohc=X6ylo9ODJxwAX_xnlpn&tp=1&oh=da827ef3e50fd99993e99b9f2b00e13d&oe=5FC5B30A"
    },
    {
      "text": "Reviews",
      "src": "https://scontent-lax3-1.cdninstagram.com/v/t51.2885-15/e35/c31.390.768.768a/s150x150/107432610_696403184533796_3369551742026554661_n.jpg?_nc_ht=scontent-lax3-1.cdninstagram.com&_nc_cat=108&_nc_ohc=aYGZmqgS5Y4AX_Tpm39&tp=1&oh=42bca556e4e31525b12be30b7a6efea1&oe=5FC5B819"
    },
    {
      "text": "Eye Mask",
      "src": "https://scontent-lax3-1.cdninstagram.com/v/t51.2885-15/e35/c0.322.828.828a/s150x150/115904432_285792659514068_2104881912389561069_n.jpg?_nc_ht=scontent-lax3-1.cdninstagram.com&_nc_cat=108&_nc_ohc=4k8NdY_UWJIAX9oP_ay&tp=1&oh=a800d5d9c9cca356be1852ef552cf568&oe=5FC60D3F"
    },
    {
      "text": "Signature bag",
      "src": "https://scontent-lax3-2.cdninstagram.com/v/t51.2885-15/s150x150/107368855_1914350282033271_7696090096928434157_n.jpg?_nc_ht=scontent-lax3-2.cdninstagram.com&_nc_ohc=zOFW_GAriBQAX-Mg27J&tp=1&oh=378a5d88c8babcd1e85c580a296999e3&oe=5FEB06B5"
    },
    {
      "text": "New Collection",
      "src": "https://scontent-lax3-2.cdninstagram.com/v/t51.2885-15/s150x150/107392830_306334997397661_1987041069651228912_n.jpg?_nc_ht=scontent-lax3-2.cdninstagram.com&_nc_ohc=3aZLoQzi-LMAX8amAAz&tp=1&oh=f97438e15cfcdb3b2dd145e730434eaf&oe=5FEB439B"
    },
    {
      "text": "Luxury",
      "src": "https://scontent-lax3-2.cdninstagram.com/v/t51.2885-15/s150x150/106584745_191537842484031_8697042703247903104_n.jpg?_nc_ht=scontent-lax3-2.cdninstagram.com&_nc_ohc=RWdsT8QLvd4AX-7vx0W&tp=1&oh=41eb16ea922044c313c73bb53c9c710a&oe=5FEDE367"
    },
    {
      "text": "How to Purchase",
      "src": "https://scontent-lax3-2.cdninstagram.com/v/t51.2885-15/s150x150/107525928_702927987224462_90238151919538535_n.jpg?_nc_ht=scontent-lax3-2.cdninstagram.com&_nc_ohc=oeM1o-lDJuMAX-FWq2e&tp=1&oh=c02e4c3a6143dd49fb1a7242c7545773&oe=5FECCACF"
    },
    {
      "text": "FAQs",
      "src": "https://scontent-lax3-2.cdninstagram.com/v/t51.2885-15/s150x150/107523168_1383137938548381_8090255560913559522_n.jpg?_nc_ht=scontent-lax3-2.cdninstagram.com&_nc_ohc=-zGWnD1WeqkAX9SuECA&tp=1&oh=84bc96b640c0b486b501d5c9742b5832&oe=5FEE55D2"
    },
    {
      "text": "SIZE CHART",
      "src": "https://scontent-lax3-2.cdninstagram.com/v/t51.2885-15/s150x150/107203334_111226277189637_8569515584913420294_n.jpg?_nc_ht=scontent-lax3-2.cdninstagram.com&_nc_ohc=v32RY3EJ2cwAX_s7KLx&tp=1&oh=e14c1fcce64ef47b80966724bd2398b7&oe=5FED8D35"
    }
  ],
  "posts": [
    {
      "src": "https://scontent-lax3-2.cdninstagram.com/v/t51.2885-15/e35/127820705_3557857260947526_1364137829393497352_n.jpg?_nc_ht=scontent-lax3-2.cdninstagram.com&_nc_cat=106&_nc_ohc=pSDl9vieMdAAX-BCtil&tp=1&oh=2514c4d577663b753f447bf2e9f0ace5&oe=5FC60D9B"
    },
    {
      "src": "https://scontent-lax3-1.cdninstagram.com/v/t51.2885-15/sh0.08/e35/c0.78.1440.1440a/s640x640/127694437_815775978985421_8303368956432092277_n.jpg?_nc_ht=scontent-lax3-1.cdninstagram.com&_nc_cat=105&_nc_ohc=ce-efdA_xBsAX9qI6uC&tp=1&oh=7737be7e21aefc0eca4ededc2ab2479b&oe=5FEB4889"
    },
    {
      "src": "https://scontent-lax3-1.cdninstagram.com/v/t51.2885-15/sh0.08/e35/c0.55.927.927a/s640x640/127604948_1535023920019201_983494152322945266_n.jpg?_nc_ht=scontent-lax3-1.cdninstagram.com&_nc_cat=101&_nc_ohc=DXNqTrTMgKEAX8o4huu&tp=1&oh=7b71d48236e9d62ee48fc1df4359f281&oe=5FED28E9"
    },
    {
      "src": "https://scontent-lax3-1.cdninstagram.com/v/t51.2885-15/sh0.08/e35/s640x640/127609928_200142671575809_7732844130273109110_n.jpg?_nc_ht=scontent-lax3-1.cdninstagram.com&_nc_cat=109&_nc_ohc=bPjw_9AcSRgAX90C7-n&tp=1&oh=c6a7e871636f092d506dd86718a4001b&oe=5FEB03F3"
    },
    {
      "src": "https://scontent-lax3-1.cdninstagram.com/v/t51.2885-15/sh0.08/e35/s640x640/127661355_435603810763013_5227486812452023946_n.jpg?_nc_ht=scontent-lax3-1.cdninstagram.com&_nc_cat=105&_nc_ohc=Tfh5QJMvvn0AX9GCynH&tp=1&oh=9cedf9f1c4323343893b2a94a630483f&oe=5FED0C0C"
    },
    {
      "src": "https://scontent-lax3-1.cdninstagram.com/v/t51.2885-15/sh0.08/e35/s640x640/127570849_1015230302316497_6587061966040976446_n.jpg?_nc_ht=scontent-lax3-1.cdninstagram.com&_nc_cat=105&_nc_ohc=7Qqxg8AfOtIAX8OUkhM&tp=1&oh=05ed7e3b210799a40d7fc07b99bf5e4f&oe=5FEC04D9"
    },
    {
      "src": "https://scontent-lax3-1.cdninstagram.com/v/t51.2885-15/sh0.08/e35/s640x640/127695319_2689487444697674_6940025529672251085_n.jpg?_nc_ht=scontent-lax3-1.cdninstagram.com&_nc_cat=102&_nc_ohc=O-pmw5Gq1xcAX9VPq22&tp=1&oh=ef7ae0b6b56ec509161b956358751424&oe=5FED39C3"
    },
    {
      "src": "https://scontent-lax3-1.cdninstagram.com/v/t51.2885-15/sh0.08/e35/c0.180.1440.1440a/s640x640/128027371_390177965763382_8993599496695530472_n.jpg?_nc_ht=scontent-lax3-1.cdninstagram.com&_nc_cat=110&_nc_ohc=3gXhqcXV3_kAX97O5Oc&tp=1&oh=f1ca32c7ac216bfd7996434f33338328&oe=5FEE7B4C"
    },
    {
      "src": "https://scontent-lax3-1.cdninstagram.com/v/t51.2885-15/sh0.08/e35/c0.180.1440.1440a/s640x640/127657800_204653924433687_1788605842248937980_n.jpg?_nc_ht=scontent-lax3-1.cdninstagram.com&_nc_cat=103&_nc_ohc=YIVkRVcfEwQAX-nAvzz&tp=1&oh=dfd54c4c0d29bf1e19507c5c801e1bcc&oe=5FEE7874"
    },
    {
      "src": "https://scontent-lax3-1.cdninstagram.com/v/t51.2885-15/sh0.08/e35/c0.96.1440.1440a/s640x640/127666289_1277427352614626_2831718625745090261_n.jpg?_nc_ht=scontent-lax3-1.cdninstagram.com&_nc_cat=102&_nc_ohc=GBbLu1gkH9cAX89BlpU&tp=1&oh=bcd32a95b530bc9979774d42527549b3&oe=5FEE7240"
    },
    {
      "src": "https://scontent-lax3-1.cdninstagram.com/v/t51.2885-15/sh0.08/e35/c0.180.1440.1440a/s640x640/127349215_1254868048222973_4387291237059361468_n.jpg?_nc_ht=scontent-lax3-1.cdninstagram.com&_nc_cat=105&_nc_ohc=zPKUITJ1JRIAX8bidyT&tp=1&oh=aa674f6aa3efcf0188384576f45efabb&oe=5FEB0F97"
    },
    {
      "src": "https://scontent-lax3-1.cdninstagram.com/v/t51.2885-15/sh0.08/e35/s640x640/127454116_420479458974125_8695233353982322627_n.jpg?_nc_ht=scontent-lax3-1.cdninstagram.com&_nc_cat=105&_nc_ohc=5P_WznN3AnAAX9S-u3F&tp=1&oh=d82a22de448b7a75fae6e17c335735b8&oe=5FEBD364"
    },
    {
      "src": "https://scontent-lax3-1.cdninstagram.com/v/t51.2885-15/sh0.08/e35/s640x640/127250816_703282263950556_3055256339185679746_n.jpg?_nc_ht=scontent-lax3-1.cdninstagram.com&_nc_cat=100&_nc_ohc=y843UkMIl1EAX_J7dzh&tp=1&oh=32ebb4bed89f0b882b1ac81d7aea3a7c&oe=5FEC0C03"
    },
    {
      "src": "https://scontent-lax3-1.cdninstagram.com/v/t51.2885-15/sh0.08/e35/c0.180.1440.1440a/s640x640/127334481_220402306161602_5206702113663318585_n.jpg?_nc_ht=scontent-lax3-1.cdninstagram.com&_nc_cat=102&_nc_ohc=m7LWChvmzrcAX_xZemm&tp=1&oh=05e976555aed3772d4f7937598da65c4&oe=5FEB7D56"
    },
    {
      "src": "https://scontent-lax3-1.cdninstagram.com/v/t51.2885-15/sh0.08/e35/s640x640/127315635_200010941729762_745383109701631007_n.jpg?_nc_ht=scontent-lax3-1.cdninstagram.com&_nc_cat=102&_nc_ohc=2ZoQVysEvAgAX_ODZ9P&tp=1&oh=e15980a4b589ae8a70990fec62b81cd2&oe=5FEB39B3"
    },
    {
      "src": "https://scontent-lax3-1.cdninstagram.com/v/t51.2885-15/sh0.08/e35/c0.180.1440.1440a/s640x640/127628352_400702937786806_7349021288086356732_n.jpg?_nc_ht=scontent-lax3-1.cdninstagram.com&_nc_cat=110&_nc_ohc=wI5ezHAsAOgAX_E8nBC&tp=1&oh=acce414f3228605e9975622c448ec142&oe=5FED6BC5"
    },
    {
      "src": "https://scontent-lax3-2.cdninstagram.com/v/t51.2885-15/sh0.08/e35/c0.180.1440.1440a/s640x640/127489194_694738821174306_1106176220460725114_n.jpg?_nc_ht=scontent-lax3-2.cdninstagram.com&_nc_cat=106&_nc_ohc=bqSjj9SoaWcAX-UTN0j&tp=1&oh=919d6dd8345d94fc025866a5a4c534d5&oe=5FECE310"
    },
    {
      "src": "https://scontent-lax3-1.cdninstagram.com/v/t51.2885-15/sh0.08/e35/s640x640/127859143_430512157954113_8787251341133667975_n.jpg?_nc_ht=scontent-lax3-1.cdninstagram.com&_nc_cat=109&_nc_ohc=trHWVaV9Q0QAX-4-TcQ&tp=1&oh=60c3b60a5afbc2df41a332b19000d0f5&oe=5FEB5846"
    },
    {
      "src": "https://scontent-lax3-1.cdninstagram.com/v/t51.2885-15/sh0.08/e35/c0.180.1440.1440a/s640x640/127316686_395544874970160_2435727159760661111_n.jpg?_nc_ht=scontent-lax3-1.cdninstagram.com&_nc_cat=100&_nc_ohc=Ao_VyHbD2T0AX-ldgdx&tp=1&oh=f4360eccec92ed47f25336ccef3cd2a5&oe=5FED2CE5"
    },
    {
      "src": "https://scontent-lax3-2.cdninstagram.com/v/t51.2885-15/sh0.08/e35/s640x640/127301440_689758845266519_3806961860401545648_n.jpg?_nc_ht=scontent-lax3-2.cdninstagram.com&_nc_cat=111&_nc_ohc=-gG5Smf_RpsAX8EsZLs&tp=1&oh=2ec8a116c939026320eb5681d890e8a4&oe=5FEEB235"
    },
    {
      "src": "https://scontent-lax3-2.cdninstagram.com/v/t51.2885-15/sh0.08/e35/s640x640/127798944_125149852712274_1086816664071146809_n.jpg?_nc_ht=scontent-lax3-2.cdninstagram.com&_nc_cat=106&_nc_ohc=ebAyUTFl1WgAX9sUZh0&tp=1&oh=254c08dd386155e85212122f6018b753&oe=5FEC4E83"
    },
    {
      "src": "https://scontent-lax3-1.cdninstagram.com/v/t51.2885-15/sh0.08/e35/c0.180.1440.1440a/s640x640/127393870_858793278222699_1377719418461641908_n.jpg?_nc_ht=scontent-lax3-1.cdninstagram.com&_nc_cat=103&_nc_ohc=zzP6UyU65hsAX8Jf9EY&tp=1&oh=8ce11ea128c64bcdbb358045c99fb929&oe=5FEE885B"
    },
    {
      "src": "https://scontent-lax3-1.cdninstagram.com/v/t51.2885-15/sh0.08/e35/s640x640/127444099_2824528511152948_486409084958147179_n.jpg?_nc_ht=scontent-lax3-1.cdninstagram.com&_nc_cat=104&_nc_ohc=SLwLghCawLgAX_uY3GT&tp=1&oh=1f881db5ab45d47ca878b8a5a1f57754&oe=5FEBFCF8"
    },
    {
      "src": "https://scontent-lax3-1.cdninstagram.com/v/t51.2885-15/sh0.08/e35/s640x640/127362999_190497346088559_3822467480263280660_n.jpg?_nc_ht=scontent-lax3-1.cdninstagram.com&_nc_cat=103&_nc_ohc=sJgz8eFUxx8AX9Mg2SZ&tp=1&oh=226521a9a232b92596e9dddca2386c95&oe=5FEECA67"
    }
  ]
}