{
  "user_name": "myvibeapparel",
  "profile_photo": "https://scontent-lax3-2.cdninstagram.com/v/t51.2885-19/s150x150/70967056_537369847022224_8706233875354877952_n.jpg?_nc_ht=scontent-lax3-2.cdninstagram.com&_nc_ohc=5qqvAzDKho8AX9sSW9Q&tp=1&oh=ec65b94726021e5153f93019b92bb062&oe=5FED654C",
  "name": "My Vibe",
  "webiste": "https://l.instagram.com/?u=https%3A%2F%2Fwww.amazon.com%2Fdp%2FB07ZSFMRVJ%2Fref%3Dcm_sw_r_fm_apa_i_rycWDbN6RFQ7X&e=ATNUIK9IVZwwVOjop4IrIKVZtWgKOITY3QomP4H_b1Lr3FcWiygp8ZXpGrI2EHuyUOGNn4Ih4uxexc9Fjw613w&s=1",
  "bio": "Please follow us and help keep the VIBE going! We are a clothing brand. Wether it's weight lifting, boxing, CrossFit, etc... We got you covered!",
  "category": "",
  "posts_count": "20",
  "followers_count": "707",
  "following_count": "4,425",
  "story_highlights": [
    {
      "text": "Amazon's",
      "src": "https://scontent-lax3-1.cdninstagram.com/v/t51.12442-15/e35/c0.465.1080.1080a/s150x150/76877130_550697835665720_8985170533531598789_n.jpg?_nc_ht=scontent-lax3-1.cdninstagram.com&_nc_cat=108&_nc_ohc=ERLl7KpkoG0AX_HcrU9&tp=1&oh=0163f07112b0732b23c416a27aaa0df6&oe=5FC60D70"
    }
  ],
  "posts": [
    {
      "src": "https://scontent-lax3-1.cdninstagram.com/v/t51.2885-15/sh0.08/e35/s640x640/73170489_189737895525889_4246654011921958049_n.jpg?_nc_ht=scontent-lax3-1.cdninstagram.com&_nc_cat=101&_nc_ohc=o571rNf_9DEAX9PCtEE&tp=1&oh=4971af8bc44548b0f8c60f040d867478&oe=5FEB5A97"
    },
    {
      "src": "https://scontent-lax3-1.cdninstagram.com/v/t51.2885-15/sh0.08/e35/s640x640/70795442_146297350076629_7193760989802335760_n.jpg?_nc_ht=scontent-lax3-1.cdninstagram.com&_nc_cat=101&_nc_ohc=dMtUsJ5HFfkAX_5PI_X&tp=1&oh=645f529c65f91d2d196309d1cff17d2d&oe=5FEB7951"
    },
    {
      "src": "https://scontent-lax3-1.cdninstagram.com/v/t51.2885-15/sh0.08/e35/s640x640/73457403_424180718481493_2281112801593008480_n.jpg?_nc_ht=scontent-lax3-1.cdninstagram.com&_nc_cat=101&_nc_ohc=hnBqvCy4ZtcAX-yMs9i&tp=1&oh=596c9619b63a6d8995afbbddda3feb1e&oe=5FEB7D7E"
    },
    {
      "src": "https://scontent-lax3-1.cdninstagram.com/v/t51.2885-15/sh0.08/e35/s640x640/73372051_104356144272797_3296421496871096421_n.jpg?_nc_ht=scontent-lax3-1.cdninstagram.com&_nc_cat=105&_nc_ohc=xqXVbMVTzHwAX-Y79to&tp=1&oh=01fb0a4386288ce55ce9df361f267465&oe=5FEC85D8"
    },
    {
      "src": "https://scontent-lax3-2.cdninstagram.com/v/t51.2885-15/sh0.08/e35/c0.93.746.746a/s640x640/73258088_748168475608211_3202769712529204675_n.jpg?_nc_ht=scontent-lax3-2.cdninstagram.com&_nc_cat=111&_nc_ohc=duW2a1V2WkYAX_TeWIN&tp=1&oh=5392d39438c0f2082b359d4519dd250c&oe=5FEED36B"
    },
    {
      "src": "https://scontent-lax3-1.cdninstagram.com/v/t51.2885-15/sh0.08/e35/s640x640/74665259_849191285474816_4247722391892555215_n.jpg?_nc_ht=scontent-lax3-1.cdninstagram.com&_nc_cat=108&_nc_ohc=57pGJCe3jEMAX9dpNcD&tp=1&oh=b6a97e58e53b09f52bb0dcaaf34dc1bf&oe=5FEB5E50"
    },
    {
      "src": "https://scontent-lax3-1.cdninstagram.com/v/t51.2885-15/sh0.08/e35/s640x640/73423680_490256684896089_7966611631492215152_n.jpg?_nc_ht=scontent-lax3-1.cdninstagram.com&_nc_cat=109&_nc_ohc=ZrduvBhlLMQAX9S7v-z&tp=1&oh=0fc12331cd6e5ff40e27cb03c749f8f2&oe=5FECB628"
    },
    {
      "src": "https://scontent-lax3-2.cdninstagram.com/v/t51.2885-15/sh0.08/e35/s640x640/70887231_1917345268301939_3179906392783179314_n.jpg?_nc_ht=scontent-lax3-2.cdninstagram.com&_nc_cat=111&_nc_ohc=voNOi9-IClMAX8LRR7-&tp=1&oh=ca9422a6ae2e9f3c1ff8bb301cedf00d&oe=5FEEE449"
    },
    {
      "src": "https://scontent-lax3-1.cdninstagram.com/v/t51.2885-15/sh0.08/e35/s640x640/72239279_423348031686278_1339078821416439586_n.jpg?_nc_ht=scontent-lax3-1.cdninstagram.com&_nc_cat=102&_nc_ohc=pqpNTYoVIB0AX_O4AZs&tp=1&oh=0089b012a8ae3662ea2b31f89dadf05c&oe=5FEC4C51"
    },
    {
      "src": "https://scontent-lax3-1.cdninstagram.com/v/t51.2885-15/sh0.08/e35/s640x640/73393198_469475223926385_8828911360932961753_n.jpg?_nc_ht=scontent-lax3-1.cdninstagram.com&_nc_cat=109&_nc_ohc=XWJfSd2QLSYAX9Epmpj&tp=1&oh=9f1f323077e719dce25ea7c684946222&oe=5FEDC8DA"
    },
    {
      "src": "https://scontent-lax3-2.cdninstagram.com/v/t51.2885-15/sh0.08/e35/s640x640/72467012_562977154270734_2454765825763833947_n.jpg?_nc_ht=scontent-lax3-2.cdninstagram.com&_nc_cat=106&_nc_ohc=WvRPE-h4v-YAX8Pf21L&tp=1&oh=e471d49afbb9bd509f66d4822fa82b9d&oe=5FEB80E5"
    },
    {
      "src": "https://scontent-lax3-2.cdninstagram.com/v/t51.2885-15/sh0.08/e35/s640x640/72070571_153760615865622_3110310822981573813_n.jpg?_nc_ht=scontent-lax3-2.cdninstagram.com&_nc_cat=106&_nc_ohc=gGTIzU6kdzkAX8QFWkl&tp=1&oh=e18999fe67ebb4fe465ef814da3062b7&oe=5FEB2D0D"
    },
    {
      "src": "https://scontent-lax3-1.cdninstagram.com/v/t51.2885-15/sh0.08/e35/s640x640/71192638_527696088044881_7718920468210358350_n.jpg?_nc_ht=scontent-lax3-1.cdninstagram.com&_nc_cat=101&_nc_ohc=TrcNuZTkj98AX9CFsVg&tp=1&oh=d496ddce2d07c6ebead62e95499a9f9f&oe=5FEEED14"
    },
    {
      "src": "https://scontent-lax3-1.cdninstagram.com/v/t51.2885-15/sh0.08/e35/s640x640/71288090_573554890054138_4217372937693653795_n.jpg?_nc_ht=scontent-lax3-1.cdninstagram.com&_nc_cat=110&_nc_ohc=F2Vo3NDMBDAAX-Bn7av&tp=1&oh=f4e7339d5b4a5c8a2c5e1e534416c023&oe=5FEBFA49"
    },
    {
      "src": "https://scontent-lax3-1.cdninstagram.com/v/t51.2885-15/sh0.08/e35/s640x640/72142745_484181335506544_3548468901954133458_n.jpg?_nc_ht=scontent-lax3-1.cdninstagram.com&_nc_cat=104&_nc_ohc=0eNjuRimZbcAX_Cyt8h&tp=1&oh=389e66d4155925d50e77f48e3a9d6f10&oe=5FECBDDB"
    },
    {
      "src": "https://scontent-lax3-1.cdninstagram.com/v/t51.2885-15/sh0.08/e35/s640x640/71508024_142024633821620_8666580993673139206_n.jpg?_nc_ht=scontent-lax3-1.cdninstagram.com&_nc_cat=108&_nc_ohc=rYGmmD8Z4SIAX9-z28V&tp=1&oh=d6d9cd336cd231b04df64ad3aa0f3a3b&oe=5FED192C"
    },
    {
      "src": "https://scontent-lax3-1.cdninstagram.com/v/t51.2885-15/sh0.08/e35/s640x640/71184887_2363756063877329_1041655916800341347_n.jpg?_nc_ht=scontent-lax3-1.cdninstagram.com&_nc_cat=105&_nc_ohc=H6dTdrERd-MAX8drGqS&tp=1&oh=6bb19a5c191deb4126bca6d0ca9ef8ec&oe=5FECE685"
    },
    {
      "src": "https://scontent-lax3-1.cdninstagram.com/v/t51.2885-15/sh0.08/e35/s640x640/69927754_135804474428496_1556615715562827016_n.jpg?_nc_ht=scontent-lax3-1.cdninstagram.com&_nc_cat=100&_nc_ohc=KttoCIOzDogAX-MQr-y&tp=1&oh=a069c3e05f9615b3cf8f500a3c47e8e9&oe=5FEBF471"
    },
    {
      "src": "https://scontent-lax3-1.cdninstagram.com/v/t51.2885-15/sh0.08/e35/s640x640/69764679_101065004616898_5088802498343925912_n.jpg?_nc_ht=scontent-lax3-1.cdninstagram.com&_nc_cat=110&_nc_ohc=H_TsQRqxLS0AX-1ylF7&tp=1&oh=6f94d8d92c44ee7f928433204262faaf&oe=5FEB3D62"
    },
    {
      "src": "https://scontent-lax3-2.cdninstagram.com/v/t51.2885-15/sh0.08/e35/s640x640/71697279_634987980361675_5666253198756047389_n.jpg?_nc_ht=scontent-lax3-2.cdninstagram.com&_nc_cat=107&_nc_ohc=TXx13AbClEEAX87wOtD&tp=1&oh=c9045407504dbfd35c993b3cbcfe85c3&oe=5FEC6CE9"
    }
  ]
}