{
  "user_name": "obiwezy",
  "profile_photo": "https://scontent-lax3-2.cdninstagram.com/v/t51.2885-19/s150x150/82578505_2511451372438271_3481230414004092928_n.jpg?_nc_ht=scontent-lax3-2.cdninstagram.com&_nc_ohc=OrdrYdtu-MwAX-l4IXe&tp=1&oh=5c6879d56d0d31cdc9fff1c01a30b152&oe=5FEC2386",
  "name": "Obiwezy",
  "webiste": "https://l.instagram.com/?u=http%3A%2F%2Fwww.obiwezy.com%2F&e=ATNT4AhcFniy2_8qnvcLHDcmWaI1gTFtX6LyCxXXzrsccNMmrm6YnlylKPirIs8zQhC4Ac654jB3riAA96pW4Q&s=1",
  "bio": "Your NO1 gadget guy with the best prices in the market <a class=\" xil3i\" href=\"/explore/tags/obiwezyisyourguy/\" tabindex=\"0\">#obiwezyisyourguy</a> <br>08123884246 Dupe <br>09025141412 Yemi",
  "category": "",
  "posts_count": "14,145",
  "followers_count": "142k",
  "following_count": "4,526",
  "story_highlights": [
    {
      "text": "SCAM ALERT",
      "src": "https://scontent-lax3-1.cdninstagram.com/v/t51.2885-15/e35/c0.482.1243.1243a/s150x150/125390303_3559658594102113_7277384673198666340_n.jpg?_nc_ht=scontent-lax3-1.cdninstagram.com&_nc_cat=101&_nc_ohc=h8HMOrcBrrIAX8cGi5n&tp=1&oh=8415489082fba1f4ae65c104deb4b68f&oe=5FC5BA10"
    },
    {
      "text": "Delivery feedba",
      "src": "https://scontent-lax3-1.cdninstagram.com/v/t51.2885-15/e35/c0.292.750.750a/s150x150/124142779_1326198004382026_2406834118587143350_n.jpg?_nc_ht=scontent-lax3-1.cdninstagram.com&_nc_cat=110&_nc_ohc=w2pNCiYVevIAX_pAoDB&tp=1&oh=785cbf85db284c790806f3ebee797faa&oe=5FC606F2"
    },
    {
      "text": "Abuja hotlines",
      "src": "https://scontent-lax3-1.cdninstagram.com/v/t51.2885-15/e35/c0.482.1243.1243a/s150x150/125081981_3661306003900982_2864708787372805087_n.jpg?_nc_ht=scontent-lax3-1.cdninstagram.com&_nc_cat=102&_nc_ohc=jNsbr3wnycIAX_4XKXT&tp=1&oh=d7fd467755c3689b64afb958e564b2df&oe=5FC5E922"
    },
    {
      "text": "Highlights",
      "src": "https://scontent-lax3-2.cdninstagram.com/v/t51.12442-15/e15/c0.280.720.720a/s150x150/94764550_174162410460055_1291844910949876350_n.jpg?_nc_ht=scontent-lax3-2.cdninstagram.com&_nc_cat=107&_nc_ohc=PYl1HZAtqeQAX_sqvOW&tp=1&oh=7b3977881465011fb2fb5228af0b0f96&oe=5FC5F3DE"
    },
    {
      "text": "Sound 🔊",
      "src": "https://scontent-lax3-1.cdninstagram.com/v/t51.12442-15/e35/c0.280.720.720a/s150x150/73319016_170877497436716_8823625979131669041_n.jpg?_nc_ht=scontent-lax3-1.cdninstagram.com&_nc_cat=108&_nc_ohc=BAcXgDv0WDgAX-ePSfq&tp=1&oh=b8d531141616b79be80057a985abb432&oe=5FC585C1"
    },
    {
      "text": "Abuja Address",
      "src": "https://scontent-lax3-2.cdninstagram.com/v/t51.12442-15/e35/c0.322.828.828a/s150x150/72708394_158402418738779_7500765490258535988_n.jpg?_nc_ht=scontent-lax3-2.cdninstagram.com&_nc_cat=111&_nc_ohc=HLDnolz9RjsAX_aQu5p&tp=1&oh=e287cbf095cd215779dfd7c332f4a017&oe=5FC5BEC7"
    },
    {
      "text": "Abuja",
      "src": "https://scontent-lax3-1.cdninstagram.com/v/t51.12442-15/e35/c0.322.828.828a/s150x150/72441229_547154742706165_5873791395906222468_n.jpg?_nc_ht=scontent-lax3-1.cdninstagram.com&_nc_cat=101&_nc_ohc=f00vjxgNQv0AX_Qr2ch&tp=1&oh=7456a296ad025beb0f0de9fc751b31ac&oe=5FC5F05D"
    },
    {
      "text": "Apple iPhone 11",
      "src": "https://scontent-lax3-1.cdninstagram.com/v/t51.12442-15/e35/c0.322.828.828a/s150x150/69479186_394261518183362_8476981120098684085_n.jpg?_nc_ht=scontent-lax3-1.cdninstagram.com&_nc_cat=102&_nc_ohc=6h75ZvgYcV8AX_zUr6A&tp=1&oh=4e56733eb42df89e58308ab5539f0e8a&oe=5FC58EC4"
    }
  ],
  "posts": [
    {
      "src": "https://scontent-lax3-2.cdninstagram.com/v/t51.2885-15/e35/c157.0.406.406a/128541172_194654258873874_479791988930841137_n.jpg?_nc_ht=scontent-lax3-2.cdninstagram.com&_nc_cat=106&_nc_ohc=kqUSsIZcKrYAX8-Qc1V&tp=1&oh=42e02f1eda2daf9b684c2805860abb56&oe=5FC59775"
    },
    {
      "src": "https://scontent-lax3-1.cdninstagram.com/v/t51.2885-15/sh0.08/e35/s640x640/128159513_206284047746101_3585198316546520240_n.jpg?_nc_ht=scontent-lax3-1.cdninstagram.com&_nc_cat=101&_nc_ohc=X4k1pIlJW7MAX_6D5Pe&tp=1&oh=cdd96a083f6af668c8cbcf2c4b99a910&oe=5FEE20E2"
    },
    {
      "src": "https://scontent-lax3-1.cdninstagram.com/v/t51.2885-15/e35/c90.0.540.540a/128260777_3462840817086452_6361841186233152419_n.jpg?_nc_ht=scontent-lax3-1.cdninstagram.com&_nc_cat=108&_nc_ohc=DJxJElvv1EYAX-8MvVD&tp=1&oh=4d7947e3aafaa0957c628c46c17cddb4&oe=5FC5C3B2"
    },
    {
      "src": "https://scontent-lax3-1.cdninstagram.com/v/t51.2885-15/e35/c0.60.480.480a/127643935_197618835153844_1931885278148682969_n.jpg?_nc_ht=scontent-lax3-1.cdninstagram.com&_nc_cat=104&_nc_ohc=m2AG0BpFFQUAX-_0oyt&tp=1&oh=0a547bcb480cc0011169c532d9343279&oe=5FC5B0BB"
    },
    {
      "src": "https://scontent-lax3-1.cdninstagram.com/v/t51.2885-15/sh0.08/e35/s640x640/128212590_1120983531653631_5696686251704575819_n.jpg?_nc_ht=scontent-lax3-1.cdninstagram.com&_nc_cat=103&_nc_ohc=fJ-pEu16rUMAX8K7_Af&tp=1&oh=f9fe30c74b5ded34ee3595b638e4974a&oe=5FEBD8BB"
    },
    {
      "src": "https://scontent-lax3-2.cdninstagram.com/v/t51.2885-15/sh0.08/e35/c180.0.1080.1080a/s640x640/125885809_407399263747883_1286098135205779181_n.jpg?_nc_ht=scontent-lax3-2.cdninstagram.com&_nc_cat=111&_nc_ohc=nseTbjcJvEgAX9ZGXzw&tp=1&oh=593885b8e1e76cbac77702f3eef6af7a&oe=5FEEC42D"
    },
    {
      "src": "https://scontent-lax3-1.cdninstagram.com/v/t51.2885-15/sh0.08/e35/c180.0.720.720a/s640x640/127506061_396300404827041_4563196860845850814_n.jpg?_nc_ht=scontent-lax3-1.cdninstagram.com&_nc_cat=109&_nc_ohc=qbIw5XH2c7MAX-Errc-&tp=1&oh=fd9598e94c6320e5374162f2a5cf94e9&oe=5FEE0887"
    },
    {
      "src": "https://scontent-lax3-2.cdninstagram.com/v/t51.2885-15/sh0.08/e35/s640x640/128082377_705295730415294_1971690129130485908_n.jpg?_nc_ht=scontent-lax3-2.cdninstagram.com&_nc_cat=106&_nc_ohc=IwzJucEZUvMAX88Vqn1&tp=1&oh=586556cbb053547a15e94a6d30a4551c&oe=5FEDA020"
    },
    {
      "src": "https://scontent-lax3-1.cdninstagram.com/v/t51.2885-15/e35/c0.70.561.561a/127635564_228041212086376_1229089783044323940_n.jpg?_nc_ht=scontent-lax3-1.cdninstagram.com&_nc_cat=104&_nc_ohc=_u3W5mkkL1AAX_-DJPc&tp=1&oh=5067e6a9f14439905a77d192d4dd51fd&oe=5FEE54C9"
    },
    {
      "src": "https://scontent-lax3-1.cdninstagram.com/v/t51.2885-15/sh0.08/e35/c180.0.720.720a/s640x640/127969459_416202413121766_2699068423179998687_n.jpg?_nc_ht=scontent-lax3-1.cdninstagram.com&_nc_cat=110&_nc_ohc=JdGgBIynCDcAX9nK4vl&tp=1&oh=c8fd01e3a5b796a9374d7ba52033a82f&oe=5FED21FA"
    },
    {
      "src": "https://scontent-lax3-1.cdninstagram.com/v/t51.2885-15/sh0.08/e35/c8.0.720.720a/s640x640/127919171_756757014910610_1716274578724661468_n.jpg?_nc_ht=scontent-lax3-1.cdninstagram.com&_nc_cat=102&_nc_ohc=wZ9w_6GzCNwAX8S9G37&tp=1&oh=d821684a5ffaa82f35f435dff6cebc1c&oe=5FEE7D7B"
    },
    {
      "src": "https://scontent-lax3-1.cdninstagram.com/v/t51.2885-15/sh0.08/e35/c180.0.720.720a/s640x640/127617596_206772197560024_3020068101841721461_n.jpg?_nc_ht=scontent-lax3-1.cdninstagram.com&_nc_cat=104&_nc_ohc=wAKBlPWad3sAX8Obz8Z&tp=1&oh=a7ff2a88500b21b6455c7d99b16ff022&oe=5FEC6FE7"
    },
    {
      "src": "https://scontent-lax3-1.cdninstagram.com/v/t51.2885-15/sh0.08/e35/s640x640/127318607_371270483977449_8719931176263823689_n.jpg?_nc_ht=scontent-lax3-1.cdninstagram.com&_nc_cat=109&_nc_ohc=ET6ByWY0oPIAX8CS_yQ&tp=1&oh=73753410fdf527d6693b8028f0c790e5&oe=5FEEB47D"
    },
    {
      "src": "https://scontent-lax3-1.cdninstagram.com/v/t51.2885-15/sh0.08/e35/s640x640/127303893_194726825457108_8487007259946832600_n.jpg?_nc_ht=scontent-lax3-1.cdninstagram.com&_nc_cat=100&_nc_ohc=b8inWVoJlGUAX_V5Rk-&tp=1&oh=855dce50ac662f082b50816d79161f85&oe=5FEC74FB"
    },
    {
      "src": "https://scontent-lax3-1.cdninstagram.com/v/t51.2885-15/sh0.08/e35/s640x640/126055175_132251345351030_4310829621617128356_n.jpg?_nc_ht=scontent-lax3-1.cdninstagram.com&_nc_cat=102&_nc_ohc=jlasDp9x1UMAX_8Mn41&tp=1&oh=a711e39cfe58b641333332750abdde51&oe=5FEB7DBD"
    },
    {
      "src": "https://scontent-lax3-1.cdninstagram.com/v/t51.2885-15/sh0.08/e35/c229.0.821.821a/s640x640/127235739_405548527528248_5756059490493467846_n.jpg?_nc_ht=scontent-lax3-1.cdninstagram.com&_nc_cat=100&_nc_ohc=S67yo3nFI5kAX_AIjMs&tp=1&oh=e93577b57295525467a91a67ed746b41&oe=5FECA592"
    },
    {
      "src": "https://scontent-lax3-1.cdninstagram.com/v/t51.2885-15/sh0.08/e35/c0.180.1440.1440a/s640x640/127242231_3891897304177588_1830869183992254111_n.jpg?_nc_ht=scontent-lax3-1.cdninstagram.com&_nc_cat=104&_nc_ohc=A1aMWRVGkJYAX9yz_ib&tp=1&oh=8592d7efece83897c084237c279c577a&oe=5FEBFD39"
    },
    {
      "src": "https://scontent-lax3-1.cdninstagram.com/v/t51.2885-15/sh0.08/e35/c4.0.1069.1069a/s640x640/127812203_2763128867295269_7092160160316933040_n.jpg?_nc_ht=scontent-lax3-1.cdninstagram.com&_nc_cat=105&_nc_ohc=niA4gFsnKvEAX-4dtgf&tp=1&oh=790b87f95a9051dcabbbf7955e644f58&oe=5FECD561"
    },
    {
      "src": "https://scontent-lax3-2.cdninstagram.com/v/t51.2885-15/sh0.08/e35/c180.0.720.720a/s640x640/127164686_174432824326554_7433335548686085774_n.jpg?_nc_ht=scontent-lax3-2.cdninstagram.com&_nc_cat=106&_nc_ohc=quaDtdWBT0IAX9T92RB&tp=1&oh=3799b66801f86161dfde238db5638233&oe=5FEED443"
    },
    {
      "src": "https://scontent-lax3-1.cdninstagram.com/v/t51.2885-15/sh0.08/e35/c22.0.685.685a/s640x640/127088429_2460978847531677_7297562629796391412_n.jpg?_nc_ht=scontent-lax3-1.cdninstagram.com&_nc_cat=109&_nc_ohc=Hw2GfOJbCJAAX-sH3Dh&tp=1&oh=7612bdfa5f74bfd58dfd2c48266b309f&oe=5FEC996D"
    },
    {
      "src": "https://scontent-lax3-2.cdninstagram.com/v/t51.2885-15/sh0.08/e35/s640x640/127155868_965474410647239_4641616535611105436_n.jpg?_nc_ht=scontent-lax3-2.cdninstagram.com&_nc_cat=111&_nc_ohc=78i5H2XbMGwAX_HwAM6&tp=1&oh=b807ba8523398e74640ba81a1f753fd2&oe=5FED3B0A"
    },
    {
      "src": "https://scontent-lax3-2.cdninstagram.com/v/t51.2885-15/sh0.08/e35/s640x640/127242237_905791896917886_8020048651855173067_n.jpg?_nc_ht=scontent-lax3-2.cdninstagram.com&_nc_cat=106&_nc_ohc=r4Bk7wt8Oq8AX8vWWwc&tp=1&oh=93553c12c9921661d4189b61ccdb9a19&oe=5FECA932"
    },
    {
      "src": "https://scontent-lax3-2.cdninstagram.com/v/t51.2885-15/sh0.08/e35/c18.0.720.720a/s640x640/127235749_480692909574054_2837869060893224180_n.jpg?_nc_ht=scontent-lax3-2.cdninstagram.com&_nc_cat=106&_nc_ohc=-qhJmAP5pwMAX_HWlxh&tp=1&oh=7a58eac060e6593a2007db83f796fc23&oe=5FED06DD"
    },
    {
      "src": "https://scontent-lax3-1.cdninstagram.com/v/t51.2885-15/sh0.08/e35/s640x640/127445938_401029244418610_9032672903852929008_n.jpg?_nc_ht=scontent-lax3-1.cdninstagram.com&_nc_cat=110&_nc_ohc=7_DRJ8ZWZAEAX9jHVJB&tp=1&oh=5181aa3ce29082300895fd80b0361816&oe=5FEC3CB6"
    }
  ]
}