{
  "user_name": "olusesi_technologies",
  "profile_photo": "https://scontent-lax3-2.cdninstagram.com/v/t51.2885-19/s150x150/102680307_602083797070132_7488032287126999240_n.jpg?_nc_ht=scontent-lax3-2.cdninstagram.com&_nc_ohc=LKtdX7tEyfAAX9FfpHJ&tp=1&oh=5188a4c0d3bc17e70e25ec68b436a116&oe=5FEE5282",
  "name": "Olusesi Technologies",
  "webiste": "https://l.instagram.com/?u=http%3A%2F%2Folusesi.com%2F&e=ATNMdmMA_KvZAuRJTZ6_qmTfpflN1UozUfoQB3Q8QSWl5-lV7k5UWBjVCBbFt6NMM2FpqKMvOe-7pq9eAtIBiw&s=1",
  "bio": "Phones|Laptop|Accessories <br>We sell both Brand New &amp; Premium Used   <br>- Nationwide delivery<br>+2347026669220 WhatsApp/Call<br>+2348051846525<br>+2348124647054",
  "category": "",
  "posts_count": "4,027",
  "followers_count": "54.7k",
  "following_count": "892",
  "story_highlights": [
    {
      "text": "Disclaimer",
      "src": "https://scontent-lax3-2.cdninstagram.com/v/t51.2885-15/s150x150/67745848_2585936314770974_4585486050305041373_n.jpg?_nc_ht=scontent-lax3-2.cdninstagram.com&_nc_ohc=vWaQzlgN-EkAX8591d6&tp=1&oh=b3cede128147e7ee945c4268eba9f683&oe=5FEECB68"
    },
    {
      "text": "PriceList",
      "src": "https://scontent-lax3-2.cdninstagram.com/v/t51.2885-15/s150x150/66452406_2343297939274613_7090820978875169601_n.jpg?_nc_ht=scontent-lax3-2.cdninstagram.com&_nc_ohc=yJTYpGZeghsAX8R8GAW&tp=1&oh=88a64e42ccccbc52177acaa9675baba4&oe=5FEC0AC3"
    },
    {
      "text": "Phone unlock",
      "src": "https://scontent-lax3-1.cdninstagram.com/v/t51.12442-15/e35/c0.483.1242.1242a/s150x150/93819706_111825673638100_8289472169365477802_n.jpg?_nc_ht=scontent-lax3-1.cdninstagram.com&_nc_cat=104&_nc_ohc=MOzbEN7KDTIAX9CPq8M&tp=1&oh=a2eef48c1bcf02418d3714a10c8b129c&oe=5FC5E2D4"
    },
    {
      "text": "ChipUnlock",
      "src": "https://scontent-lax3-1.cdninstagram.com/v/t51.12442-15/e35/c90.530.1152.1152a/s150x150/70476307_1399962840179532_312573838224884183_n.jpg?_nc_ht=scontent-lax3-1.cdninstagram.com&_nc_cat=100&_nc_ohc=onu1mIYre44AX9mYpMG&tp=1&oh=ec90d41df460c66a6e5a5121f9b30670&oe=5FC5F417"
    },
    {
      "text": "Feedbacks 2",
      "src": "https://scontent-lax3-2.cdninstagram.com/v/t51.2885-15/s150x150/66922197_325171135028544_5924007490463747286_n.jpg?_nc_ht=scontent-lax3-2.cdninstagram.com&_nc_ohc=9m_Qk-gBu7EAX8UI2ew&tp=1&oh=f99741efebd56b5af4d30fd1652a8b91&oe=5FEDF934"
    },
    {
      "text": "Gps vs Cellular",
      "src": "https://scontent-lax3-1.cdninstagram.com/v/t51.12442-15/e35/c0.483.1242.1242a/s150x150/70239737_100953544600172_5157802404693502583_n.jpg?_nc_ht=scontent-lax3-1.cdninstagram.com&_nc_cat=108&_nc_ohc=_hnVI1BFuC4AX-bJlbd&tp=1&oh=450ed2850a3b39a73aa4535c1bb253eb&oe=5FC573E9"
    },
    {
      "text": "Feedbacks",
      "src": "https://scontent-lax3-2.cdninstagram.com/v/t51.2885-15/s150x150/50633140_258728808373205_2319179559773800810_n.jpg?_nc_ht=scontent-lax3-2.cdninstagram.com&_nc_ohc=GXS9MCimERQAX_pBw-4&tp=1&oh=64815d7d4a6637b21d4624f09f19c3ea&oe=5FECF1E5"
    },
    {
      "text": "Returns",
      "src": "https://scontent-lax3-2.cdninstagram.com/v/t51.2885-15/s150x150/50019349_732184300498990_1892196457054804170_n.jpg?_nc_ht=scontent-lax3-2.cdninstagram.com&_nc_ohc=-fWPDSaZFBMAX8HyQtl&tp=1&oh=a7b0a68652fcf4cbec6b83f58b85226a&oe=5FEE0A6B"
    },
    {
      "text": "How to order",
      "src": "https://scontent-lax3-2.cdninstagram.com/v/t51.2885-15/s150x150/50058451_315783175724219_1062382598825868751_n.jpg?_nc_ht=scontent-lax3-2.cdninstagram.com&_nc_ohc=edtglOTyrqgAX9bYl9q&tp=1&oh=0a50e23f6d11db54507f6d91fed0544a&oe=5FEE640F"
    },
    {
      "text": "Swap Policy",
      "src": "https://scontent-lax3-2.cdninstagram.com/v/t51.2885-15/s150x150/50815797_598869437231622_8541021521473679842_n.jpg?_nc_ht=scontent-lax3-2.cdninstagram.com&_nc_ohc=VlI4iVxmRakAX8-xJ04&tp=1&oh=43c5e06cce4e25f55838e55cfc88657f&oe=5FEDDF3A"
    },
    {
      "text": "Payment",
      "src": "https://scontent-lax3-2.cdninstagram.com/v/t51.2885-15/s150x150/50237880_245746266327563_6989131285899046974_n.jpg?_nc_ht=scontent-lax3-2.cdninstagram.com&_nc_ohc=j4smhDFoJ4MAX-1ymYt&tp=1&oh=e9d335ad14f9a004a9d992512e4625ff&oe=5FECC927"
    },
    {
      "text": "Contact Us",
      "src": "https://scontent-lax3-2.cdninstagram.com/v/t51.2885-15/s150x150/50223159_286762581987679_2202374365317413470_n.jpg?_nc_ht=scontent-lax3-2.cdninstagram.com&_nc_ohc=iq0zNwFH5UkAX9rUT1L&tp=1&oh=e8430ca858bd4fc83282248332b8c2fa&oe=5FEC85E0"
    },
    {
      "text": "Warranty Policy",
      "src": "https://scontent-lax3-2.cdninstagram.com/v/t51.2885-15/s150x150/50676078_555493491635762_274813022658446218_n.jpg?_nc_ht=scontent-lax3-2.cdninstagram.com&_nc_ohc=v5YLeHOHx2kAX_-mi4Z&tp=1&oh=298de7bc4337068e3832051046d8f051&oe=5FED9F13"
    }
  ],
  "posts": [
    {
      "src": "https://scontent-lax3-1.cdninstagram.com/v/t51.2885-15/sh0.08/e35/c0.82.656.656a/s640x640/127799433_1044997905981413_5397575767599990223_n.jpg?_nc_ht=scontent-lax3-1.cdninstagram.com&_nc_cat=105&_nc_ohc=B_r52aiIYG4AX8whvPf&tp=1&oh=db796d1c1ee1f9fd7acf6f64baf3658a&oe=5FC598DC"
    },
    {
      "src": "https://scontent-lax3-1.cdninstagram.com/v/t51.2885-15/sh0.08/e35/c0.64.1440.1440a/s640x640/127699802_808055703321615_7470394413463131946_n.jpg?_nc_ht=scontent-lax3-1.cdninstagram.com&_nc_cat=103&_nc_ohc=MX1oxD0VGYgAX-ZYjbk&tp=1&oh=8a3a3204b07cdd6e4cf293f0831ec1fb&oe=5FEC88D0"
    },
    {
      "src": "https://scontent-lax3-1.cdninstagram.com/v/t51.2885-15/sh0.08/e35/s640x640/128360920_713060399341025_8971898270461876106_n.jpg?_nc_ht=scontent-lax3-1.cdninstagram.com&_nc_cat=105&_nc_ohc=k0LTtQRZ8D0AX_4B6Vl&tp=1&oh=4af0ec9985034e87803a16d89b36dfc3&oe=5FEBFFA8"
    },
    {
      "src": "https://scontent-lax3-2.cdninstagram.com/v/t51.2885-15/sh0.08/e35/c0.180.1440.1440a/s640x640/128235085_309937556748299_5172441023277923070_n.jpg?_nc_ht=scontent-lax3-2.cdninstagram.com&_nc_cat=111&_nc_ohc=lfZQwTTcXtsAX_N_4xn&tp=1&oh=11eafd4f31de886ccd66b1dc0f11d284&oe=5FEECB75"
    },
    {
      "src": "https://scontent-lax3-1.cdninstagram.com/v/t51.2885-15/sh0.08/e35/c0.82.656.656a/s640x640/127805609_1062322760949434_8361162100178727896_n.jpg?_nc_ht=scontent-lax3-1.cdninstagram.com&_nc_cat=102&_nc_ohc=dmBceks6LB0AX8pTOuQ&tp=1&oh=3d0ddd53b5e1fd2fd12e161aab8a4e56&oe=5FC5BF90"
    },
    {
      "src": "https://scontent-lax3-1.cdninstagram.com/v/t51.2885-15/sh0.08/e35/s640x640/127615307_778496936041728_212231318373576097_n.jpg?_nc_ht=scontent-lax3-1.cdninstagram.com&_nc_cat=100&_nc_ohc=hymlYGlqPEkAX---7Om&tp=1&oh=1cf2595dbbca08101b0e9b4f44289ee8&oe=5FEB9585"
    },
    {
      "src": "https://scontent-lax3-1.cdninstagram.com/v/t51.2885-15/sh0.08/e35/s640x640/127305661_396159108491385_1697455656199462385_n.jpg?_nc_ht=scontent-lax3-1.cdninstagram.com&_nc_cat=109&_nc_ohc=GKkOadDVK-UAX_Yipp0&tp=1&oh=fee925c1c5ce2e9b83974c80ff9716a5&oe=5FEBD43C"
    },
    {
      "src": "https://scontent-lax3-1.cdninstagram.com/v/t51.2885-15/sh0.08/e35/s640x640/126327892_778509029369461_2785373827786163330_n.jpg?_nc_ht=scontent-lax3-1.cdninstagram.com&_nc_cat=101&_nc_ohc=m5lzBU7iiO0AX8R6DOO&tp=1&oh=473ac82f2f04504b6d167d624512692d&oe=5FED5DFE"
    },
    {
      "src": "https://scontent-lax3-1.cdninstagram.com/v/t51.2885-15/sh0.08/e35/s640x640/127468747_381164439634582_2540319073362669643_n.jpg?_nc_ht=scontent-lax3-1.cdninstagram.com&_nc_cat=110&_nc_ohc=p3ZU1tmRM0IAX_D35wq&tp=1&oh=bea95f5754b924fd81343dc83c7157aa&oe=5FC60348"
    },
    {
      "src": "https://scontent-lax3-1.cdninstagram.com/v/t51.2885-15/sh0.08/e35/c0.180.1440.1440a/s640x640/127803602_311065046656001_2325862558546691467_n.jpg?_nc_ht=scontent-lax3-1.cdninstagram.com&_nc_cat=105&_nc_ohc=hf4i_sKA9dMAX8ztVcS&tp=1&oh=db1c8a75474b4c93b3c6fb017c4e6aad&oe=5FEDB40D"
    },
    {
      "src": "https://scontent-lax3-2.cdninstagram.com/v/t51.2885-15/sh0.08/e35/c0.180.1440.1440a/s640x640/127928878_385316412783162_6414614273038965882_n.jpg?_nc_ht=scontent-lax3-2.cdninstagram.com&_nc_cat=106&_nc_ohc=xov2f-hFRIoAX8zun7s&tp=1&oh=da96133753bbc5aa90241731df5f3983&oe=5FED5B3F"
    },
    {
      "src": "https://scontent-lax3-1.cdninstagram.com/v/t51.2885-15/sh0.08/e35/c0.180.1440.1440a/s640x640/127243226_867469797355466_149734228728012875_n.jpg?_nc_ht=scontent-lax3-1.cdninstagram.com&_nc_cat=102&_nc_ohc=U73cSTXVxxUAX8nCxCs&tp=1&oh=29f0936d6016a0c6c6c369a7554afce3&oe=5FEDE900"
    },
    {
      "src": "https://scontent-lax3-1.cdninstagram.com/v/t51.2885-15/sh0.08/e35/c0.82.656.656a/s640x640/127317178_2827444344179607_702375088171959612_n.jpg?_nc_ht=scontent-lax3-1.cdninstagram.com&_nc_cat=103&_nc_ohc=uhPiVO0hNlQAX9uCDXX&tp=1&oh=b574437d5581253d63864bf02dcc8656&oe=5FC5CD1B"
    },
    {
      "src": "https://scontent-lax3-1.cdninstagram.com/v/t51.2885-15/sh0.08/e35/c0.180.1440.1440a/s640x640/127298913_616371065815899_9177349979948592654_n.jpg?_nc_ht=scontent-lax3-1.cdninstagram.com&_nc_cat=103&_nc_ohc=qLEgrhykp1sAX_MK2_V&tp=1&oh=3fdbaa2bfadc59c379b0aa751e3b1cd6&oe=5FEE43F3"
    },
    {
      "src": "https://scontent-lax3-1.cdninstagram.com/v/t51.2885-15/sh0.08/e35/s640x640/127958556_2978549295581368_4951490319589745828_n.jpg?_nc_ht=scontent-lax3-1.cdninstagram.com&_nc_cat=104&_nc_ohc=zvpmW5eRuEYAX9labd2&tp=1&oh=55bd65b9d4a8b232d610dca82718b441&oe=5FC58053"
    },
    {
      "src": "https://scontent-lax3-1.cdninstagram.com/v/t51.2885-15/sh0.08/e35/c0.90.720.720a/s640x640/127283742_2806131169669077_5357621377586761140_n.jpg?_nc_ht=scontent-lax3-1.cdninstagram.com&_nc_cat=109&_nc_ohc=MEHXjHRR0sIAX9l9byH&tp=1&oh=d469c48152d8397bb0ac1a0493e629a0&oe=5FC5BB33"
    },
    {
      "src": "https://scontent-lax3-1.cdninstagram.com/v/t51.2885-15/sh0.08/e35/c0.82.656.656a/s640x640/127247290_196396935404685_6428329245813017759_n.jpg?_nc_ht=scontent-lax3-1.cdninstagram.com&_nc_cat=109&_nc_ohc=GBcIlZwuSS0AX9tIY5q&tp=1&oh=b8a6798e2ac6eb9837069b744dc30b49&oe=5FC5FF83"
    },
    {
      "src": "https://scontent-lax3-1.cdninstagram.com/v/t51.2885-15/sh0.08/e35/c0.82.656.656a/s640x640/127380643_116077226988208_9119023394637124326_n.jpg?_nc_ht=scontent-lax3-1.cdninstagram.com&_nc_cat=104&_nc_ohc=c1OdGBCpV58AX-ZI3Ev&tp=1&oh=2fd8d9f8edb067b67c71ecb9ad6bec00&oe=5FC5E46B"
    },
    {
      "src": "https://scontent-lax3-1.cdninstagram.com/v/t51.2885-15/sh0.08/e35/c0.180.1440.1440a/s640x640/127430127_461990794783762_7892548544321211874_n.jpg?_nc_ht=scontent-lax3-1.cdninstagram.com&_nc_cat=110&_nc_ohc=obbEGibAF2YAX8-7K9S&tp=1&oh=c6d960a41b02c2f4a625ce440bd7a8b3&oe=5FECA054"
    },
    {
      "src": "https://scontent-lax3-1.cdninstagram.com/v/t51.2885-15/sh0.08/e35/c0.89.720.720a/s640x640/127430877_122910396134129_8034420662493725376_n.jpg?_nc_ht=scontent-lax3-1.cdninstagram.com&_nc_cat=105&_nc_ohc=PBu0tlSq0gAAX-tJ4U5&tp=1&oh=a61d92436b30b3c475eb535f19dfc678&oe=5FC57B2F"
    },
    {
      "src": "https://scontent-lax3-1.cdninstagram.com/v/t51.2885-15/sh0.08/e35/c0.180.1440.1440a/s640x640/127799433_671552360209368_7893140783453538860_n.jpg?_nc_ht=scontent-lax3-1.cdninstagram.com&_nc_cat=100&_nc_ohc=o7aC3VFGnqoAX_hODWJ&tp=1&oh=dab3aefe6617c42c557afbf05be84a29&oe=5FECBC82"
    },
    {
      "src": "https://scontent-lax3-1.cdninstagram.com/v/t51.2885-15/sh0.08/e35/c0.180.1440.1440a/s640x640/127474616_196691101950778_6230386166602062304_n.jpg?_nc_ht=scontent-lax3-1.cdninstagram.com&_nc_cat=110&_nc_ohc=Rrf5bFKtziwAX9zTPmf&tp=1&oh=2702fe18d2dfc07dba34341262a9303a&oe=5FEB4625"
    },
    {
      "src": "https://scontent-lax3-1.cdninstagram.com/v/t51.2885-15/sh0.08/e35/c180.0.1080.1080a/s640x640/127463554_997486627402245_2328200371586419150_n.jpg?_nc_ht=scontent-lax3-1.cdninstagram.com&_nc_cat=109&_nc_ohc=WvNRPgM0yeUAX8RGgSi&tp=1&oh=b568241a7182683588bc61241c3a83d5&oe=5FEE3E41"
    },
    {
      "src": "https://scontent-lax3-1.cdninstagram.com/v/t51.2885-15/sh0.08/e35/c0.82.656.656a/s640x640/127316687_730834170879694_6490285304500414267_n.jpg?_nc_ht=scontent-lax3-1.cdninstagram.com&_nc_cat=110&_nc_ohc=Gg1vQrOvBDUAX-Ma5CC&tp=1&oh=ec37364c4ec5b5e3e60880a9affc2c35&oe=5FC59A92"
    }
  ]
}