{
  "user_name": "osdevicesofficial",
  "profile_photo": "https://scontent-lax3-2.cdninstagram.com/v/t51.2885-19/s150x150/84347672_483116315709853_1264920241503207424_n.jpg?_nc_ht=scontent-lax3-2.cdninstagram.com&_nc_ohc=BHLZn0NvhsEAX9tEF97&tp=1&oh=2f4f4c69a7669db8c5452d603f4e4b40&oe=5FED7839",
  "name": "OSDEVICES STORES LTD",
  "webiste": "",
  "bio": "•PHONES | LAPTOPS | ACCESSORIES<br>•Call 09021242525 07040727009<br>•Whatsapp : 08057096694<br>•Brand influencer : <a class=\"notranslate\" href=\"/adedimejilateef/\" tabindex=\"0\">@adedimejilateef</a>",
  "category": "",
  "posts_count": "3,774",
  "followers_count": "25.4k",
  "following_count": "2,715",
  "story_highlights": [],
  "posts": [
    {
      "src": "https://scontent-lax3-1.cdninstagram.com/v/t51.2885-15/sh0.08/e35/s640x640/127994650_140738947438954_1064348503341097409_n.jpg?_nc_ht=scontent-lax3-1.cdninstagram.com&_nc_cat=110&_nc_ohc=YW73DqlYMVUAX8IUvPj&tp=1&oh=8b20f94a00da8a78aa7160d57873d2e8&oe=5FEEB6AD"
    },
    {
      "src": "https://scontent-lax3-2.cdninstagram.com/v/t51.2885-15/sh0.08/e35/c0.483.1242.1242a/s640x640/127972181_1006660123070791_4654004211874211358_n.jpg?_nc_ht=scontent-lax3-2.cdninstagram.com&_nc_cat=107&_nc_ohc=5ILvKhrb_XMAX_U9-WV&tp=1&oh=a421fe794e7ed5f06ba68a83b003712c&oe=5FC5B489"
    },
    {
      "src": "https://scontent-lax3-1.cdninstagram.com/v/t51.2885-15/sh0.08/e35/s640x640/128761138_3565307270249449_3745756302423315000_n.jpg?_nc_ht=scontent-lax3-1.cdninstagram.com&_nc_cat=101&_nc_ohc=qJMYDvEtXTcAX9OqQni&tp=1&oh=685f8fb85b3f4c27cebff65c1a2734a8&oe=5FEC99D1"
    },
    {
      "src": "https://scontent-lax3-1.cdninstagram.com/v/t51.2885-15/sh0.08/e35/c0.483.1242.1242a/s640x640/128169917_376039887039514_2490353226815391104_n.jpg?_nc_ht=scontent-lax3-1.cdninstagram.com&_nc_cat=110&_nc_ohc=B51jySzTwZYAX9_oZjc&tp=1&oh=bccd40f3a38450ec3694a3bd150e6d22&oe=5FC5EA6B"
    },
    {
      "src": "https://scontent-lax3-1.cdninstagram.com/v/t51.2885-15/sh0.08/e35/c105.0.869.869a/s640x640/127633677_4313985175320285_3818450592301759936_n.jpg?_nc_ht=scontent-lax3-1.cdninstagram.com&_nc_cat=109&_nc_ohc=Kd_rJagFhocAX-C-NlB&tp=1&oh=7797b37dc259dce8f95e14168739e8ba&oe=5FEE6376"
    },
    {
      "src": "https://scontent-lax3-2.cdninstagram.com/v/t51.2885-15/sh0.08/e35/c0.483.1242.1242a/s640x640/127688865_375803206985699_7267005346289626868_n.jpg?_nc_ht=scontent-lax3-2.cdninstagram.com&_nc_cat=111&_nc_ohc=wa4hO7dvJZUAX9aafjn&tp=1&oh=b695800b0d7bffe08d557d71d6487eaa&oe=5FC5FB5B"
    },
    {
      "src": "https://scontent-lax3-1.cdninstagram.com/v/t51.2885-15/sh0.08/e35/c0.483.1242.1242a/s640x640/128024341_2697910663795917_2528902565053290475_n.jpg?_nc_ht=scontent-lax3-1.cdninstagram.com&_nc_cat=109&_nc_ohc=CL8T5OEJ6wsAX-tZtqS&tp=1&oh=9f1e3bfeca11cd65561761228b3e8b43&oe=5FC5C638"
    },
    {
      "src": "https://scontent-lax3-1.cdninstagram.com/v/t51.2885-15/sh0.08/e35/c0.483.1242.1242a/s640x640/128363139_662685634416412_5251961852765217480_n.jpg?_nc_ht=scontent-lax3-1.cdninstagram.com&_nc_cat=104&_nc_ohc=OeBLYy1oWwQAX8-U12M&tp=1&oh=c694e807c5bc726419921d304ef8d4f1&oe=5FC607DD"
    },
    {
      "src": "https://scontent-lax3-1.cdninstagram.com/v/t51.2885-15/sh0.08/e35/c0.483.1242.1242a/s640x640/127599632_468843104080916_5341243989271843749_n.jpg?_nc_ht=scontent-lax3-1.cdninstagram.com&_nc_cat=108&_nc_ohc=UwpEf-O9LygAX9VCsEH&tp=1&oh=825bbf437fb6f602135238f73ee36fb5&oe=5FC5ED5D"
    },
    {
      "src": "https://scontent-lax3-1.cdninstagram.com/v/t51.2885-15/sh0.08/e35/s640x640/127432872_213576813472263_1506058828699498221_n.jpg?_nc_ht=scontent-lax3-1.cdninstagram.com&_nc_cat=103&_nc_ohc=g6kjyy0I--0AX-vPaiF&tp=1&oh=74ed3ff8f64ac02c758a3056a5962150&oe=5FEBFA46"
    },
    {
      "src": "https://scontent-lax3-1.cdninstagram.com/v/t51.2885-15/sh0.08/e35/c0.483.1242.1242a/s640x640/127744264_397189351716732_1561046167564640080_n.jpg?_nc_ht=scontent-lax3-1.cdninstagram.com&_nc_cat=100&_nc_ohc=98fIF3TlLvkAX_N68Nr&tp=1&oh=663c3a62baf3c7f3f64c1d15566b04f8&oe=5FC5FFEB"
    },
    {
      "src": "https://scontent-lax3-1.cdninstagram.com/v/t51.2885-15/sh0.08/e35/c0.483.1242.1242a/s640x640/127820660_1258097954572286_3956043491925959811_n.jpg?_nc_ht=scontent-lax3-1.cdninstagram.com&_nc_cat=102&_nc_ohc=LdKwiYnt-WoAX_XIcgB&tp=1&oh=2ca3f75f3b6d8483e4863a01e57ccf0a&oe=5FC5BF90"
    },
    {
      "src": "https://scontent-lax3-1.cdninstagram.com/v/t51.2885-15/sh0.08/e35/c0.483.1242.1242a/s640x640/127634627_893214721450648_1804042829835836213_n.jpg?_nc_ht=scontent-lax3-1.cdninstagram.com&_nc_cat=104&_nc_ohc=beWRdgscuBYAX8TVoM6&tp=1&oh=8682f52bee5a44a3e477eb7c2a8a2c1f&oe=5FC5C917"
    },
    {
      "src": "https://scontent-lax3-2.cdninstagram.com/v/t51.2885-15/sh0.08/e35/s640x640/127474616_2871990616368091_27588154661256885_n.jpg?_nc_ht=scontent-lax3-2.cdninstagram.com&_nc_cat=107&_nc_ohc=xzMJsJHDt-YAX_Cc8HO&tp=1&oh=5d10953d9ad078cde683c5f42543efa7&oe=5FEC95B2"
    },
    {
      "src": "https://scontent-lax3-1.cdninstagram.com/v/t51.2885-15/sh0.08/e35/c0.483.1242.1242a/s640x640/128359425_1010780836054401_3445554568014434277_n.jpg?_nc_ht=scontent-lax3-1.cdninstagram.com&_nc_cat=109&_nc_ohc=OAVJ1uPn_l8AX8Uz9Yp&tp=1&oh=d1f92adede13a1c6b48ce0cefedd6125&oe=5FC58B38"
    },
    {
      "src": "https://scontent-lax3-1.cdninstagram.com/v/t51.2885-15/sh0.08/e35/c0.483.1242.1242a/s640x640/128183800_3495883903824014_4756166695614626960_n.jpg?_nc_ht=scontent-lax3-1.cdninstagram.com&_nc_cat=102&_nc_ohc=tGi9OkphncEAX8OkHVs&tp=1&oh=6932e8cd250c2179edc42aa33fdd7a61&oe=5FC5E755"
    },
    {
      "src": "https://scontent-lax3-1.cdninstagram.com/v/t51.2885-15/sh0.08/e35/c0.483.1242.1242a/s640x640/127436025_1260542347654024_1085490225031804563_n.jpg?_nc_ht=scontent-lax3-1.cdninstagram.com&_nc_cat=104&_nc_ohc=jv5gEiDqf88AX_PgBpi&tp=1&oh=720a2ae9ffd9309389053c8896e296fb&oe=5FC6026D"
    },
    {
      "src": "https://scontent-lax3-1.cdninstagram.com/v/t51.2885-15/sh0.08/e35/c0.483.1242.1242a/s640x640/127213779_382752189726346_7884607855368303926_n.jpg?_nc_ht=scontent-lax3-1.cdninstagram.com&_nc_cat=110&_nc_ohc=u-4RTSgLlQAAX8snqB_&tp=1&oh=d2878629395baf02d8f0b50b11608e75&oe=5FC5F7B7"
    },
    {
      "src": "https://scontent-lax3-1.cdninstagram.com/v/t51.2885-15/sh0.08/e35/c0.483.1242.1242a/s640x640/126055273_709654736596032_7950294435813004773_n.jpg?_nc_ht=scontent-lax3-1.cdninstagram.com&_nc_cat=100&_nc_ohc=AYeMUPuv5BcAX-LNlDk&tp=1&oh=754d3acf636385ebae8c5e404b1bf616&oe=5FC5724E"
    },
    {
      "src": "https://scontent-lax3-1.cdninstagram.com/v/t51.2885-15/sh0.08/e35/c0.483.1242.1242a/s640x640/127235736_1194267774304234_4301919005709585061_n.jpg?_nc_ht=scontent-lax3-1.cdninstagram.com&_nc_cat=110&_nc_ohc=qqVWa5CY2PoAX84kSuO&tp=1&oh=2b63a3190a5f7c0dccc83bbfdb35c329&oe=5FC57CB7"
    },
    {
      "src": "https://scontent-lax3-1.cdninstagram.com/v/t51.2885-15/sh0.08/e35/c0.483.1242.1242a/s640x640/127630648_727639628183325_2758437259297213237_n.jpg?_nc_ht=scontent-lax3-1.cdninstagram.com&_nc_cat=109&_nc_ohc=1vaHnDQMwdIAX8zqgvk&tp=1&oh=7ff480699662ce5ea4359f3c0402417b&oe=5FC5B2DC"
    },
    {
      "src": "https://scontent-lax3-2.cdninstagram.com/v/t51.2885-15/e35/127033095_414895616542290_6306405123009844192_n.jpg?_nc_ht=scontent-lax3-2.cdninstagram.com&_nc_cat=106&_nc_ohc=TKQ4kQJPDLgAX-u7wn2&tp=1&oh=5823ca9b239dab720996f7f92b12e50b&oe=5FC59DCE"
    },
    {
      "src": "https://scontent-lax3-1.cdninstagram.com/v/t51.2885-15/sh0.08/e35/s640x640/128024341_229587888586179_646519925113999728_n.jpg?_nc_ht=scontent-lax3-1.cdninstagram.com&_nc_cat=103&_nc_ohc=26ccK9fljuUAX9CSITK&tp=1&oh=66077a17c93cc0baa8ec3d49a23fc798&oe=5FEB2C6E"
    },
    {
      "src": "https://scontent-lax3-1.cdninstagram.com/v/t51.2885-15/sh0.08/e35/c0.483.1242.1242a/s640x640/127454146_2520344778264408_6053067151498449545_n.jpg?_nc_ht=scontent-lax3-1.cdninstagram.com&_nc_cat=100&_nc_ohc=dksNABCJTzUAX-DXIea&tp=1&oh=6965303a6fb2b900f9ff59eb8d1cf8fd&oe=5FC5A51D"
    }
  ]
}