{
  "user_name": "phoinahaircollection",
  "profile_photo": "https://scontent-lax3-2.cdninstagram.com/v/t51.2885-19/s150x150/72733959_815586328844260_4342158068776173568_n.jpg?_nc_ht=scontent-lax3-2.cdninstagram.com&_nc_ohc=mx1rJrYyXe0AX8jTwaW&tp=1&oh=8546d0509f8eda8ffdd70bbc30985e2f&oe=5FEECE6A",
  "name": "Phoina Luxurious Hair",
  "webiste": "https://l.instagram.com/?u=https%3A%2F%2Fwa.me%2F254711934358&e=ATOVZc8q_Ij5dvxOAAY2_B4YHIZqmjkSv2MzgmlWz3cpUUKsjuWLrhdbNC1ZG66cws7CPGiiFwfmWkrCXzmqWA&s=1",
  "bio": "Award winning hairstylist <br>Luxury hair 0711934358<br>Ngong rd Bemuda plaza suite a6",
  "category": "",
  "posts_count": "2,544",
  "followers_count": "249k",
  "following_count": "1,717",
  "story_highlights": [
    {
      "text": "Classes",
      "src": "https://scontent-lax3-1.cdninstagram.com/v/t51.12442-15/e15/c0.280.720.720a/s150x150/104210157_603025843954568_2561057293703402224_n.jpg?_nc_ht=scontent-lax3-1.cdninstagram.com&_nc_cat=108&_nc_ohc=kGekSVJFpz0AX9aQ4F3&tp=1&oh=5a84cd53e97aae2fdf948b276f588b1f&oe=5FC5B992"
    },
    {
      "text": "hapa kazi 2",
      "src": "https://scontent-lax3-1.cdninstagram.com/v/t51.12442-15/e15/c0.279.721.721a/s150x150/94895014_912676402529468_1919679200159714974_n.jpg?_nc_ht=scontent-lax3-1.cdninstagram.com&_nc_cat=108&_nc_ohc=Z1JGUXyDgXgAX8lmwYL&tp=1&oh=cb31c4c66be050bbd48593c0c4001663&oe=5FC5FCE7"
    },
    {
      "text": "Slayage",
      "src": "https://scontent-lax3-2.cdninstagram.com/v/t51.12442-15/e35/c0.437.1125.1125a/s150x150/66230601_152054669239134_5228203343611439602_n.jpg?_nc_ht=scontent-lax3-2.cdninstagram.com&_nc_cat=106&_nc_ohc=6cLvARMoiKYAX8EFWN4&tp=1&oh=415d2d0b1fdc837a7ca0e96b4b214e83&oe=5FC583D7"
    },
    {
      "text": "Phoina beauty",
      "src": "https://scontent-lax3-1.cdninstagram.com/v/t51.2885-15/e15/c0.280.720.720a/s150x150/118817979_1979500162349606_6487742336174295333_n.jpg?_nc_ht=scontent-lax3-1.cdninstagram.com&_nc_cat=102&_nc_ohc=sQSfXK_MGWAAX9YJiw0&tp=1&oh=c57db2378bcac8bf07e7573b9e0f629a&oe=5FC60E6E"
    },
    {
      "text": "Foodie 3",
      "src": "https://scontent-lax3-1.cdninstagram.com/v/t51.12442-15/e35/c0.507.1080.1080a/s150x150/100946653_1128636904159677_352065302741606088_n.jpg?_nc_ht=scontent-lax3-1.cdninstagram.com&_nc_cat=109&_nc_ohc=63GYBUfnvXMAX_6eaKH&tp=1&oh=8d38926a85a804f60fea977c857edb61&oe=5FC5F15E"
    },
    {
      "text": "Destination wed",
      "src": "https://scontent-lax3-1.cdninstagram.com/v/t51.12442-15/e35/c0.291.750.750a/s150x150/66472248_491512561420988_5835049482641582353_n.jpg?_nc_ht=scontent-lax3-1.cdninstagram.com&_nc_cat=108&_nc_ohc=fYPe_lwCNjgAX_81s8_&tp=1&oh=b24d3929db09ca3022d6b76aa1509cec&oe=5FC5B082"
    },
    {
      "text": "Weddings",
      "src": "https://scontent-lax3-1.cdninstagram.com/v/t51.12442-15/e35/c0.398.1024.1024a/s150x150/73143545_433566787555584_1750856342087664915_n.jpg?_nc_ht=scontent-lax3-1.cdninstagram.com&_nc_cat=100&_nc_ohc=rHWySCmI0VUAX_OgfSp&tp=1&oh=14f636230b6d6efc8e95449c447477f5&oe=5FC5BB5D"
    },
    {
      "text": "Toasttogether",
      "src": "https://scontent-lax3-1.cdninstagram.com/v/t51.2885-15/e35/c0.437.1125.1125a/s150x150/122405531_347385559928722_4985774208210268883_n.jpg?_nc_ht=scontent-lax3-1.cdninstagram.com&_nc_cat=110&_nc_ohc=bWKLxf-KVKAAX8WnmS-&tp=1&oh=3406cb6eb556ce9016af3fa3ed79266a&oe=5FC5EB53"
    },
    {
      "text": "Foodie 2",
      "src": "https://scontent-lax3-1.cdninstagram.com/v/t51.12442-15/e35/c0.437.1125.1125a/s150x150/83203400_113638570069918_230462251956233677_n.jpg?_nc_ht=scontent-lax3-1.cdninstagram.com&_nc_cat=110&_nc_ohc=HyMbUTpwHsIAX8c-K1L&tp=1&oh=5dc0ca981d34b00c7a8575354c90a286&oe=5FC5B480"
    },
    {
      "text": "Glowww",
      "src": "https://scontent-lax3-2.cdninstagram.com/v/t51.2885-15/e35/c0.437.1125.1125a/s150x150/120637148_334241390992475_6996974846181649112_n.jpg?_nc_ht=scontent-lax3-2.cdninstagram.com&_nc_cat=111&_nc_ohc=bXlK1PB2HowAX_DnwJF&tp=1&oh=1249ba537f37a026a9e6dc8135fa7caa&oe=5FC5D893"
    },
    {
      "text": "Lituation",
      "src": "https://scontent-lax3-1.cdninstagram.com/v/t51.12442-15/e15/c0.280.720.720a/s150x150/91985255_222177825526924_8676371510152332892_n.jpg?_nc_ht=scontent-lax3-1.cdninstagram.com&_nc_cat=104&_nc_ohc=kaQCzgyrib4AX9FDdRQ&tp=1&oh=09b7a6340de10e181fedfdc6a943cf3d&oe=5FC5956D"
    },
    {
      "text": "Phoina nail bar",
      "src": "https://scontent-lax3-1.cdninstagram.com/v/t51.12442-15/e35/c0.437.1125.1125a/s150x150/81833938_499701357612421_6161431684041704697_n.jpg?_nc_ht=scontent-lax3-1.cdninstagram.com&_nc_cat=101&_nc_ohc=UO3K93ECiRUAX9ROPUT&tp=1&oh=8290c4e922d679c9be360ef955c4844d&oe=5FC5F0B0"
    },
    {
      "text": "Nails classes",
      "src": "https://scontent-lax3-1.cdninstagram.com/v/t51.2885-15/e15/c0.280.720.720a/s150x150/116696723_1775576342595673_458845072494655112_n.jpg?_nc_ht=scontent-lax3-1.cdninstagram.com&_nc_cat=101&_nc_ohc=Or2sc0FuH1YAX_GycXD&tp=1&oh=97de4d9129d22d591d87ebbf91aef1f4&oe=5FC5BD29"
    }
  ],
  "posts": [
    {
      "src": "https://scontent-lax3-2.cdninstagram.com/v/t51.2885-15/sh0.08/e35/c0.1.1127.1127a/s640x640/128219712_198440518599366_7098220253041849037_n.jpg?_nc_ht=scontent-lax3-2.cdninstagram.com&_nc_cat=106&_nc_ohc=NhWZ5achNmkAX_KP4q7&tp=1&oh=0e06e2aab4139fd13bf855a8342dfe63&oe=5FEB0A86"
    },
    {
      "src": "https://scontent-lax3-2.cdninstagram.com/v/t51.2885-15/sh0.08/e35/c0.150.1200.1200a/s640x640/127695319_737198697145402_377745309994324774_n.jpg?_nc_ht=scontent-lax3-2.cdninstagram.com&_nc_cat=1&_nc_ohc=axTBYtrn7BIAX-omUIg&tp=1&oh=3a74704cd32fed681cadfd3fcefa168f&oe=5FECA86C"
    },
    {
      "src": "https://scontent-lax3-2.cdninstagram.com/v/t51.2885-15/sh0.08/e35/c0.180.1440.1440a/s640x640/128549622_415024449537907_675772413982931355_n.jpg?_nc_ht=scontent-lax3-2.cdninstagram.com&_nc_cat=1&_nc_ohc=U_VbLhuJRX8AX-s-RhA&tp=1&oh=6024e891692c653d824e50604ffe8377&oe=5FECA85F"
    },
    {
      "src": "https://scontent-lax3-1.cdninstagram.com/v/t51.2885-15/sh0.08/e35/c0.89.720.720a/s640x640/127631418_2760325524206150_4457681132175797904_n.jpg?_nc_ht=scontent-lax3-1.cdninstagram.com&_nc_cat=102&_nc_ohc=aGulPqM-sssAX_jSV0_&tp=1&oh=ad730155c5669d9aecd544e910bb0178&oe=5FC58A96"
    },
    {
      "src": "https://scontent-lax3-1.cdninstagram.com/v/t51.2885-15/sh0.08/e35/c0.115.1440.1440a/s640x640/127791632_138311354392594_4288673841567094424_n.jpg?_nc_ht=scontent-lax3-1.cdninstagram.com&_nc_cat=110&_nc_ohc=kjDuxBBazq0AX_1sbFb&tp=1&oh=26628c43721d72b78fa333c24e92a4b6&oe=5FEB9319"
    },
    {
      "src": "https://scontent-lax3-1.cdninstagram.com/v/t51.2885-15/sh0.08/e35/c0.131.1319.1319a/s640x640/127352476_203257801270923_5712344993550194031_n.jpg?_nc_ht=scontent-lax3-1.cdninstagram.com&_nc_cat=103&_nc_ohc=e0RG41GIfiYAX-OqJQr&tp=1&oh=73c7d07bed1ebe6dc8c00891cc735010&oe=5FED2402"
    },
    {
      "src": "https://scontent-lax3-1.cdninstagram.com/v/t51.2885-15/sh0.08/e35/c0.89.720.720a/s640x640/127324721_809343722944669_8357391606593441051_n.jpg?_nc_ht=scontent-lax3-1.cdninstagram.com&_nc_cat=101&_nc_ohc=Qis3BK4nbTEAX9Fq8ZB&tp=1&oh=41e2f5dbc6295ce812647c088df2f8d2&oe=5FC57F61"
    },
    {
      "src": "https://scontent-lax3-2.cdninstagram.com/v/t51.2885-15/sh0.08/e35/c0.180.1440.1440a/s640x640/127351084_415076469536075_7327027112059914962_n.jpg?_nc_ht=scontent-lax3-2.cdninstagram.com&_nc_cat=111&_nc_ohc=EHWFhOQbuAYAX-jEt8f&tp=1&oh=9e6d1cff1b1bca876344b9cae5c74c37&oe=5FEC6514"
    },
    {
      "src": "https://scontent-lax3-1.cdninstagram.com/v/t51.2885-15/sh0.08/e35/c0.180.1440.1440a/s640x640/127317180_376322610110889_5904465545314234955_n.jpg?_nc_ht=scontent-lax3-1.cdninstagram.com&_nc_cat=109&_nc_ohc=tZCFraXpbjEAX-2vMi-&tp=1&oh=57ff5d5273aafe8ec4780c16bcc49fc6&oe=5FEBF214"
    },
    {
      "src": "https://scontent-lax3-1.cdninstagram.com/v/t51.2885-15/sh0.08/e35/c0.280.720.720a/s640x640/127430877_736673843911984_8365466402979437447_n.jpg?_nc_ht=scontent-lax3-1.cdninstagram.com&_nc_cat=104&_nc_ohc=qKQw1RAgJxMAX89EqrT&tp=1&oh=17d452d10ae8e0f116add209b9d78a7b&oe=5FC58D5E"
    },
    {
      "src": "https://scontent-lax3-2.cdninstagram.com/v/t51.2885-15/sh0.08/e35/c0.146.1440.1440a/s640x640/127368636_421867348976239_7043043296621405159_n.jpg?_nc_ht=scontent-lax3-2.cdninstagram.com&_nc_cat=107&_nc_ohc=9I7HlZYWMnQAX9t1fHX&tp=1&oh=72815237c0cdc9daedbeb351196d0f8e&oe=5FEE6988"
    },
    {
      "src": "https://scontent-lax3-1.cdninstagram.com/v/t51.2885-15/sh0.08/e35/c0.180.1440.1440a/s640x640/126940076_384101729577844_3616778546235688184_n.jpg?_nc_ht=scontent-lax3-1.cdninstagram.com&_nc_cat=104&_nc_ohc=tiuhJPJEREIAX_VDCYS&tp=1&oh=a4b19dfc7d97c39c2785cbaf214466b1&oe=5FEB2303"
    },
    {
      "src": "https://scontent-lax3-2.cdninstagram.com/v/t51.2885-15/sh0.08/e35/c0.89.720.720a/s640x640/127010887_439872563672034_1769124225637704274_n.jpg?_nc_ht=scontent-lax3-2.cdninstagram.com&_nc_cat=106&_nc_ohc=Q_ULTnO2sg8AX98MnAY&tp=1&oh=6920dad1f5196507e0f92328760746a5&oe=5FC59A21"
    },
    {
      "src": "https://scontent-lax3-2.cdninstagram.com/v/t51.2885-15/sh0.08/e35/c0.180.1440.1440a/s640x640/127321074_2844834579083250_6296361759639567416_n.jpg?_nc_ht=scontent-lax3-2.cdninstagram.com&_nc_cat=106&_nc_ohc=VJ7qbmU1yE4AX_zZUKG&tp=1&oh=b693715080499a218701a27e57c78ece&oe=5FED2B4A"
    },
    {
      "src": "https://scontent-lax3-1.cdninstagram.com/v/t51.2885-15/sh0.08/e35/c0.99.1022.1022a/s640x640/127242235_427159618444660_2971542981803889916_n.jpg?_nc_ht=scontent-lax3-1.cdninstagram.com&_nc_cat=104&_nc_ohc=DLy6YjmRDxYAX9fFe_6&tp=1&oh=f549449d92022b747790b862663ef43d&oe=5FECAAAE"
    },
    {
      "src": "https://scontent-lax3-2.cdninstagram.com/v/t51.2885-15/sh0.08/e35/c0.89.720.720a/s640x640/127274362_212323407080383_8159965495699560020_n.jpg?_nc_ht=scontent-lax3-2.cdninstagram.com&_nc_cat=107&_nc_ohc=BaKFFYm7nasAX-VuyAz&tp=1&oh=82db365029bd414125f8c5fb4cad2270&oe=5FC5AC89"
    },
    {
      "src": "https://scontent-lax3-1.cdninstagram.com/v/t51.2885-15/sh0.08/e35/c0.180.1440.1440a/s640x640/127235749_120145866575509_4091060292572940930_n.jpg?_nc_ht=scontent-lax3-1.cdninstagram.com&_nc_cat=101&_nc_ohc=rMJXbaEsHcYAX9KI1Sr&tp=1&oh=6da24f56bd1d8e33206bc2b3c5b81f33&oe=5FEE54DD"
    },
    {
      "src": "https://scontent-lax3-1.cdninstagram.com/v/t51.2885-15/sh0.08/e35/c0.130.1440.1440a/s640x640/126281498_2685806058338313_7931343836013091876_n.jpg?_nc_ht=scontent-lax3-1.cdninstagram.com&_nc_cat=109&_nc_ohc=o1kiwJLlWV0AX-tDRhB&tp=1&oh=cf709a173a590e619d0dc62f2affe4ea&oe=5FEB241B"
    },
    {
      "src": "https://scontent-lax3-2.cdninstagram.com/v/t51.2885-15/sh0.08/e35/c0.40.1440.1440a/s640x640/126860487_152886893216831_5205079210012890801_n.jpg?_nc_ht=scontent-lax3-2.cdninstagram.com&_nc_cat=111&_nc_ohc=M8DUV1YL0CYAX_ccYUt&tp=1&oh=8c381934e8e49c5506ab2678e756d8a3&oe=5FED6862"
    },
    {
      "src": "https://scontent-lax3-1.cdninstagram.com/v/t51.2885-15/sh0.08/e35/c0.89.720.720a/s640x640/126808027_870066483803817_3253418826394859227_n.jpg?_nc_ht=scontent-lax3-1.cdninstagram.com&_nc_cat=109&_nc_ohc=sAyfln9VBHMAX-XxPeW&tp=1&oh=83b9a402508a7ad2cbcf117ff447dc86&oe=5FC5BEBE"
    },
    {
      "src": "https://scontent-lax3-1.cdninstagram.com/v/t51.2885-15/sh0.08/e35/c0.90.720.720a/s640x640/126793056_825952171520440_8865016146554180055_n.jpg?_nc_ht=scontent-lax3-1.cdninstagram.com&_nc_cat=104&_nc_ohc=0ijUs7sVkc8AX-3G45C&tp=1&oh=8b6290bb4d436ccb298aaadd73c36f29&oe=5FC58BCC"
    },
    {
      "src": "https://scontent-lax3-1.cdninstagram.com/v/t51.2885-15/sh0.08/e35/s640x640/126437523_1504880269722435_6630476178338732318_n.jpg?_nc_ht=scontent-lax3-1.cdninstagram.com&_nc_cat=103&_nc_ohc=NCmD55Uae_8AX_Dgv8F&tp=1&oh=92d423d59536297b13392c91df60ca91&oe=5FEEE936"
    },
    {
      "src": "https://scontent-lax3-2.cdninstagram.com/v/t51.2885-15/sh0.08/e35/c0.89.720.720a/s640x640/126449959_1666010470247183_1116586836985239677_n.jpg?_nc_ht=scontent-lax3-2.cdninstagram.com&_nc_cat=111&_nc_ohc=xF8vacllHSsAX82BYEb&tp=1&oh=701f19c2d9dc1a800a4c139f4945bab2&oe=5FC60574"
    },
    {
      "src": "https://scontent-lax3-1.cdninstagram.com/v/t51.2885-15/sh0.08/e35/c0.180.1440.1440a/s640x640/126563940_659603638060658_8908198076534212271_n.jpg?_nc_ht=scontent-lax3-1.cdninstagram.com&_nc_cat=102&_nc_ohc=PmbGqit9UAwAX_MAcW1&tp=1&oh=3844b7fa85606964b35f8d7be698abb2&oe=5FEB9EAF"
    }
  ]
}