{
  "user_name": "phonehubb",
  "profile_photo": "https://scontent-lax3-2.cdninstagram.com/v/t51.2885-19/s150x150/83259765_625411508275319_7943554645450817536_n.jpg?_nc_ht=scontent-lax3-2.cdninstagram.com&_nc_ohc=zHvOQJQtLpgAX-S1q5R&tp=1&oh=305dc7fa29591ac14ea6c9749be77f88&oe=5FEC2FBD",
  "name": "Phonehubb - The Device World 🌍",
  "webiste": "https://l.instagram.com/?u=http%3A%2F%2Fwww.phonehubb.com%2F&e=ATNCFyTjTIyiMH53BhcZvOhq0PQ1UxVWfN3w5Rar5oW3Fc2GB6w7JYNRp6KHQu6dEI39__WAAp3oFLayXnTMLA&s=1",
  "bio": "• Online-Hubb® of New&amp;Premium Used Devices,Accessories<br>• 08087342747,‭08186393781, ‬08156253752(9:30am-5pm)‬<br>Abuja 09010030191<br>• Nationwide Delivery🌎",
  "category": "",
  "posts_count": "3,285",
  "followers_count": "105k",
  "following_count": "2,889",
  "story_highlights": [
    {
      "text": "REVIEW",
      "src": "https://scontent-lax3-1.cdninstagram.com/v/t51.12442-15/e35/c67.390.574.574a/s150x150/49787501_825007474512014_8184369261661319300_n.jpg?_nc_ht=scontent-lax3-1.cdninstagram.com&_nc_cat=102&_nc_ohc=6g7Wn1JMFZcAX8uBAq7&tp=1&oh=9692cf5f8e30ada2e283b593c9849a07&oe=5FC57101"
    },
    {
      "text": "Brand New Price",
      "src": "https://scontent-lax3-1.cdninstagram.com/v/t51.12442-15/e35/c47.387.690.690a/s150x150/51778007_708574366210508_806101080722695179_n.jpg?_nc_ht=scontent-lax3-1.cdninstagram.com&_nc_cat=108&_nc_ohc=IfNP9DnUP4AAX8LgocQ&tp=1&oh=8d95d1915c61e42a1be2cbc7dd9883b1&oe=5FC59F3C"
    },
    {
      "text": "Used Price",
      "src": "https://scontent-lax3-1.cdninstagram.com/v/t51.12442-15/e35/c22.394.690.690a/s150x150/50768123_237903527092107_8413300740537143656_n.jpg?_nc_ht=scontent-lax3-1.cdninstagram.com&_nc_cat=103&_nc_ohc=DFBiwaXlpjsAX8suKI8&tp=1&oh=169ed955e11721c2a1fbea3141b837d1&oe=5FC5E0DC"
    },
    {
      "text": "JBL Sound",
      "src": "https://scontent-lax3-1.cdninstagram.com/v/t51.12442-15/e35/c0.437.1125.1125a/s150x150/89338769_2626453000971725_8510452849993729531_n.jpg?_nc_ht=scontent-lax3-1.cdninstagram.com&_nc_cat=105&_nc_ohc=7IUAeB9QOC8AX-vkTbc&tp=1&oh=5ebb4f8500f70ac973df2ef8a8e8cf24&oe=5FC60E45"
    },
    {
      "text": "Events🕴🏻",
      "src": "https://scontent-lax3-1.cdninstagram.com/v/t51.12442-15/e35/c40.326.674.674a/s150x150/50520140_304208647118248_7828899229078728495_n.jpg?_nc_ht=scontent-lax3-1.cdninstagram.com&_nc_cat=104&_nc_ohc=zYS9N3YOBdgAX8xPcFT&tp=1&oh=fb0c41951b0649f9c35c3242d8d81707&oe=5FC59370"
    },
    {
      "text": "ABUJA",
      "src": "https://scontent-lax3-1.cdninstagram.com/v/t51.12442-15/e35/c0.437.1125.1125a/s150x150/67108975_2360781524041743_430312052554322842_n.jpg?_nc_ht=scontent-lax3-1.cdninstagram.com&_nc_cat=103&_nc_ohc=SuRIa58-9k8AX_lVNGn&tp=1&oh=170acd3f88a7d36c763fe7423fac9927&oe=5FC5C752"
    },
    {
      "text": "GAMES",
      "src": "https://scontent-lax3-1.cdninstagram.com/v/t51.12442-15/e35/c109.391.556.556a/s150x150/51367733_1873283799461260_7325332750121875073_n.jpg?_nc_ht=scontent-lax3-1.cdninstagram.com&_nc_cat=104&_nc_ohc=YWuSZU9CqhMAX9i82RK&tp=1&oh=03b84fea5f64f6a62b81ca903650b5b7&oe=5FC5E7F3"
    },
    {
      "text": "Speakers",
      "src": "https://scontent-lax3-1.cdninstagram.com/v/t51.12442-15/e35/c0.292.750.750a/s150x150/80769038_2459430214316848_6682067066076725632_n.jpg?_nc_ht=scontent-lax3-1.cdninstagram.com&_nc_cat=104&_nc_ohc=9qEwI0j_kGcAX_QLlis&tp=1&oh=ac2d494a3f3de8f95d7c1d78b034dc2d&oe=5FC584BB"
    },
    {
      "text": "Power Bank",
      "src": "https://scontent-lax3-1.cdninstagram.com/v/t51.12442-15/e35/c30.307.690.690a/s150x150/50922791_2217590818568309_2502332743623508273_n.jpg?_nc_ht=scontent-lax3-1.cdninstagram.com&_nc_cat=105&_nc_ohc=u_DKqRwT4zEAX_3Lrfc&tp=1&oh=04b9f4f6d4299f784c77822a5241112b&oe=5FC59B06"
    },
    {
      "text": "💨 DEALS",
      "src": "https://scontent-lax3-1.cdninstagram.com/v/t51.12442-15/e35/c18.357.690.690a/s150x150/50648189_486205268576568_1018418229697168537_n.jpg?_nc_ht=scontent-lax3-1.cdninstagram.com&_nc_cat=100&_nc_ohc=_sblZzQmm4MAX8BfGBU&tp=1&oh=6b3a7cd5d1897ea2dab9aa20f5eb8e0b&oe=5FC5C5A5"
    },
    {
      "text": "Earphones",
      "src": "https://scontent-lax3-1.cdninstagram.com/v/t51.12442-15/e35/c28.303.690.690a/s150x150/51558910_168344967479380_3252246360891488875_n.jpg?_nc_ht=scontent-lax3-1.cdninstagram.com&_nc_cat=104&_nc_ohc=mwqdJyre8VkAX80iQ-v&tp=1&oh=176f4d1c8f61d6d0738182a31a160590&oe=5FC5AC82"
    },
    {
      "text": "Laptops",
      "src": "https://scontent-lax3-1.cdninstagram.com/v/t51.12442-15/e35/c0.291.750.750a/s150x150/50664031_2316616515281524_4714521527410482224_n.jpg?_nc_ht=scontent-lax3-1.cdninstagram.com&_nc_cat=104&_nc_ohc=w8tiN0I64TAAX_K-iSU&tp=1&oh=53f6e28217d87e4925137ed8be3fd0ab&oe=5FC5F8F8"
    },
    {
      "text": "Accessories",
      "src": "https://scontent-lax3-1.cdninstagram.com/v/t51.12442-15/e35/c0.291.750.750a/s150x150/51691679_116705079449138_1174160076371679029_n.jpg?_nc_ht=scontent-lax3-1.cdninstagram.com&_nc_cat=102&_nc_ohc=veb3dldsSy8AX_mOBik&tp=1&oh=846527eff363a5e8ff8da0bad9111ef4&oe=5FC5A026"
    }
  ],
  "posts": [
    {
      "src": "https://scontent-lax3-1.cdninstagram.com/v/t51.2885-15/sh0.08/e35/c0.180.1440.1440a/s640x640/127629209_740021189932981_7187207651683346096_n.jpg?_nc_ht=scontent-lax3-1.cdninstagram.com&_nc_cat=101&_nc_ohc=_KLwNZOzRpwAX-QdPs4&tp=1&oh=52c545a880d929e53ec6804870af7446&oe=5FEB1032"
    },
    {
      "src": "https://scontent-lax3-1.cdninstagram.com/v/t51.2885-15/sh0.08/e35/s640x640/128199547_232347464904555_173311048827111352_n.jpg?_nc_ht=scontent-lax3-1.cdninstagram.com&_nc_cat=103&_nc_ohc=PdkPU6SzngkAX_13i5e&tp=1&oh=f61fcc646181b6ab054d6359383e7299&oe=5FED1EC3"
    },
    {
      "src": "https://scontent-lax3-1.cdninstagram.com/v/t51.2885-15/sh0.08/e35/c0.180.1440.1440a/s640x640/127717069_824811798064263_7759638472249237583_n.jpg?_nc_ht=scontent-lax3-1.cdninstagram.com&_nc_cat=103&_nc_ohc=zgncU9QNyN0AX-ciWjh&tp=1&oh=ef1b07f56642113ff878df6a029217f4&oe=5FEBCA3F"
    },
    {
      "src": "https://scontent-lax3-1.cdninstagram.com/v/t51.2885-15/sh0.08/e35/c0.120.960.960a/s640x640/127564588_679330522767957_6176784348263321331_n.jpg?_nc_ht=scontent-lax3-1.cdninstagram.com&_nc_cat=109&_nc_ohc=7vjCUbcRzgIAX8bSqa6&tp=1&oh=d5ae18382a7cba1e786eda566b9211bd&oe=5FEDD41D"
    },
    {
      "src": "https://scontent-lax3-2.cdninstagram.com/v/t51.2885-15/sh0.08/e35/s640x640/127655252_844413779800326_5213628803364750855_n.jpg?_nc_ht=scontent-lax3-2.cdninstagram.com&_nc_cat=106&_nc_ohc=6dFxgOxPekQAX8ayktm&tp=1&oh=7f3e97428086c4f31edd65e643ee0592&oe=5FEC0E93"
    },
    {
      "src": "https://scontent-lax3-1.cdninstagram.com/v/t51.2885-15/sh0.08/e35/c23.0.1034.1034a/s640x640/128157282_378665476681912_6277236395097296756_n.jpg?_nc_ht=scontent-lax3-1.cdninstagram.com&_nc_cat=104&_nc_ohc=0wPFaTalFaUAX_A_1kr&tp=1&oh=7c6b88112f75cd49d97c82918d1302f1&oe=5FED27A2"
    },
    {
      "src": "https://scontent-lax3-1.cdninstagram.com/v/t51.2885-15/sh0.08/e35/s640x640/127844270_1454081668130464_294870297201790369_n.jpg?_nc_ht=scontent-lax3-1.cdninstagram.com&_nc_cat=104&_nc_ohc=gr6N2emXDOYAX9tyUZU&tp=1&oh=eb7e14b0eb2675a19f1c324c28fc4dda&oe=5FEBFD9B"
    },
    {
      "src": "https://scontent-lax3-1.cdninstagram.com/v/t51.2885-15/sh0.08/e35/c0.126.1012.1012a/s640x640/127816496_2850363168544189_4681391211050109577_n.jpg?_nc_ht=scontent-lax3-1.cdninstagram.com&_nc_cat=101&_nc_ohc=xMPByTJrwTsAX9MWwwW&tp=1&oh=11e11411db4c558995b79be7b195772b&oe=5FECCFAE"
    },
    {
      "src": "https://scontent-lax3-2.cdninstagram.com/v/t51.2885-15/e35/c156.0.407.407a/128332393_101977388388899_4010318322271781283_n.jpg?_nc_ht=scontent-lax3-2.cdninstagram.com&_nc_cat=111&_nc_ohc=1bNZgxnQ8uoAX-cEHlC&tp=1&oh=28b470f1a0b8b3da1076bae02a60dee8&oe=5FC57581"
    },
    {
      "src": "https://scontent-lax3-2.cdninstagram.com/v/t51.2885-15/e35/c0.60.480.480a/128451478_689007108667674_4967304326034291741_n.jpg?_nc_ht=scontent-lax3-2.cdninstagram.com&_nc_cat=106&_nc_ohc=ndkfYPrCHIkAX9Fi9Sb&tp=1&oh=e9ff017b420eee1c4f6d0e871958fb75&oe=5FC60078"
    },
    {
      "src": "https://scontent-lax3-2.cdninstagram.com/v/t51.2885-15/sh0.08/e35/s640x640/127463554_404584737252979_3222459028899823570_n.jpg?_nc_ht=scontent-lax3-2.cdninstagram.com&_nc_cat=107&_nc_ohc=wGwHZhoM_tAAX8he1OO&tp=1&oh=4eb040b267053d2940c77048bb73c2bf&oe=5FEE40DE"
    },
    {
      "src": "https://scontent-lax3-1.cdninstagram.com/v/t51.2885-15/sh0.08/e35/s640x640/127924295_139938297522244_1212348919253314556_n.jpg?_nc_ht=scontent-lax3-1.cdninstagram.com&_nc_cat=104&_nc_ohc=tR1WPxxzmCAAX8LmJFW&tp=1&oh=55a74d01d6948e5607a4a28ddbd1e830&oe=5FEBCB2C"
    },
    {
      "src": "https://scontent-lax3-1.cdninstagram.com/v/t51.2885-15/sh0.08/e35/s640x640/127893789_1267186390334278_6268781710845817722_n.jpg?_nc_ht=scontent-lax3-1.cdninstagram.com&_nc_cat=110&_nc_ohc=Uky2VEVCkx8AX96Tk7Q&tp=1&oh=b652efbab51e0ba7946cfbc4d738eb81&oe=5FEEBDED"
    },
    {
      "src": "https://scontent-lax3-1.cdninstagram.com/v/t51.2885-15/sh0.08/e35/c0.126.1012.1012a/s640x640/127335086_694579797865856_3909415695752548998_n.jpg?_nc_ht=scontent-lax3-1.cdninstagram.com&_nc_cat=108&_nc_ohc=XSaci5I_BvoAX8_u57f&tp=1&oh=f18c033d01ebf5e34bb997e4aac4c051&oe=5FED74E8"
    },
    {
      "src": "https://scontent-lax3-1.cdninstagram.com/v/t51.2885-15/sh0.08/e35/c0.126.1012.1012a/s640x640/128359425_700656530864390_4986307078274193072_n.jpg?_nc_ht=scontent-lax3-1.cdninstagram.com&_nc_cat=102&_nc_ohc=K6ahzAHlkZ0AX_PPyy8&tp=1&oh=71aaa5fedac4acbb10ef1057d4a46448&oe=5FEE8D73"
    },
    {
      "src": "https://scontent-lax3-1.cdninstagram.com/v/t51.2885-15/sh0.08/e35/c25.0.1029.1029a/s640x640/128121398_884459948964884_7000445887251115023_n.jpg?_nc_ht=scontent-lax3-1.cdninstagram.com&_nc_cat=108&_nc_ohc=W12TLMj7QbsAX_tgkeD&tp=1&oh=62b8fbdc35a060c44a417f042c338e55&oe=5FEB897F"
    },
    {
      "src": "https://scontent-lax3-1.cdninstagram.com/v/t51.2885-15/sh0.08/e35/c0.126.1012.1012a/s640x640/128124731_423636828639493_779964537333957015_n.jpg?_nc_ht=scontent-lax3-1.cdninstagram.com&_nc_cat=101&_nc_ohc=DN7HyKXRWy0AX-PlQF4&tp=1&oh=d2ef625e48aa200d67e58f32d0424751&oe=5FED8D51"
    },
    {
      "src": "https://scontent-lax3-1.cdninstagram.com/v/t51.2885-15/sh0.08/e35/c0.120.960.960a/s640x640/127638965_2902305853324676_3926514183197948622_n.jpg?_nc_ht=scontent-lax3-1.cdninstagram.com&_nc_cat=108&_nc_ohc=T9XwedE4qQYAX9eMUin&tp=1&oh=6817cc099534c84ec2acf2ec15f27118&oe=5FED5CDA"
    },
    {
      "src": "https://scontent-lax3-1.cdninstagram.com/v/t51.2885-15/sh0.08/e35/c0.126.1012.1012a/s640x640/127629982_203369267986097_8928204978223461779_n.jpg?_nc_ht=scontent-lax3-1.cdninstagram.com&_nc_cat=105&_nc_ohc=Mu25nS0n3HcAX8EhUW_&tp=1&oh=bc892166233a779cdc7778a61838f392&oe=5FED8FB9"
    },
    {
      "src": "https://scontent-lax3-1.cdninstagram.com/v/t51.2885-15/sh0.08/e35/c0.126.1012.1012a/s640x640/127967218_1006654439834666_7635797887980712384_n.jpg?_nc_ht=scontent-lax3-1.cdninstagram.com&_nc_cat=102&_nc_ohc=Dsrvz9FZyMYAX_4Yddr&tp=1&oh=7a011f1436680d430c3ce80cb324b851&oe=5FEDEEA4"
    },
    {
      "src": "https://scontent-lax3-1.cdninstagram.com/v/t51.2885-15/e35/c157.0.405.405a/127437519_849487135862545_2692495779556047091_n.jpg?_nc_ht=scontent-lax3-1.cdninstagram.com&_nc_cat=101&_nc_ohc=ipTVk8XiC68AX8SS4BE&tp=1&oh=beb63b4952f6e5de9c20a303c1d4b830&oe=5FC60DB4"
    },
    {
      "src": "https://scontent-lax3-1.cdninstagram.com/v/t51.2885-15/sh0.08/e35/c135.0.810.810a/s640x640/127410472_3314016438725269_8897376986058797047_n.jpg?_nc_ht=scontent-lax3-1.cdninstagram.com&_nc_cat=101&_nc_ohc=iNo7DtAAesIAX-fyrOv&tp=1&oh=d753fd5e04199424a00aaf0811ad4ccd&oe=5FED3D95"
    },
    {
      "src": "https://scontent-lax3-1.cdninstagram.com/v/t51.2885-15/e35/c228.0.574.574a/127335086_377455640000655_7407680570123301374_n.jpg?_nc_ht=scontent-lax3-1.cdninstagram.com&_nc_cat=103&_nc_ohc=_dC1gWRILWIAX9USiGX&tp=1&oh=8441ed049671a776b99f1bd8fa71878a&oe=5FED1141"
    },
    {
      "src": "https://scontent-lax3-1.cdninstagram.com/v/t51.2885-15/sh0.08/e35/s640x640/127856619_814253675807109_1638357277216720848_n.jpg?_nc_ht=scontent-lax3-1.cdninstagram.com&_nc_cat=109&_nc_ohc=drqQM_tJboAAX9_BQ3u&tp=1&oh=cfbac93c3d45a8791c75748cdc9a0037&oe=5FEEDD5A"
    }
  ]
}