{
  "user_name": "phoneworldnigeria",
  "profile_photo": "https://scontent-lax3-2.cdninstagram.com/v/t51.2885-19/s150x150/124709164_174371114318743_7904753460705817339_n.jpg?_nc_ht=scontent-lax3-2.cdninstagram.com&_nc_ohc=9PLoTwXFJsoAX-dQLqB&tp=1&oh=01f45cda22979e9e8f0a0730886a6575&oe=5FECFCD3",
  "name": "PHONEWORLD NIGERIA",
  "webiste": "",
  "bio": "SWAP,BUY &amp;SELL phones,gadgets Shop A25 1st floor @ Nomzi integrated New Banex plaza opp.Zennith bank ABUJA call 08166930847  Or 08122714259‬ orWhatsap",
  "category": "",
  "posts_count": "964",
  "followers_count": "22.2k",
  "following_count": "859",
  "story_highlights": [
    {
      "text": "Customer review",
      "src": "https://scontent-lax3-1.cdninstagram.com/v/t51.12442-15/e35/c0.437.1125.1125a/s150x150/81461119_113576856845688_4043078104904774644_n.jpg?_nc_ht=scontent-lax3-1.cdninstagram.com&_nc_cat=100&_nc_ohc=25knmUONf4UAX-zR-3b&tp=1&oh=8d6a7ee5a918860a1720083eacf944cf&oe=5FC5FF05"
    },
    {
      "text": "Account number",
      "src": "https://scontent-lax3-1.cdninstagram.com/v/t51.2885-15/e35/c0.483.1242.1242a/s150x150/118589802_173631000919756_2539852806936089676_n.jpg?_nc_ht=scontent-lax3-1.cdninstagram.com&_nc_cat=104&_nc_ohc=-dUUuBLnX7gAX8QphfE&tp=1&oh=e76aa972c64aa03fd929065dc157b940&oe=5FC59B4F"
    },
    {
      "text": "Scammmers",
      "src": "https://scontent-lax3-2.cdninstagram.com/v/t51.2885-15/e35/c0.483.1242.1242a/s150x150/117626353_304342737466723_2941223441630715095_n.jpg?_nc_ht=scontent-lax3-2.cdninstagram.com&_nc_cat=107&_nc_ohc=1KB2MP-rgMsAX-fXWDG&tp=1&oh=7446fb5b66f40533858dc24599ecc60f&oe=5FC59708"
    },
    {
      "text": "Weybill",
      "src": "https://scontent-lax3-1.cdninstagram.com/v/t51.12442-15/e15/c0.242.624.624a/s150x150/95745211_1159659957709813_1290976530086738070_n.jpg?_nc_ht=scontent-lax3-1.cdninstagram.com&_nc_cat=101&_nc_ohc=50DgGiWuUFQAX82IHPV&tp=1&oh=b218e2de8e2c4661464a975f07802624&oe=5FC5DA45"
    },
    {
      "text": "Price list",
      "src": "https://scontent-lax3-1.cdninstagram.com/v/t51.2885-15/e35/c0.483.1242.1242a/s150x150/110211228_2729996993989192_237823331777781112_n.jpg?_nc_ht=scontent-lax3-1.cdninstagram.com&_nc_cat=104&_nc_ohc=3YLjT5FfHDkAX_Qoydl&tp=1&oh=a2d9b7cacc99ce22ac1eb3d1b11d54d1&oe=5FC5BDEB"
    },
    {
      "text": "Beware o scamme",
      "src": "https://scontent-lax3-1.cdninstagram.com/v/t51.12442-15/e35/c0.483.1242.1242a/s150x150/103198993_1994248124042520_8771575120645155826_n.jpg?_nc_ht=scontent-lax3-1.cdninstagram.com&_nc_cat=100&_nc_ohc=cnxn1akaijUAX_pWPFb&tp=1&oh=7134e9647d7b8a55cf867e3c2bb8d613&oe=5FC5B94D"
    },
    {
      "text": "Shop address",
      "src": "https://scontent-lax3-1.cdninstagram.com/v/t51.12442-15/e35/c0.483.1242.1242a/s150x150/95328588_160993465355485_1410873855426498005_n.jpg?_nc_ht=scontent-lax3-1.cdninstagram.com&_nc_cat=101&_nc_ohc=5VBCAexjthsAX8dunc_&tp=1&oh=d30294081f54be664fffd6d11e7ca4c0&oe=5FC5E293"
    },
    {
      "text": "Important annou",
      "src": "https://scontent-lax3-1.cdninstagram.com/v/t51.12442-15/e35/c0.437.1125.1125a/s150x150/84505049_604455940407838_6779646253672463942_n.jpg?_nc_ht=scontent-lax3-1.cdninstagram.com&_nc_cat=110&_nc_ohc=cG8zl7wWL60AX-1auEy&tp=1&oh=9ee88dbd8c429440402869fe6099a49b&oe=5FC5A211"
    }
  ],
  "posts": [
    {
      "src": "https://scontent-lax3-1.cdninstagram.com/v/t51.2885-15/sh0.08/e35/c0.82.656.656a/s640x640/127458107_671221876896084_6682723810642033795_n.jpg?_nc_ht=scontent-lax3-1.cdninstagram.com&_nc_cat=100&_nc_ohc=cBBhO7UDvrYAX85nQB8&tp=1&oh=74968197e43012167166804877c7f6f9&oe=5FC5CBE7"
    },
    {
      "src": "https://scontent-lax3-1.cdninstagram.com/v/t51.2885-15/sh0.08/e35/c0.82.656.656a/s640x640/127686064_3677323475669236_3592531107491666768_n.jpg?_nc_ht=scontent-lax3-1.cdninstagram.com&_nc_cat=104&_nc_ohc=hw1Q2XOy0rwAX-E5n0c&tp=1&oh=7652cf840819f264d0fd85a846b91830&oe=5FC5E1F8"
    },
    {
      "src": "https://scontent-lax3-1.cdninstagram.com/v/t51.2885-15/sh0.08/e35/s640x640/128103931_749801405745964_8100594661488552052_n.jpg?_nc_ht=scontent-lax3-1.cdninstagram.com&_nc_cat=104&_nc_ohc=klOlKIdHec4AX-obFQP&tp=1&oh=fc1ad50d171038ffa91dae4dd8458d3e&oe=5FC5F3C8"
    },
    {
      "src": "https://scontent-lax3-2.cdninstagram.com/v/t51.2885-15/sh0.08/e35/s640x640/127621376_415782536271594_8913194153165301365_n.jpg?_nc_ht=scontent-lax3-2.cdninstagram.com&_nc_cat=106&_nc_ohc=0mkvU-ECfj4AX8FENnR&tp=1&oh=f0b7303e1ee1fc135d80de8088877919&oe=5FC5AE51"
    },
    {
      "src": "https://scontent-lax3-1.cdninstagram.com/v/t51.2885-15/sh0.08/e35/c0.82.656.656a/s640x640/127335087_141554577714579_6355384914144482255_n.jpg?_nc_ht=scontent-lax3-1.cdninstagram.com&_nc_cat=103&_nc_ohc=vY--3PNolDQAX-qf_cO&tp=1&oh=2819fb59a79a073d8fccf9a23ffa09d8&oe=5FC5F2E0"
    },
    {
      "src": "https://scontent-lax3-1.cdninstagram.com/v/t51.2885-15/sh0.08/e35/c0.179.1440.1440a/s640x640/127635515_182569476880378_5317837654295167226_n.jpg?_nc_ht=scontent-lax3-1.cdninstagram.com&_nc_cat=110&_nc_ohc=7Z3wTvi2OJ4AX9Gpaqe&tp=1&oh=c7c8369eb04680d8fb77d9e876161f52&oe=5FEDC918"
    },
    {
      "src": "https://scontent-lax3-1.cdninstagram.com/v/t51.2885-15/sh0.08/e35/c0.82.656.656a/s640x640/127634630_2820966244826565_5495362877909228961_n.jpg?_nc_ht=scontent-lax3-1.cdninstagram.com&_nc_cat=109&_nc_ohc=c9iotgJnlYUAX8WFx7S&tp=1&oh=c51b82a268289c21879dde85b65fa53a&oe=5FC5EB0A"
    },
    {
      "src": "https://scontent-lax3-1.cdninstagram.com/v/t51.2885-15/sh0.08/e35/s640x640/127077991_210899093820710_8219969279546263488_n.jpg?_nc_ht=scontent-lax3-1.cdninstagram.com&_nc_cat=102&_nc_ohc=UESXaryJh8oAX8PKPtM&tp=1&oh=fd7b2beac767fe32241b6db2e0f8f977&oe=5FC5AA11"
    },
    {
      "src": "https://scontent-lax3-2.cdninstagram.com/v/t51.2885-15/sh0.08/e35/c0.180.1440.1440a/s640x640/127023421_2529266484043303_416620091987384169_n.jpg?_nc_ht=scontent-lax3-2.cdninstagram.com&_nc_cat=107&_nc_ohc=ktsgx9muY7sAX_CjBt1&tp=1&oh=9f4d7d5645df7002260e055f82ea93eb&oe=5FECEC7B"
    },
    {
      "src": "https://scontent-lax3-1.cdninstagram.com/v/t51.2885-15/sh0.08/e35/s640x640/127087474_291864475489413_8141258201363071398_n.jpg?_nc_ht=scontent-lax3-1.cdninstagram.com&_nc_cat=109&_nc_ohc=iO635sXncVcAX9Uq9Ub&tp=1&oh=e4d727b58de6b6c614b0b2e64489baf8&oe=5FEBDCE3"
    },
    {
      "src": "https://scontent-lax3-1.cdninstagram.com/v/t51.2885-15/sh0.08/e35/c0.179.1440.1440a/s640x640/127466799_220903416070949_5388999003142141332_n.jpg?_nc_ht=scontent-lax3-1.cdninstagram.com&_nc_cat=105&_nc_ohc=V5YyOheRP9oAX_cXkC6&tp=1&oh=c321fcfd13854c98fba4f0384bbfdd88&oe=5FEE1016"
    },
    {
      "src": "https://scontent-lax3-1.cdninstagram.com/v/t51.2885-15/sh0.08/e35/s640x640/126899155_3613277305428988_2095768995353219558_n.jpg?_nc_ht=scontent-lax3-1.cdninstagram.com&_nc_cat=104&_nc_ohc=ve2jzJH-YBgAX8b4Ajm&tp=1&oh=c30654a0a883b98b44350c974cacbb6b&oe=5FEC2555"
    },
    {
      "src": "https://scontent-lax3-1.cdninstagram.com/v/t51.2885-15/sh0.08/e35/c0.82.656.656a/s640x640/125910474_136695841214796_5530711848207743863_n.jpg?_nc_ht=scontent-lax3-1.cdninstagram.com&_nc_cat=100&_nc_ohc=gdJuQvLNMysAX8Wi3Vn&tp=1&oh=1467214efb3b43ebf50a1d8cdb66790b&oe=5FC58539"
    },
    {
      "src": "https://scontent-lax3-1.cdninstagram.com/v/t51.2885-15/sh0.08/e35/c0.179.1440.1440a/s640x640/127043289_121732572920680_1588192421309781874_n.jpg?_nc_ht=scontent-lax3-1.cdninstagram.com&_nc_cat=104&_nc_ohc=bwjdLMosju8AX_5MsaL&tp=1&oh=fe506aa5200352f91f10f315c4dc9f10&oe=5FEB6A1A"
    },
    {
      "src": "https://scontent-lax3-2.cdninstagram.com/v/t51.2885-15/sh0.08/e35/s640x640/125856113_218451346341990_7321473763208241428_n.jpg?_nc_ht=scontent-lax3-2.cdninstagram.com&_nc_cat=106&_nc_ohc=D_ahOWix7BkAX9Xj82Z&tp=1&oh=06dccbc514d44b585782838aa6e1aab5&oe=5FC61031"
    },
    {
      "src": "https://scontent-lax3-1.cdninstagram.com/v/t51.2885-15/sh0.08/e35/s640x640/126720624_675551553146356_5609578016111669145_n.jpg?_nc_ht=scontent-lax3-1.cdninstagram.com&_nc_cat=104&_nc_ohc=Oz8-qxnLsI0AX9A28t_&tp=1&oh=fe0e659440c3976424ed5f9e0d625652&oe=5FC5E278"
    },
    {
      "src": "https://scontent-lax3-1.cdninstagram.com/v/t51.2885-15/sh0.08/e35/s640x640/126849866_652303635439162_1211242994215613579_n.jpg?_nc_ht=scontent-lax3-1.cdninstagram.com&_nc_cat=110&_nc_ohc=pqFUEFnWkp4AX93EHm7&tp=1&oh=0714ef105871f54220e1374081cebf42&oe=5FEE5069"
    },
    {
      "src": "https://scontent-lax3-1.cdninstagram.com/v/t51.2885-15/sh0.08/e35/s640x640/126849554_708439086766424_6358072721526527711_n.jpg?_nc_ht=scontent-lax3-1.cdninstagram.com&_nc_cat=108&_nc_ohc=iawVSXG3mD4AX-aUhDy&tp=1&oh=a1fe9cc36780759bb0e8dfb742186daf&oe=5FC5855E"
    },
    {
      "src": "https://scontent-lax3-1.cdninstagram.com/v/t51.2885-15/sh0.08/e35/s640x640/126901232_3577344039023348_3784978318975873947_n.jpg?_nc_ht=scontent-lax3-1.cdninstagram.com&_nc_cat=108&_nc_ohc=DKlLneMVKoEAX88k2Oq&tp=1&oh=51417bb9f20fc431bf83a09d14792501&oe=5FEE5E25"
    },
    {
      "src": "https://scontent-lax3-2.cdninstagram.com/v/t51.2885-15/sh0.08/e35/c0.179.1440.1440a/s640x640/127060574_288513342525198_406772578645169327_n.jpg?_nc_ht=scontent-lax3-2.cdninstagram.com&_nc_cat=106&_nc_ohc=mrAvG2BLVPcAX-RQFTQ&tp=1&oh=f90b197729f1f101da66d4c4509d9be4&oe=5FEB71B4"
    },
    {
      "src": "https://scontent-lax3-2.cdninstagram.com/v/t51.2885-15/sh0.08/e35/c0.82.656.656a/s640x640/126878307_389602142391143_6163609783157016846_n.jpg?_nc_ht=scontent-lax3-2.cdninstagram.com&_nc_cat=111&_nc_ohc=iPrcdgcye_kAX9xp-Jw&tp=1&oh=611787d7eb2b595a3400d4cbf90fc89c&oe=5FC5E223"
    },
    {
      "src": "https://scontent-lax3-2.cdninstagram.com/v/t51.2885-15/sh0.08/e35/c0.82.656.656a/s640x640/127001012_401438071105734_6536748855444567850_n.jpg?_nc_ht=scontent-lax3-2.cdninstagram.com&_nc_cat=106&_nc_ohc=gYz62qCrNUIAX8Qe7Hh&tp=1&oh=7432815d978334463f280955c249340d&oe=5FC60BF7"
    },
    {
      "src": "https://scontent-lax3-2.cdninstagram.com/v/t51.2885-15/sh0.08/e35/c0.81.654.654a/s640x640/126320996_367997204487426_3021625051626918604_n.jpg?_nc_ht=scontent-lax3-2.cdninstagram.com&_nc_cat=106&_nc_ohc=nN8EZTWcu2EAX91FLSK&tp=1&oh=cf182c96e5afc5eb17bdc01eb72a87fb&oe=5FC5F6A3"
    },
    {
      "src": "https://scontent-lax3-2.cdninstagram.com/v/t51.2885-15/sh0.08/e35/c0.82.656.656a/s640x640/126159193_774091020117739_1391606332958363556_n.jpg?_nc_ht=scontent-lax3-2.cdninstagram.com&_nc_cat=107&_nc_ohc=kL7IaTugXJkAX-Mcncu&tp=1&oh=f8d39ff9ed71255d1a575f456f347c1a&oe=5FC5D9AD"
    }
  ]
}