{
  "user_name": "phonesforallng",
  "profile_photo": "https://scontent-lax3-2.cdninstagram.com/v/t51.2885-19/s150x150/120534915_132632104862298_2395658908825725007_n.jpg?_nc_ht=scontent-lax3-2.cdninstagram.com&_nc_ohc=4W1F9RAsLREAX829bma&tp=1&oh=56993bee2e724b4946b4f234cea5ee5b&oe=5FEC8495",
  "name": "PHONES FOR ALL",
  "webiste": "",
  "bio": "Sales.<br>Swap.<br>Services.<br>☎ /WhatsApp 08082523938",
  "category": "",
  "posts_count": "2,049",
  "followers_count": "10k",
  "following_count": "",
  "story_highlights": [],
  "posts": [
    {
      "src": "https://scontent-lax3-2.cdninstagram.com/v/t51.2885-15/e15/c0.90.720.720a/s640x640/127915518_377970813504619_4604477961370499448_n.jpg?_nc_ht=scontent-lax3-2.cdninstagram.com&_nc_cat=107&_nc_ohc=0VfsV5Dd_bUAX_S8kFP&tp=1&oh=acb8932a0d9217da1ca2673829e5b202&oe=5FEB8D2E"
    },
    {
      "src": "https://scontent-lax3-1.cdninstagram.com/v/t51.2885-15/e15/c30.0.1020.1020a/s640x640/128259891_3828978203861102_1095098669247084749_n.jpg?_nc_ht=scontent-lax3-1.cdninstagram.com&_nc_cat=102&_nc_ohc=uSxsKtoaUGsAX_i98QK&tp=1&oh=d011b3fce6ddcd4d5c3e04c32d8ab706&oe=5FEDF500"
    },
    {
      "src": "https://scontent-lax3-1.cdninstagram.com/v/t51.2885-15/e15/s640x640/127817337_434200707582401_3333908070065716577_n.jpg?_nc_ht=scontent-lax3-1.cdninstagram.com&_nc_cat=105&_nc_ohc=LfPV7vWgKRcAX_dmRpB&tp=1&oh=41912aba0ef5ae852430a69636b2135d&oe=5FEDCB2C"
    },
    {
      "src": "https://scontent-lax3-1.cdninstagram.com/v/t51.2885-15/e15/c30.0.1020.1020a/s640x640/127936436_885871008817444_6447457960641305084_n.jpg?_nc_ht=scontent-lax3-1.cdninstagram.com&_nc_cat=104&_nc_ohc=-d3lwU8YlegAX8_eSlv&tp=1&oh=fc1682b07a7a7cb352e0a0509bbc4b84&oe=5FECBDD2"
    },
    {
      "src": "https://scontent-lax3-1.cdninstagram.com/v/t51.2885-15/e15/c30.0.1020.1020a/s640x640/127455456_2561748687457209_2276388934360853596_n.jpg?_nc_ht=scontent-lax3-1.cdninstagram.com&_nc_cat=109&_nc_ohc=ANwfxDmM718AX-yGx7R&tp=1&oh=edb76ff4262dd261e42ad9f51ac5b224&oe=5FEE7323"
    },
    {
      "src": "https://scontent-lax3-1.cdninstagram.com/v/t51.2885-15/e15/s640x640/127908300_189998149332437_5794441949490680586_n.jpg?_nc_ht=scontent-lax3-1.cdninstagram.com&_nc_cat=105&_nc_ohc=3uEjHoD9YbQAX-2icnb&tp=1&oh=ee4c15b2cb557fb583ce3a7cf9f17daa&oe=5FEE7EC7"
    },
    {
      "src": "https://scontent-lax3-1.cdninstagram.com/v/t51.2885-15/e15/c30.0.1020.1020a/s640x640/127825615_139136634634316_4896344251456927560_n.jpg?_nc_ht=scontent-lax3-1.cdninstagram.com&_nc_cat=108&_nc_ohc=N4H_y3hCUgIAX8fwben&tp=1&oh=24ee453336b356cb643a6e2324ccacd2&oe=5FEDB9FE"
    },
    {
      "src": "https://scontent-lax3-1.cdninstagram.com/v/t51.2885-15/e15/c0.90.720.720a/s640x640/127968396_2811980035749185_8295569149353644604_n.jpg?_nc_ht=scontent-lax3-1.cdninstagram.com&_nc_cat=105&_nc_ohc=6bo29UKIBgMAX9zMIG2&tp=1&oh=01dc99b36a336256bde864b5e0d51377&oe=5FEEC29F"
    },
    {
      "src": "https://scontent-lax3-1.cdninstagram.com/v/t51.2885-15/e15/c0.90.720.720a/s640x640/127306757_195964255433110_2957654587483774460_n.jpg?_nc_ht=scontent-lax3-1.cdninstagram.com&_nc_cat=110&_nc_ohc=-o9ElX0-BRMAX8pDtCt&tp=1&oh=9ec45e6f8068b6bc94f60942b5f2cdd3&oe=5FEC4B40"
    },
    {
      "src": "https://scontent-lax3-1.cdninstagram.com/v/t51.2885-15/e15/c30.0.1020.1020a/s640x640/127734168_3546029855420496_1994391509277302294_n.jpg?_nc_ht=scontent-lax3-1.cdninstagram.com&_nc_cat=100&_nc_ohc=glCpc_WVRZUAX8pJhFo&tp=1&oh=9eeafe37936883f28052270da01c1709&oe=5FEEE94B"
    },
    {
      "src": "https://scontent-lax3-2.cdninstagram.com/v/t51.2885-15/e15/c30.0.1020.1020a/s640x640/127831107_863984591033118_4748363992827143600_n.jpg?_nc_ht=scontent-lax3-2.cdninstagram.com&_nc_cat=106&_nc_ohc=_1muR4-ecSwAX9ktDTA&tp=1&oh=e94a56802f0b63b865c42370058f007d&oe=5FEE9FD8"
    },
    {
      "src": "https://scontent-lax3-1.cdninstagram.com/v/t51.2885-15/e15/c135.0.810.810a/s640x640/127864444_367307007891301_149937562178712190_n.jpg?_nc_ht=scontent-lax3-1.cdninstagram.com&_nc_cat=101&_nc_ohc=9FDPG6FKhI8AX-1J959&tp=1&oh=c0f98574b08c7a001e8bdf5ca378aeb0&oe=5FEC4AFA"
    },
    {
      "src": "https://scontent-lax3-1.cdninstagram.com/v/t51.2885-15/e15/c0.90.720.720a/s640x640/127225725_203587011380296_6341353691016180552_n.jpg?_nc_ht=scontent-lax3-1.cdninstagram.com&_nc_cat=104&_nc_ohc=gbw-0nDQdAkAX88ZSNf&tp=1&oh=6233ea1179fb473e5dadf8f55083a2f8&oe=5FEC3955"
    },
    {
      "src": "https://scontent-lax3-1.cdninstagram.com/v/t51.2885-15/e15/c0.90.720.720a/s640x640/128211586_326129322143969_1648188661118607393_n.jpg?_nc_ht=scontent-lax3-1.cdninstagram.com&_nc_cat=105&_nc_ohc=-aLcEVM63ecAX_fJAYq&tp=1&oh=36bbe08c1478406d2eb98fc877529535&oe=5FEBF226"
    },
    {
      "src": "https://scontent-lax3-1.cdninstagram.com/v/t51.2885-15/e15/c30.0.1020.1020a/s640x640/128271915_728784777728424_6121607793253103135_n.jpg?_nc_ht=scontent-lax3-1.cdninstagram.com&_nc_cat=100&_nc_ohc=JCuH7CQj5tEAX92ALWK&tp=1&oh=e0f85888e400468db1fa8f63adb2d0ea&oe=5FED101F"
    },
    {
      "src": "https://scontent-lax3-1.cdninstagram.com/v/t51.2885-15/sh0.08/e35/s640x640/127300413_1020190431780189_1895974175748492315_n.jpg?_nc_ht=scontent-lax3-1.cdninstagram.com&_nc_cat=109&_nc_ohc=NTpyyLyD6R8AX9Z_hm9&tp=1&oh=19eb9d70968569a40df5d0e603b707b0&oe=5FEEEA70"
    },
    {
      "src": "https://scontent-lax3-1.cdninstagram.com/v/t51.2885-15/e15/c0.90.720.720a/s640x640/128070471_709198559689861_5900613838027999419_n.jpg?_nc_ht=scontent-lax3-1.cdninstagram.com&_nc_cat=101&_nc_ohc=1mMCTsVC1owAX-eA40q&tp=1&oh=4b860b7b5261c09d6ba299e3331bd8d5&oe=5FEBBB88"
    },
    {
      "src": "https://scontent-lax3-1.cdninstagram.com/v/t51.2885-15/sh0.08/e35/c29.0.1021.1021a/s640x640/127185129_2371338929687632_7731623268876132439_n.jpg?_nc_ht=scontent-lax3-1.cdninstagram.com&_nc_cat=104&_nc_ohc=q5ddfzVHQA4AX-loPEP&tp=1&oh=e04b9312e133933fd9394f065e62f937&oe=5FEBEA34"
    },
    {
      "src": "https://scontent-lax3-1.cdninstagram.com/v/t51.2885-15/e15/s640x640/126218667_721337162098333_5489348474164843419_n.jpg?_nc_ht=scontent-lax3-1.cdninstagram.com&_nc_cat=101&_nc_ohc=usRXWoebIiwAX-Wdiyn&tp=1&oh=7e9ca1490e0d60e091289798509d9086&oe=5FEE192F"
    },
    {
      "src": "https://scontent-lax3-1.cdninstagram.com/v/t51.2885-15/e15/c0.90.720.720a/s640x640/127427252_210979583828869_110269729951010541_n.jpg?_nc_ht=scontent-lax3-1.cdninstagram.com&_nc_cat=101&_nc_ohc=w_lK6O542tcAX8zTx-6&tp=1&oh=78840833b6b440bb7f26de8bd64a7532&oe=5FED81CB"
    },
    {
      "src": "https://scontent-lax3-2.cdninstagram.com/v/t51.2885-15/sh0.08/e35/s640x640/127280292_2820970121508798_2641547317590295448_n.jpg?_nc_ht=scontent-lax3-2.cdninstagram.com&_nc_cat=106&_nc_ohc=-d3k5SJgY_oAX8ZFtoU&tp=1&oh=0b98f6ab9b323548cbe18c5e0defe3be&oe=5FEE35A9"
    },
    {
      "src": "https://scontent-lax3-2.cdninstagram.com/v/t51.2885-15/sh0.08/e35/c30.0.1020.1020a/s640x640/127831107_285162372931963_3521893431945143840_n.jpg?_nc_ht=scontent-lax3-2.cdninstagram.com&_nc_cat=107&_nc_ohc=JWU28kIL7qgAX8e1pUQ&tp=1&oh=027aa4bfc0a2a1b2009ff79bab7988c1&oe=5FEB0CCC"
    },
    {
      "src": "https://scontent-lax3-1.cdninstagram.com/v/t51.2885-15/e15/c30.0.1020.1020a/s640x640/127087472_697500717432764_144883871903927716_n.jpg?_nc_ht=scontent-lax3-1.cdninstagram.com&_nc_cat=108&_nc_ohc=7T_pUXgDSuwAX91gwX-&tp=1&oh=3334164b9439f859c7c67934de2ff936&oe=5FEE9D80"
    },
    {
      "src": "https://scontent-lax3-1.cdninstagram.com/v/t51.2885-15/e15/c30.0.1020.1020a/s640x640/127087474_669081560638721_3822285362180835550_n.jpg?_nc_ht=scontent-lax3-1.cdninstagram.com&_nc_cat=105&_nc_ohc=z_B9WCO9o40AX8R60QJ&tp=1&oh=e22974bbd26c432b539556749a550202&oe=5FED18C3"
    }
  ]
}