{
  "user_name": "phonesvendor",
  "profile_photo": "https://scontent-lax3-2.cdninstagram.com/v/t51.2885-19/s150x150/120044642_829681257828448_4379237412826066256_n.jpg?_nc_ht=scontent-lax3-2.cdninstagram.com&_nc_ohc=G-7SFkfY3QYAX8m5jPZ&tp=1&oh=b0c855e46a530639ef713f28b93cf263&oe=5FEBFAD5",
  "name": "THE PHONES VENDOR",
  "webiste": "https://l.instagram.com/?u=https%3A%2F%2Fphonesvendor.whats.bz%2F&e=ATNhjqpSkdLA7ynLXCsQV4WtIPbCLE4OkGlPZ9zm6Bx-NPcPm1rfyJJ98pa59JhlRhilsNTM-WFewdADBPFKfA&s=1",
  "bio": "Reliable Source For Quality Phones 📱💻🔌<br>WA : 08035347560 / 08059091113 <br>☎️ : 07013222030 / 08117270890<br>Mon - Sat : 9am - 6pm",
  "category": "",
  "posts_count": "2,618",
  "followers_count": "111k",
  "following_count": "2,469",
  "story_highlights": [
    {
      "text": "WE SWAP",
      "src": "https://scontent-lax3-1.cdninstagram.com/v/t51.2885-15/e35/c0.0.1242.1242a/s150x150/120082605_1244528659248216_860418804190488431_n.jpg?_nc_ht=scontent-lax3-1.cdninstagram.com&_nc_cat=100&_nc_ohc=fC0Bkk3PbikAX81XiT3&tp=1&oh=2fb7a9cbff3242d11177e2b9bdbb032d&oe=5FC5B190"
    },
    {
      "text": "WE BUY",
      "src": "https://scontent-lax3-1.cdninstagram.com/v/t51.2885-15/e35/c0.170.1080.1080a/s150x150/119189943_1021476354960181_5988096378219499884_n.jpg?_nc_ht=scontent-lax3-1.cdninstagram.com&_nc_cat=101&_nc_ohc=QsMSxhw6yzEAX9Fkyu0&tp=1&oh=7a420aa7b9435bc117b8b0af453bd760&oe=5FC5BDDC"
    },
    {
      "text": "UK USED",
      "src": "https://scontent-lax3-1.cdninstagram.com/v/t51.2885-15/e35/c0.185.1076.1076a/s150x150/118518849_2632010123780332_2390044468304327058_n.jpg?_nc_ht=scontent-lax3-1.cdninstagram.com&_nc_cat=104&_nc_ohc=UB87Ue2oL6sAX-RBcqZ&tp=1&oh=a9d9b302ab0816e283f6e71d99195d67&oe=5FC5FEAE"
    },
    {
      "text": "BRANDNEW",
      "src": "https://scontent-lax3-1.cdninstagram.com/v/t51.2885-15/e35/c0.584.1080.1080a/s150x150/117330945_3171600969587410_5011481365723730421_n.jpg?_nc_ht=scontent-lax3-1.cdninstagram.com&_nc_cat=110&_nc_ohc=Xlp_0ZOQjP0AX9WtvZ1&tp=1&oh=1467b13df671fd0c6870e6b536b7ddfa&oe=5FC6038F"
    },
    {
      "text": "FEEDBACK",
      "src": "https://scontent-lax3-1.cdninstagram.com/v/t51.12442-15/e35/c0.153.1440.1440a/s150x150/90518416_236399417408210_8632367314970885031_n.jpg?_nc_ht=scontent-lax3-1.cdninstagram.com&_nc_cat=102&_nc_ohc=o_XUrmEzKwoAX8JuZme&tp=1&oh=f0efe708aba52bf635ab25214523abc7&oe=5FC5731A"
    },
    {
      "text": "How to Order",
      "src": "https://scontent-lax3-2.cdninstagram.com/v/t51.2885-15/s150x150/54194865_1043473945845023_4776962898750949601_n.jpg?_nc_ht=scontent-lax3-2.cdninstagram.com&_nc_ohc=JJLs6rWAoakAX9NYJ8R&tp=1&oh=6dcc15b8d440f13e4cf2eeb72f867cb5&oe=5FEB135D"
    },
    {
      "text": "Bank Details",
      "src": "https://scontent-lax3-2.cdninstagram.com/v/t51.2885-15/s150x150/52649393_393318211479583_6102799813424730146_n.jpg?_nc_ht=scontent-lax3-2.cdninstagram.com&_nc_ohc=w7u33yhaBa0AX9n8pow&tp=1&oh=873d61ff73d65c6316e5a691ee1be9d3&oe=5FEB945F"
    }
  ],
  "posts": [
    {
      "src": "https://scontent-lax3-2.cdninstagram.com/v/t51.2885-15/sh0.08/e35/c0.180.1440.1440a/s640x640/128207186_381511433085511_801683848267049144_n.jpg?_nc_ht=scontent-lax3-2.cdninstagram.com&_nc_cat=107&_nc_ohc=ZHupHKNEzloAX9TZY8E&tp=1&oh=ef8a17a5ff628abe4882e7cd7239cd00&oe=5FEC041E"
    },
    {
      "src": "https://scontent-lax3-1.cdninstagram.com/v/t51.2885-15/sh0.08/e35/c0.92.733.733a/s640x640/127657890_882568352280884_4908192598409308085_n.jpg?_nc_ht=scontent-lax3-1.cdninstagram.com&_nc_cat=108&_nc_ohc=69RIpdGZF7wAX90674W&tp=1&oh=e9f64e74d8dda00cffc2b4942f0b4312&oe=5FEDCFF8"
    },
    {
      "src": "https://scontent-lax3-2.cdninstagram.com/v/t51.2885-15/sh0.08/e35/c0.0.1439.1439a/s640x640/127666290_385318369455414_5655874852168461171_n.jpg?_nc_ht=scontent-lax3-2.cdninstagram.com&_nc_cat=106&_nc_ohc=7yMCXlEG5ycAX9S77t_&tp=1&oh=9a6442d81d991902b9a3916e3057bf22&oe=5FEBCC3C"
    },
    {
      "src": "https://scontent-lax3-1.cdninstagram.com/v/t51.2885-15/sh0.08/e35/s640x640/127398014_786013921950496_1646668865098462534_n.jpg?_nc_ht=scontent-lax3-1.cdninstagram.com&_nc_cat=104&_nc_ohc=3zbo3D9tTFcAX9jSQkq&tp=1&oh=c36cd60f28bc2d42f6888a6a6b6cf534&oe=5FEE9499"
    },
    {
      "src": "https://scontent-lax3-1.cdninstagram.com/v/t51.2885-15/sh0.08/e35/s640x640/127171802_190218919391836_5495880719785400588_n.jpg?_nc_ht=scontent-lax3-1.cdninstagram.com&_nc_cat=104&_nc_ohc=kCR0086HEqAAX93l9uq&tp=1&oh=93603dace0fdf9a1589a0d3a37e3bb53&oe=5FEB6AA8"
    },
    {
      "src": "https://scontent-lax3-2.cdninstagram.com/v/t51.2885-15/sh0.08/e35/s640x640/126347540_126201035945807_2704314879874261869_n.jpg?_nc_ht=scontent-lax3-2.cdninstagram.com&_nc_cat=111&_nc_ohc=-FaZGc7xt7gAX_t5ZiJ&tp=1&oh=2ecac9608f28cd8d02624114308e036e&oe=5FEE7158"
    },
    {
      "src": "https://scontent-lax3-1.cdninstagram.com/v/t51.2885-15/sh0.08/e35/s640x640/126252051_207843777475393_2364783430933699493_n.jpg?_nc_ht=scontent-lax3-1.cdninstagram.com&_nc_cat=101&_nc_ohc=wOPLHHm4I8IAX_hSSAd&tp=1&oh=f9e433e8bdca3a41930e029394a7aa68&oe=5FEE0B24"
    },
    {
      "src": "https://scontent-lax3-2.cdninstagram.com/v/t51.2885-15/sh0.08/e35/s640x640/127033095_141246841076383_1673894200970640328_n.jpg?_nc_ht=scontent-lax3-2.cdninstagram.com&_nc_cat=107&_nc_ohc=1EAsgyRnmkwAX_Eox7d&tp=1&oh=7cec6ad49353643b9d0c81588a470e6f&oe=5FED79AB"
    },
    {
      "src": "https://scontent-lax3-1.cdninstagram.com/v/t51.2885-15/sh0.08/e35/s640x640/127156336_210244027211141_5637846000512600417_n.jpg?_nc_ht=scontent-lax3-1.cdninstagram.com&_nc_cat=105&_nc_ohc=8cg4ndzqPnEAX-glQgA&tp=1&oh=f8fe6d0ab8efc8f35c20a0a5d0cdeeb3&oe=5FC5DE6C"
    },
    {
      "src": "https://scontent-lax3-1.cdninstagram.com/v/t51.2885-15/sh0.08/e35/s640x640/127283791_287127236029577_2828649344091521185_n.jpg?_nc_ht=scontent-lax3-1.cdninstagram.com&_nc_cat=105&_nc_ohc=nvjLiuhh_PQAX_704R9&tp=1&oh=b3183964393826ec135907b1458b0990&oe=5FC5A608"
    },
    {
      "src": "https://scontent-lax3-1.cdninstagram.com/v/t51.2885-15/sh0.08/e35/s640x640/127146690_1592579334259649_5439930798883234560_n.jpg?_nc_ht=scontent-lax3-1.cdninstagram.com&_nc_cat=105&_nc_ohc=NqWMv6ko0BEAX8ZXiLl&tp=1&oh=8bbf13eed461a1d8d0c9eed64ae78df7&oe=5FEC5A1E"
    },
    {
      "src": "https://scontent-lax3-2.cdninstagram.com/v/t51.2885-15/sh0.08/e35/c0.280.720.720a/s640x640/127184067_840937253338571_3955596805786199708_n.jpg?_nc_ht=scontent-lax3-2.cdninstagram.com&_nc_cat=111&_nc_ohc=alIOaLt4KtQAX8W5ZnB&tp=1&oh=9b314eb6406ae3e90b41c5a62345a55f&oe=5FC5C80E"
    },
    {
      "src": "https://scontent-lax3-2.cdninstagram.com/v/t51.2885-15/sh0.08/e35/s640x640/127376260_835497843929154_1949109252056468409_n.jpg?_nc_ht=scontent-lax3-2.cdninstagram.com&_nc_cat=106&_nc_ohc=PuI1-xOdnUUAX-ibGb-&tp=1&oh=6967402d40179178968fe8c3dbdd399a&oe=5FECDF1A"
    },
    {
      "src": "https://scontent-lax3-1.cdninstagram.com/v/t51.2885-15/sh0.08/e35/s640x640/126242733_456271212021010_8593332782371385526_n.jpg?_nc_ht=scontent-lax3-1.cdninstagram.com&_nc_cat=110&_nc_ohc=5veaMMG_No4AX8PP9Bu&tp=1&oh=d4c6f93a506b0761a2ec569e3531eaf5&oe=5FEC72D8"
    },
    {
      "src": "https://scontent-lax3-2.cdninstagram.com/v/t51.2885-15/e35/c0.210.540.540a/126903118_834290160704327_6738309966814500742_n.jpg?_nc_ht=scontent-lax3-2.cdninstagram.com&_nc_cat=111&_nc_ohc=dKrcFXm0acoAX9cHFJF&tp=1&oh=03780280ca4fc86abc080f5263710fac&oe=5FC5BBD8"
    },
    {
      "src": "https://scontent-lax3-1.cdninstagram.com/v/t51.2885-15/sh0.08/e35/c0.180.1440.1440a/s640x640/127278830_122977352767869_4591539863524586506_n.jpg?_nc_ht=scontent-lax3-1.cdninstagram.com&_nc_cat=109&_nc_ohc=u8Ejf0EKftEAX-kbakL&tp=1&oh=5c50b9a86270fe492f226dccea71ef24&oe=5FEEB223"
    },
    {
      "src": "https://scontent-lax3-2.cdninstagram.com/v/t51.2885-15/sh0.08/e35/s640x640/126926159_2562538490710211_1166666890494816805_n.jpg?_nc_ht=scontent-lax3-2.cdninstagram.com&_nc_cat=111&_nc_ohc=vtV9HvUqex4AX-kjLz9&tp=1&oh=2497ed829b989c67e58275f3c4f6f3b1&oe=5FEEA4A1"
    },
    {
      "src": "https://scontent-lax3-2.cdninstagram.com/v/t51.2885-15/sh0.08/e35/c0.180.1440.1440a/s640x640/127225729_386762539292911_3058626473366245961_n.jpg?_nc_ht=scontent-lax3-2.cdninstagram.com&_nc_cat=107&_nc_ohc=5tQ474-Y0voAX8v3fjM&tp=1&oh=2bc573d6dbe2fe346b2c925e409ddd36&oe=5FEB6E55"
    },
    {
      "src": "https://scontent-lax3-2.cdninstagram.com/v/t51.2885-15/sh0.08/e35/s640x640/127141922_689532735335226_1275076750013283751_n.jpg?_nc_ht=scontent-lax3-2.cdninstagram.com&_nc_cat=106&_nc_ohc=6SC5uZ96tskAX9RWlMQ&tp=1&oh=a5af5698bf7b8daa3ce51d80f1c90d31&oe=5FEEEB23"
    },
    {
      "src": "https://scontent-lax3-2.cdninstagram.com/v/t51.2885-15/sh0.08/e35/c0.180.1440.1440a/s640x640/126956899_838626543586135_2785017794227835084_n.jpg?_nc_ht=scontent-lax3-2.cdninstagram.com&_nc_cat=107&_nc_ohc=cqnnuh9qrkUAX_SDprF&tp=1&oh=5b9586a97882cfea1324bd30f449acb0&oe=5FEC3288"
    },
    {
      "src": "https://scontent-lax3-1.cdninstagram.com/v/t51.2885-15/sh0.08/e35/c0.280.720.720a/s640x640/126865501_595746337839773_335736055175839840_n.jpg?_nc_ht=scontent-lax3-1.cdninstagram.com&_nc_cat=105&_nc_ohc=yqE6A8ol13sAX-nw31I&tp=1&oh=55edcd209e5206c3f2c81a2d04c0b5be&oe=5FC576F1"
    },
    {
      "src": "https://scontent-lax3-1.cdninstagram.com/v/t51.2885-15/sh0.08/e35/c0.280.720.720a/s640x640/125561234_1059474677831233_3395193107781889435_n.jpg?_nc_ht=scontent-lax3-1.cdninstagram.com&_nc_cat=101&_nc_ohc=4pBSftNc9JgAX8RAUUR&tp=1&oh=af52927eec3ad8b15bcb0d85413952f5&oe=5FC5C6B7"
    },
    {
      "src": "https://scontent-lax3-1.cdninstagram.com/v/t51.2885-15/sh0.08/e35/c0.180.1440.1440a/s640x640/126477128_283874026359105_556596264297509459_n.jpg?_nc_ht=scontent-lax3-1.cdninstagram.com&_nc_cat=109&_nc_ohc=FrRWRtRWg5gAX9fBDiB&tp=1&oh=2667ddc7549ee05f7e468576c5df65ef&oe=5FEE0CA8"
    },
    {
      "src": "https://scontent-lax3-1.cdninstagram.com/v/t51.2885-15/sh0.08/e35/s640x640/126209560_177738353980588_4094425406079209736_n.jpg?_nc_ht=scontent-lax3-1.cdninstagram.com&_nc_cat=104&_nc_ohc=uv-Wn0pdNMQAX806uIt&tp=1&oh=ad841bdfad4ad3c2c611dbcb83b900b4&oe=5FED55B9"
    }
  ]
}