{
  "user_name": "reliable_phones",
  "profile_photo": "https://scontent-lax3-2.cdninstagram.com/v/t51.2885-19/s150x150/50243490_533358877174125_3265392115353387008_n.jpg?_nc_ht=scontent-lax3-2.cdninstagram.com&_nc_ohc=MF9AzvsGL8sAX9lz0DP&tp=1&oh=6102a0b7a7c3b7435f479e3f184bfa89&oe=5FEB902A",
  "name": "Reliable Phones &amp; Gadgets",
  "webiste": "https://l.instagram.com/?u=http%3A%2F%2Fapi.whatsapp.com%2Fsend%3Fphone%3D2347033344030&e=ATOXouZRsNS8msHr8qW_89EO1opMyw4LRVbpZaUloLiLWLteNN-dJHnWgaPc4Yuq1QdWjfdqY4HaibnrG7qifw&s=1",
  "bio": "Phones | laptops | Accessories | Repairs<br>👉Quality assured<br>👉Nationwide 🚚<br>👉Cash on 🚛<br>🏦11, Ola Ayeni street, ikeja.07033344030<br>💌reliablephones11@gmail",
  "category": "",
  "posts_count": "4,485",
  "followers_count": "33.4k",
  "following_count": "1,313",
  "story_highlights": [
    {
      "text": "Feedback",
      "src": "https://scontent-lax3-1.cdninstagram.com/v/t51.12442-15/e35/c49.447.942.942a/s150x150/65158816_163315481380552_1604797503081729347_n.jpg?_nc_ht=scontent-lax3-1.cdninstagram.com&_nc_cat=104&_nc_ohc=frFsoI6pB30AX8vzbYm&tp=1&oh=21f6dff7c731a092420bc642b0727415&oe=5FC5F061"
    },
    {
      "text": "We are reliable",
      "src": "https://scontent-lax3-2.cdninstagram.com/v/t51.12442-15/e35/c0.398.1024.1024a/s150x150/50648176_1875987472511478_4232047083733375967_n.jpg?_nc_ht=scontent-lax3-2.cdninstagram.com&_nc_cat=106&_nc_ohc=lofXF7MkOfsAX_SgAeU&tp=1&oh=da3a874974364a3f4b75a72dfa37530c&oe=5FC5B978"
    },
    {
      "text": "Thumbs up",
      "src": "https://scontent-lax3-1.cdninstagram.com/v/t51.2885-15/e35/c45.768.1152.1152a/s150x150/120194730_112179757202864_6502797706878104140_n.jpg?_nc_ht=scontent-lax3-1.cdninstagram.com&_nc_cat=108&_nc_ohc=N7v7vkmZur8AX_OpAsg&tp=1&oh=a8a95a4d5210287c24bcdc6f925fad6f&oe=5FC5E293"
    },
    {
      "text": "We are reliable",
      "src": "https://scontent-lax3-1.cdninstagram.com/v/t51.12442-15/e35/c52.437.942.942a/s150x150/65158816_163315481380552_1604797503081729347_n.jpg?_nc_ht=scontent-lax3-1.cdninstagram.com&_nc_cat=104&_nc_ohc=frFsoI6pB30AX8vzbYm&tp=1&oh=b9dd481a4738049bbeb8bf70f209da3b&oe=5FC58A17"
    },
    {
      "text": "This is “US”",
      "src": "https://scontent-lax3-2.cdninstagram.com/v/t51.12442-15/e35/c0.338.720.720a/s150x150/70753083_404829390412511_6442868041718339430_n.jpg?_nc_ht=scontent-lax3-2.cdninstagram.com&_nc_cat=111&_nc_ohc=GXknd8qop4EAX-0Pw48&tp=1&oh=d7a6bb06cf17d3c7d9322738eea73d41&oe=5FC5A20D"
    },
    {
      "text": "Swapping",
      "src": "https://scontent-lax3-2.cdninstagram.com/v/t51.2885-15/s150x150/75379864_2836844536349912_6244884934083602774_n.jpg?_nc_ht=scontent-lax3-2.cdninstagram.com&_nc_ohc=uUoCu7CL4EkAX_gFQ3I&tp=1&oh=45e1822d0d42d28d64c661baff2f4c5e&oe=5FEC5DE3"
    },
    {
      "text": "Inverters",
      "src": "https://scontent-lax3-1.cdninstagram.com/v/t51.12442-15/e35/c28.429.942.942a/s150x150/65158816_163315481380552_1604797503081729347_n.jpg?_nc_ht=scontent-lax3-1.cdninstagram.com&_nc_cat=104&_nc_ohc=frFsoI6pB30AX8vzbYm&tp=1&oh=b4f5c846ac79c8399bab1fc2ab301c5c&oe=5FC58C26"
    }
  ],
  "posts": [
    {
      "src": "https://scontent-lax3-1.cdninstagram.com/v/t51.2885-15/sh0.08/e35/c0.120.1080.1080a/s640x640/128672978_725786848337352_5344452746478787315_n.jpg?_nc_ht=scontent-lax3-1.cdninstagram.com&_nc_cat=100&_nc_ohc=XSQTCfeup5wAX_tQfqm&tp=1&oh=ec5bd41fda2b65f8320cfa3df94e7eb2&oe=5FED6FAE"
    },
    {
      "src": "https://scontent-lax3-1.cdninstagram.com/v/t51.2885-15/sh0.08/e35/s640x640/127606726_204182471243256_1154937646033134904_n.jpg?_nc_ht=scontent-lax3-1.cdninstagram.com&_nc_cat=100&_nc_ohc=WcKWaHR80HkAX9qbKG4&tp=1&oh=d692674d9c750da70b17eb6d28dd6ba4&oe=5FEC9AFD"
    },
    {
      "src": "https://scontent-lax3-2.cdninstagram.com/v/t51.2885-15/sh0.08/e35/s640x640/128641417_884270558776650_4497861861457867525_n.jpg?_nc_ht=scontent-lax3-2.cdninstagram.com&_nc_cat=106&_nc_ohc=4UnuHCN7x8QAX_xFW6x&tp=1&oh=742cbe75ac9506f759547a27e76c5347&oe=5FED86BE"
    },
    {
      "src": "https://scontent-lax3-1.cdninstagram.com/v/t51.2885-15/sh0.08/e35/c0.180.1440.1440a/s640x640/128353984_1299572233733293_8736788888015870141_n.jpg?_nc_ht=scontent-lax3-1.cdninstagram.com&_nc_cat=101&_nc_ohc=tC5qhbEG-xAAX8UbWGt&tp=1&oh=e8456f1d8cde881f1dc110a8b2b009eb&oe=5FEB3BD4"
    },
    {
      "src": "https://scontent-lax3-2.cdninstagram.com/v/t51.2885-15/sh0.08/e35/s640x640/127804542_393187395098310_6225441808908865928_n.jpg?_nc_ht=scontent-lax3-2.cdninstagram.com&_nc_cat=106&_nc_ohc=7Hv_ntSiA3UAX_ZkwhS&tp=1&oh=98a6ab0f543e59dd53b1d07e16f4a607&oe=5FEE189A"
    },
    {
      "src": "https://scontent-lax3-1.cdninstagram.com/v/t51.2885-15/sh0.08/e35/s640x640/128020235_403170100837084_1477065453041378133_n.jpg?_nc_ht=scontent-lax3-1.cdninstagram.com&_nc_cat=104&_nc_ohc=amkJ3AsE-7sAX92dI_O&tp=1&oh=e7c41438deba31758507d80c693eec14&oe=5FEDFE5C"
    },
    {
      "src": "https://scontent-lax3-2.cdninstagram.com/v/t51.2885-15/sh0.08/e35/c0.180.1440.1440a/s640x640/128467451_191820342484615_5070821574274365865_n.jpg?_nc_ht=scontent-lax3-2.cdninstagram.com&_nc_cat=107&_nc_ohc=cliBRVnwiPEAX89G7Bt&tp=1&oh=373d5f2eaa73020870b846fc17346e07&oe=5FEE2CAD"
    },
    {
      "src": "https://scontent-lax3-1.cdninstagram.com/v/t51.2885-15/sh0.08/e35/c0.180.1440.1440a/s640x640/127912038_1129007287513709_237571727420881969_n.jpg?_nc_ht=scontent-lax3-1.cdninstagram.com&_nc_cat=105&_nc_ohc=b00yGoITBxEAX8kf1qI&tp=1&oh=b09a0493a16c8668bea63fbd0a7485ec&oe=5FECA938"
    },
    {
      "src": "https://scontent-lax3-1.cdninstagram.com/v/t51.2885-15/sh0.08/e35/c0.135.1080.1080a/s640x640/127665515_894210491385317_568269426764598530_n.jpg?_nc_ht=scontent-lax3-1.cdninstagram.com&_nc_cat=105&_nc_ohc=8_CP4Wp8xRgAX_XfUBU&tp=1&oh=15fd1a06427e236ea3717f7b3ca32617&oe=5FEC65CA"
    },
    {
      "src": "https://scontent-lax3-1.cdninstagram.com/v/t51.2885-15/sh0.08/e35/s640x640/127726903_443084710016698_1921460136360238436_n.jpg?_nc_ht=scontent-lax3-1.cdninstagram.com&_nc_cat=110&_nc_ohc=dM1EkyrJN6oAX_StyZY&tp=1&oh=0b0999fc84d74a5e84c5caa42ae52e28&oe=5FEB2899"
    },
    {
      "src": "https://scontent-lax3-1.cdninstagram.com/v/t51.2885-15/sh0.08/e35/s640x640/127659009_1521405838048937_3682756362808953225_n.jpg?_nc_ht=scontent-lax3-1.cdninstagram.com&_nc_cat=105&_nc_ohc=U9RKEUCxOLkAX8AYOSq&tp=1&oh=e1e4694988f5e1a371a8955e0cca4eb3&oe=5FEC541C"
    },
    {
      "src": "https://scontent-lax3-1.cdninstagram.com/v/t51.2885-15/sh0.08/e35/s640x640/128012042_858859958009289_7314992844589508010_n.jpg?_nc_ht=scontent-lax3-1.cdninstagram.com&_nc_cat=109&_nc_ohc=YdtJy86Z7EgAX9A9kHZ&tp=1&oh=805a17088853c36508abc9ec221504c8&oe=5FC58BEC"
    },
    {
      "src": "https://scontent-lax3-2.cdninstagram.com/v/t51.2885-15/sh0.08/e35/s640x640/127447192_417342592784603_1211954360480066943_n.jpg?_nc_ht=scontent-lax3-2.cdninstagram.com&_nc_cat=111&_nc_ohc=wQ7NwPnEir8AX-Lwfuz&tp=1&oh=73a3dc1fc8b94cfdbbbf3884ce59e44d&oe=5FEB50B9"
    },
    {
      "src": "https://scontent-lax3-1.cdninstagram.com/v/t51.2885-15/sh0.08/e35/c0.44.1080.1080a/s640x640/127936469_195233388759896_5533729728796139856_n.jpg?_nc_ht=scontent-lax3-1.cdninstagram.com&_nc_cat=108&_nc_ohc=lC-ovYB6AAMAX9wMl4T&tp=1&oh=5c6caa3e79293940640c44c5791202fb&oe=5FEB24DB"
    },
    {
      "src": "https://scontent-lax3-1.cdninstagram.com/v/t51.2885-15/sh0.08/e35/s640x640/127560710_225482208982670_8164715877337158782_n.jpg?_nc_ht=scontent-lax3-1.cdninstagram.com&_nc_cat=102&_nc_ohc=2bzjmQmbbgwAX8tEwUJ&tp=1&oh=c9f817dde80079c6a023496b6f606d97&oe=5FEB472D"
    },
    {
      "src": "https://scontent-lax3-1.cdninstagram.com/v/t51.2885-15/sh0.08/e35/s640x640/127611934_398225264702449_4181485047016649263_n.jpg?_nc_ht=scontent-lax3-1.cdninstagram.com&_nc_cat=101&_nc_ohc=tnkoWzdGYSQAX-m101u&tp=1&oh=6743939179fe978d63f01797d5a82696&oe=5FEC0EB3"
    },
    {
      "src": "https://scontent-lax3-2.cdninstagram.com/v/t51.2885-15/sh0.08/e35/c0.90.720.720a/s640x640/127256445_418692709328039_7605348340162553744_n.jpg?_nc_ht=scontent-lax3-2.cdninstagram.com&_nc_cat=111&_nc_ohc=H5138KNGxHkAX_BC8Kk&tp=1&oh=2b84b16b26a1443302743801f4dd8332&oe=5FC58E14"
    },
    {
      "src": "https://scontent-lax3-1.cdninstagram.com/v/t51.2885-15/sh0.08/e35/s640x640/127647181_380039956657394_3062412538343705981_n.jpg?_nc_ht=scontent-lax3-1.cdninstagram.com&_nc_cat=102&_nc_ohc=s8elN_uE0n8AX9LH2A5&tp=1&oh=9b7d5183c1fbf88e164ffc997808c999&oe=5FEEE15E"
    },
    {
      "src": "https://scontent-lax3-2.cdninstagram.com/v/t51.2885-15/sh0.08/e35/s640x640/127957372_1089764241459667_1870878588549013904_n.jpg?_nc_ht=scontent-lax3-2.cdninstagram.com&_nc_cat=107&_nc_ohc=Wj--ou9MDjMAX-kP71V&tp=1&oh=69dde83c63db1c92821efebc7ef917df&oe=5FEB951E"
    },
    {
      "src": "https://scontent-lax3-1.cdninstagram.com/v/t51.2885-15/e35/127216879_405748194173074_8955020205002234680_n.jpg?_nc_ht=scontent-lax3-1.cdninstagram.com&_nc_cat=110&_nc_ohc=zywYpFhhOLMAX-xEl3q&tp=1&oh=56b39104c2c4c57f365f931f21d07b7a&oe=5FC5D24A"
    },
    {
      "src": "https://scontent-lax3-1.cdninstagram.com/v/t51.2885-15/sh0.08/e35/c0.66.947.947a/s640x640/127665551_218363372976406_7563921067854263410_n.jpg?_nc_ht=scontent-lax3-1.cdninstagram.com&_nc_cat=110&_nc_ohc=HTDpDCwRK3cAX-oFom3&tp=1&oh=8ca77490b16979c73008143a55a07e4a&oe=5FEE3660"
    },
    {
      "src": "https://scontent-lax3-1.cdninstagram.com/v/t51.2885-15/sh0.08/e35/s640x640/127166945_291448495555118_1823361341608768519_n.jpg?_nc_ht=scontent-lax3-1.cdninstagram.com&_nc_cat=102&_nc_ohc=SYZviyGcWt8AX9UE7fT&tp=1&oh=9d84ef2b0add68875a94c715686d432f&oe=5FEDF0C5"
    },
    {
      "src": "https://scontent-lax3-1.cdninstagram.com/v/t51.2885-15/sh0.08/e35/s640x640/127334481_406494310537947_2820306590106756371_n.jpg?_nc_ht=scontent-lax3-1.cdninstagram.com&_nc_cat=103&_nc_ohc=MXP0muMh6zkAX9NsThT&tp=1&oh=b3a7fe832e28ebc7d9e671cdf6004695&oe=5FEE8D00"
    },
    {
      "src": "https://scontent-lax3-2.cdninstagram.com/v/t51.2885-15/sh0.08/e35/c0.180.1440.1440a/s640x640/127649523_1413355229019151_4675701737389143695_n.jpg?_nc_ht=scontent-lax3-2.cdninstagram.com&_nc_cat=107&_nc_ohc=28MbykhV5loAX8vQbKA&tp=1&oh=e9427f725b959292981a57714b2dcaaa&oe=5FEEE60D"
    }
  ]
}