{
  "user_name": "shoepify",
  "profile_photo": "https://scontent-lax3-2.cdninstagram.com/v/t51.2885-19/s150x150/88203636_832015653928132_5339257507049111552_n.jpg?_nc_ht=scontent-lax3-2.cdninstagram.com&_nc_ohc=LE3NqFdvLWoAX-Ine_E&tp=1&oh=7b0ec5c82c28006127a006393bd63107&oe=5FEE9E69",
  "name": "The Shoe Store",
  "webiste": "https://l.instagram.com/?u=https%3A%2F%2Flinktr.ee%2Fshoepify&e=ATMOZhCQwrEJNkREGM-pBPyDzobp-ItsL5AcszgXdYBVb65CVKA74nvrwpg8u0axWdTSfv93P94xu82YhUUrnA&s=1",
  "bio": "📌 Lagos Based Fashion Retail Store <br>📌Nationwide Doorstep Delivery <br>📌 Order online via link below 👇<br>📌Sister Stores: <a class=\"notranslate\" href=\"/bestfinds.co/\" tabindex=\"0\">@bestfinds.co</a> &amp; <a class=\"notranslate\" href=\"/preorderbyshoepify/\" tabindex=\"0\">@preorderbyshoepify</a>",
  "category": "",
  "posts_count": "2,543",
  "followers_count": "17.3k",
  "following_count": "921",
  "story_highlights": [
    {
      "text": "Bags",
      "src": "https://scontent-lax3-2.cdninstagram.com/v/t51.2885-15/s150x150/47585655_920352798155474_77666728194830072_n.jpg?_nc_ht=scontent-lax3-2.cdninstagram.com&_nc_ohc=T9NUoQvxTgQAX8YA6dV&tp=1&oh=629b9e6b777e82a5f1ad75ed75ff0ed5&oe=5FEC4DDD"
    },
    {
      "text": "Co-ord Sets",
      "src": "https://scontent-lax3-1.cdninstagram.com/v/t51.2885-15/e35/c0.483.1242.1242a/s150x150/125152752_876256729845476_2690750073415044089_n.jpg?_nc_ht=scontent-lax3-1.cdninstagram.com&_nc_cat=108&_nc_ohc=rlof9vxqoeUAX8Eiour&tp=1&oh=394d5eb5a43b9c8d6a0ef697586aab86&oe=5FC5A439"
    },
    {
      "text": "Size 40",
      "src": "https://scontent-lax3-2.cdninstagram.com/v/t51.2885-15/s150x150/40516955_165301881049038_7964097534735542481_n.jpg?_nc_ht=scontent-lax3-2.cdninstagram.com&_nc_ohc=mJXZwKaPfhwAX8p5Bqg&tp=1&oh=52d3509295a3bdc9419aba9d8b172576&oe=5FEAFEBC"
    },
    {
      "text": "Accessories",
      "src": "https://scontent-lax3-1.cdninstagram.com/v/t51.12442-15/e35/c0.322.828.828a/s150x150/85012734_136436717880220_3583192567553885110_n.jpg?_nc_ht=scontent-lax3-1.cdninstagram.com&_nc_cat=104&_nc_ohc=FGci9Jl-_-cAX8ZTFSA&tp=1&oh=be616cbe7eea426e627f9fb1879bbc8b&oe=5FC59ED5"
    },
    {
      "text": "Size 42 &amp; Above",
      "src": "https://scontent-lax3-2.cdninstagram.com/v/t51.2885-15/s150x150/40426121_288045755146463_6345657348114758111_n.jpg?_nc_ht=scontent-lax3-2.cdninstagram.com&_nc_ohc=hoexFfAl2jUAX-WBEft&tp=1&oh=040dda763c396a96ceb0d159be8060ee&oe=5FECA134"
    },
    {
      "text": "Flats",
      "src": "https://scontent-lax3-1.cdninstagram.com/v/t51.2885-15/e35/c0.483.1242.1242a/s150x150/118008406_682438899013515_7858128391643838814_n.jpg?_nc_ht=scontent-lax3-1.cdninstagram.com&_nc_cat=103&_nc_ohc=ug6mbIKc5rgAX8ulqBe&tp=1&oh=0af44fab2371d94f65be38650d8b744f&oe=5FC5B9F8"
    },
    {
      "text": "Size 38",
      "src": "https://scontent-lax3-2.cdninstagram.com/v/t51.2885-15/s150x150/41577621_2155369141390985_4572083710298687053_n.jpg?_nc_ht=scontent-lax3-2.cdninstagram.com&_nc_ohc=EUpAWuJ9GBcAX-_bm9a&tp=1&oh=f4b6a7fc160e8efca841ec2f0ceb6755&oe=5FEE2583"
    },
    {
      "text": "Size 39",
      "src": "https://scontent-lax3-2.cdninstagram.com/v/t51.2885-15/s150x150/40791565_246094212760759_4727724800275694243_n.jpg?_nc_ht=scontent-lax3-2.cdninstagram.com&_nc_ohc=z2fFTTDG20UAX9M-HDr&tp=1&oh=680cf21ce466672b3ed333a1bbd67d78&oe=5FED4AB9"
    },
    {
      "text": "Sneakers/Brogue",
      "src": "https://scontent-lax3-2.cdninstagram.com/v/t51.2885-15/s150x150/44868320_1926955034046886_1540454001617345701_n.jpg?_nc_ht=scontent-lax3-2.cdninstagram.com&_nc_ohc=ONg1FVvo-zcAX8DvGyx&tp=1&oh=8e6ccfe6237f73ba8133dba5158ba3c4&oe=5FEC93B3"
    },
    {
      "text": "Size 41",
      "src": "https://scontent-lax3-2.cdninstagram.com/v/t51.2885-15/s150x150/40907431_1096224400553701_562105103890079654_n.jpg?_nc_ht=scontent-lax3-2.cdninstagram.com&_nc_ohc=hAsRyZasDt4AX-9zlu7&tp=1&oh=00ee7f26eac5ad384dc27e3016d647bb&oe=5FEED130"
    },
    {
      "text": "Clutches",
      "src": "https://scontent-lax3-2.cdninstagram.com/v/t51.2885-15/s150x150/52862122_147675259580368_329445974776473633_n.jpg?_nc_ht=scontent-lax3-2.cdninstagram.com&_nc_ohc=ZUFzVkao7Y4AX9Alx3e&tp=1&oh=2184717935ffe408ea810dd8ce29769a&oe=5FEE6EDF"
    },
    {
      "text": "Returns Policy",
      "src": "https://scontent-lax3-2.cdninstagram.com/v/t51.2885-15/e35/c0.483.1242.1242a/s150x150/121596391_798628000870854_1345629111554150759_n.jpg?_nc_ht=scontent-lax3-2.cdninstagram.com&_nc_cat=106&_nc_ohc=BclX0AnyllcAX_ATfSA&tp=1&oh=08c32a74a51df53ed82720271290fc1c&oe=5FC610EA"
    },
    {
      "text": "#Shoepified",
      "src": "https://scontent-lax3-1.cdninstagram.com/v/t51.12442-15/e35/c0.322.828.828a/s150x150/72780445_198300441202785_6209051752442902662_n.jpg?_nc_ht=scontent-lax3-1.cdninstagram.com&_nc_cat=109&_nc_ohc=-javOKmUmJEAX-E2I7J&tp=1&oh=bf768725e9b68ae2ece98f358aff5aa8&oe=5FC5F04B"
    }
  ],
  "posts": [
    {
      "src": "https://scontent-lax3-2.cdninstagram.com/v/t51.2885-15/sh0.08/e35/c0.180.1440.1440a/s640x640/127908854_189285522658506_4681050918591898288_n.jpg?_nc_ht=scontent-lax3-2.cdninstagram.com&_nc_cat=106&_nc_ohc=KPuVV4sn6r8AX-SDTLo&tp=1&oh=8a66f7754e105fb31e1730177c0d8dc5&oe=5FEB7E88"
    },
    {
      "src": "https://scontent-lax3-1.cdninstagram.com/v/t51.2885-15/sh0.08/e35/c4.0.1232.1232a/s640x640/127608866_1906919992779058_2379194509127799110_n.jpg?_nc_ht=scontent-lax3-1.cdninstagram.com&_nc_cat=110&_nc_ohc=K4_2BQewRtMAX-JLaRV&tp=1&oh=646b0a8f87dc9d458607a390aa62e47b&oe=5FEB95BC"
    },
    {
      "src": "https://scontent-lax3-1.cdninstagram.com/v/t51.2885-15/sh0.08/e35/c0.180.1440.1440a/s640x640/127712703_753017485295248_3099267753389338384_n.jpg?_nc_ht=scontent-lax3-1.cdninstagram.com&_nc_cat=104&_nc_ohc=4tsi0wTLrg0AX_jXHWI&tp=1&oh=a6e1b3a8eebc02e8873d5665e6f6c630&oe=5FEB11B1"
    },
    {
      "src": "https://scontent-lax3-2.cdninstagram.com/v/t51.2885-15/sh0.08/e35/c0.483.1242.1242a/s640x640/127645895_222842825936815_2975135946220274813_n.jpg?_nc_ht=scontent-lax3-2.cdninstagram.com&_nc_cat=107&_nc_ohc=1atzb8YiaaEAX8IgtO8&tp=1&oh=0333c4e8b38bdc694f65ce523d05ed0d&oe=5FC5FDFE"
    },
    {
      "src": "https://scontent-lax3-2.cdninstagram.com/v/t51.2885-15/sh0.08/e35/c0.180.1440.1440a/s640x640/127028461_286788882748495_1798572128032650484_n.jpg?_nc_ht=scontent-lax3-2.cdninstagram.com&_nc_cat=107&_nc_ohc=T8WAE57kOEMAX98EvnY&tp=1&oh=92ccd1fb02d71e727258eaf523fd21b6&oe=5FEBF027"
    },
    {
      "src": "https://scontent-lax3-1.cdninstagram.com/v/t51.2885-15/sh0.08/e35/c0.97.1440.1440a/s640x640/127211309_839220870179388_6523167172828519203_n.jpg?_nc_ht=scontent-lax3-1.cdninstagram.com&_nc_cat=100&_nc_ohc=I6gd0aVqnhwAX8zefho&tp=1&oh=9d58d94e73bfa11286908dcc3e9abd7a&oe=5FEE7D8B"
    },
    {
      "src": "https://scontent-lax3-1.cdninstagram.com/v/t51.2885-15/sh0.08/e35/c0.95.1440.1440a/s640x640/127187259_1736777909796609_1449536111099269133_n.jpg?_nc_ht=scontent-lax3-1.cdninstagram.com&_nc_cat=109&_nc_ohc=yiIEtagTroEAX-04fPF&tp=1&oh=f907e879cc3c339adae96f76c6f725c0&oe=5FEBC5A6"
    },
    {
      "src": "https://scontent-lax3-2.cdninstagram.com/v/t51.2885-15/sh0.08/e35/c0.180.1440.1440a/s640x640/126916643_169685798184787_5755492495503663666_n.jpg?_nc_ht=scontent-lax3-2.cdninstagram.com&_nc_cat=107&_nc_ohc=jDL87O2u-WEAX8srAq5&tp=1&oh=69db953cab4b58c4cd571eeb10aac66b&oe=5FEC31A5"
    },
    {
      "src": "https://scontent-lax3-1.cdninstagram.com/v/t51.2885-15/sh0.08/e35/c0.171.1440.1440a/s640x640/127159819_364568461307072_5755269434939157215_n.jpg?_nc_ht=scontent-lax3-1.cdninstagram.com&_nc_cat=108&_nc_ohc=4m_czbneJNMAX8jiiBT&tp=1&oh=9ae9c0fcd6368f50d5144a2a095f8f74&oe=5FEDDB6C"
    },
    {
      "src": "https://scontent-lax3-1.cdninstagram.com/v/t51.2885-15/sh0.08/e35/c0.131.1440.1440a/s640x640/127051283_991244628038745_232753772212048957_n.jpg?_nc_ht=scontent-lax3-1.cdninstagram.com&_nc_cat=109&_nc_ohc=7HMpDxav6GgAX-S8yow&tp=1&oh=833094715b60eb1c0321c31532e731ee&oe=5FEC5C6C"
    },
    {
      "src": "https://scontent-lax3-1.cdninstagram.com/v/t51.2885-15/sh0.08/e35/c0.123.1440.1440a/s640x640/127050687_3799589600093737_667837643564042606_n.jpg?_nc_ht=scontent-lax3-1.cdninstagram.com&_nc_cat=101&_nc_ohc=aQMtYfScy-8AX_ugAEm&tp=1&oh=2c98b4807dab184a2f8f1e343d24dbd1&oe=5FEE077E"
    },
    {
      "src": "https://scontent-lax3-2.cdninstagram.com/v/t51.2885-15/sh0.08/e35/c0.167.1440.1440a/s640x640/125887288_3558606167553810_6041218181386282716_n.jpg?_nc_ht=scontent-lax3-2.cdninstagram.com&_nc_cat=106&_nc_ohc=ZhxUQzjNhRMAX8taBRB&tp=1&oh=f7f4c299ba10498a47dcd53ef7b18cba&oe=5FEDB93E"
    },
    {
      "src": "https://scontent-lax3-1.cdninstagram.com/v/t51.2885-15/sh0.08/e35/c0.148.1440.1440a/s640x640/126085398_1084479055340697_2647951913886929078_n.jpg?_nc_ht=scontent-lax3-1.cdninstagram.com&_nc_cat=109&_nc_ohc=IXqCsKa8hL0AX9KOrPH&tp=1&oh=eda63ecd7c5fd15fe73ed5704673b3a8&oe=5FED46E1"
    },
    {
      "src": "https://scontent-lax3-1.cdninstagram.com/v/t51.2885-15/sh0.08/e35/c0.151.1440.1440a/s640x640/126901654_663362291024211_4340823206907957825_n.jpg?_nc_ht=scontent-lax3-1.cdninstagram.com&_nc_cat=103&_nc_ohc=uWeYaI0N1xoAX9kLkIc&tp=1&oh=6e2363c0cd9cb62b939e13ae08b730f5&oe=5FEDACD8"
    },
    {
      "src": "https://scontent-lax3-1.cdninstagram.com/v/t51.2885-15/sh0.08/e35/c0.152.1440.1440a/s640x640/126991650_750476302223144_2017004671805070125_n.jpg?_nc_ht=scontent-lax3-1.cdninstagram.com&_nc_cat=108&_nc_ohc=uVNiiig6lTQAX8NIv7r&tp=1&oh=7227bc2000265ea83717bbae7c30ead9&oe=5FED2BF8"
    },
    {
      "src": "https://scontent-lax3-1.cdninstagram.com/v/t51.2885-15/sh0.08/e35/c0.159.1440.1440a/s640x640/127247287_650073599021278_7377461466586147396_n.jpg?_nc_ht=scontent-lax3-1.cdninstagram.com&_nc_cat=110&_nc_ohc=qqLxnsZJSrkAX_fPXG6&tp=1&oh=542cd72820ffa8616fe503301dc69843&oe=5FEE3EA7"
    },
    {
      "src": "https://scontent-lax3-1.cdninstagram.com/v/t51.2885-15/sh0.08/e35/s640x640/127211307_1117031852043574_3037264159709450770_n.jpg?_nc_ht=scontent-lax3-1.cdninstagram.com&_nc_cat=110&_nc_ohc=fCJG-pggITMAX9Ym0Kl&tp=1&oh=951bfcfabca36c2336a57fa46f9ce61f&oe=5FEBD164"
    },
    {
      "src": "https://scontent-lax3-1.cdninstagram.com/v/t51.2885-15/sh0.08/e35/s640x640/126343296_1099462903822824_5690482394326868223_n.jpg?_nc_ht=scontent-lax3-1.cdninstagram.com&_nc_cat=100&_nc_ohc=cAdLFWbMJ1EAX_f4l7F&tp=1&oh=40b7641d554fa4edb3faddd672d1b5b7&oe=5FED59A3"
    },
    {
      "src": "https://scontent-lax3-2.cdninstagram.com/v/t51.2885-15/sh0.08/e35/s640x640/125965829_217952896413911_3560967497205680809_n.jpg?_nc_ht=scontent-lax3-2.cdninstagram.com&_nc_cat=111&_nc_ohc=fE7oky_cnAsAX_eYn0a&tp=1&oh=30fe779582b0359e8e32aac4f4cb93ec&oe=5FECF5A3"
    },
    {
      "src": "https://scontent-lax3-1.cdninstagram.com/v/t51.2885-15/sh0.08/e35/s640x640/126904286_396327084848661_4390435000713147809_n.jpg?_nc_ht=scontent-lax3-1.cdninstagram.com&_nc_cat=109&_nc_ohc=0h0hu4Kj9XIAX8AQMj5&tp=1&oh=d24c204c14da47f332424b9031c3e280&oe=5FEC68AB"
    },
    {
      "src": "https://scontent-lax3-1.cdninstagram.com/v/t51.2885-15/sh0.08/e35/s640x640/127349215_1283948421958580_7128129513616647155_n.jpg?_nc_ht=scontent-lax3-1.cdninstagram.com&_nc_cat=108&_nc_ohc=ZzOexFLJWy4AX8uG9-m&tp=1&oh=d050ff6093000930590d7f452d8ec728&oe=5FEE2910"
    },
    {
      "src": "https://scontent-lax3-1.cdninstagram.com/v/t51.2885-15/sh0.08/e35/c0.180.1440.1440a/s640x640/127070135_695519728035694_7534292940735482496_n.jpg?_nc_ht=scontent-lax3-1.cdninstagram.com&_nc_cat=110&_nc_ohc=Lwlyo2xo2tgAX_lku5g&tp=1&oh=7b14378a6a3b758153067c92ea9abc36&oe=5FEE71E4"
    },
    {
      "src": "https://scontent-lax3-1.cdninstagram.com/v/t51.2885-15/sh0.08/e35/c0.180.1440.1440a/s640x640/126856210_480964832879156_5436598782424160202_n.jpg?_nc_ht=scontent-lax3-1.cdninstagram.com&_nc_cat=108&_nc_ohc=tutChz77iy4AX_QGIyx&tp=1&oh=afbed44a1e6e2462b7de4e83f73bcf8d&oe=5FEE564B"
    },
    {
      "src": "https://scontent-lax3-1.cdninstagram.com/v/t51.2885-15/sh0.08/e35/c0.180.1440.1440a/s640x640/126959423_140889421095471_4007323200495398319_n.jpg?_nc_ht=scontent-lax3-1.cdninstagram.com&_nc_cat=103&_nc_ohc=sLB0jQBodNoAX9b9177&tp=1&oh=82cc8264ac68c2cd548a88b5e2d9105b&oe=5FEECBD3"
    }
  ]
}