{
  "user_name": "shopinverse",
  "profile_photo": "https://scontent-lax3-2.cdninstagram.com/v/t51.2885-19/s150x150/53435588_333007527569110_787237809952915456_n.jpg?_nc_ht=scontent-lax3-2.cdninstagram.com&_nc_ohc=jCzQuG-BHoEAX-ve524&tp=1&oh=5aaabe32c41bb8535752da130e858ac8&oe=5FECFA6A",
  "name": "Laptops | Phones | Gadgets",
  "webiste": "https://l.instagram.com/?u=http%3A%2F%2Fshopinverse.com%2F&e=ATPJ2Sgc37W-0XnoDn3TIQ05lyvFQfjw_u7OftTJc3O004Buuubgq7ftpV7GKfDsDdbadgDyTjd81U1bp7TkwA&s=1",
  "bio": "Nigeria's No.1 Leading &amp; Reliable Computer Store<br>▫️30 Days Limited Warranty 💥💥<br>▫️Quality Guaranteed<br>📞📩 Response Hours : 9am to 6pm, Monday to Saturday",
  "category": "",
  "posts_count": "2,152",
  "followers_count": "67.5k",
  "following_count": "4,667",
  "story_highlights": [
    {
      "text": "Stock Update",
      "src": "https://scontent-lax3-2.cdninstagram.com/v/t51.12442-15/e35/c90.502.1035.1035a/s150x150/104594014_657853801472395_619241930285071874_n.jpg?_nc_ht=scontent-lax3-2.cdninstagram.com&_nc_cat=107&_nc_ohc=es-PGubqvzsAX93JAMD&tp=1&oh=78695a04030f4b9195159a0bf4696905&oe=5FC596E5"
    },
    {
      "text": "Reviews",
      "src": "https://scontent-lax3-2.cdninstagram.com/v/t51.2885-15/s150x150/70297327_2404934393087147_6097372198675854097_n.jpg?_nc_ht=scontent-lax3-2.cdninstagram.com&_nc_ohc=L1AlOozz7BwAX_x5tLl&tp=1&oh=9229dba7ca3b919d786df8563ceb6102&oe=5FEB7BA1"
    },
    {
      "text": "Maryland Mall",
      "src": "https://scontent-lax3-1.cdninstagram.com/v/t51.12442-15/e15/c57.210.662.662a/s150x150/100906652_176003583912132_8235261217555891149_n.jpg?_nc_ht=scontent-lax3-1.cdninstagram.com&_nc_cat=100&_nc_ohc=HZHuXexilBEAX8N650e&tp=1&oh=626705e5750e86eca83e779ad964409a&oe=5FC597DF"
    },
    {
      "text": "Video",
      "src": "https://scontent-lax3-2.cdninstagram.com/v/t51.12442-15/e15/c44.268.511.511a/s150x150/116156655_162940558724671_2815700053232435289_n.jpg?_nc_ht=scontent-lax3-2.cdninstagram.com&_nc_cat=107&_nc_ohc=nVu7foKrAcIAX8upqxC&tp=1&oh=df687cb30d12ef4d2a27e7d4f673ac30&oe=5FC59817"
    },
    {
      "text": "Product Pics",
      "src": "https://scontent-lax3-1.cdninstagram.com/v/t51.12442-15/e35/c90.144.1035.1035a/s150x150/67645095_138093124093684_943751879031797764_n.jpg?_nc_ht=scontent-lax3-1.cdninstagram.com&_nc_cat=104&_nc_ohc=JrT6W3WCcTIAX-xVCdH&tp=1&oh=ce368ebd6b5b338904c7676b83c1c99e&oe=5FC5A6C9"
    },
    {
      "text": "S-Inverse Store",
      "src": "https://scontent-lax3-1.cdninstagram.com/v/t51.12442-15/e35/c59.223.1035.1035a/s150x150/82063140_555674575162201_8674005764373207653_n.jpg?_nc_ht=scontent-lax3-1.cdninstagram.com&_nc_cat=101&_nc_ohc=EWmifMNaKrcAX_Rto3O&tp=1&oh=82e6bc5663f467c555cc34989f298af4&oe=5FC610DD"
    },
    {
      "text": "Scam Alert !",
      "src": "https://scontent-lax3-2.cdninstagram.com/v/t51.12442-15/e35/c21.149.1035.1035a/s150x150/93566089_573497769942451_6464886337620522359_n.jpg?_nc_ht=scontent-lax3-2.cdninstagram.com&_nc_cat=107&_nc_ohc=k1R1-YJyfUgAX8Q6wnA&tp=1&oh=afb0290af9b804b12b511a5450366bc3&oe=5FC5983B"
    },
    {
      "text": "Contact Us",
      "src": "https://scontent-lax3-2.cdninstagram.com/v/t51.2885-15/s150x150/93013519_152689116145114_5457560689290354940_n.jpg?_nc_ht=scontent-lax3-2.cdninstagram.com&_nc_ohc=NLTmEpMAeFAAX8UE4fi&tp=1&oh=c505c533caecc28c7a56aed254732df8&oe=5FEC294A"
    },
    {
      "text": "Bank account",
      "src": "https://scontent-lax3-2.cdninstagram.com/v/t51.2885-15/s150x150/93565696_2697364903707949_2720277389012174742_n.jpg?_nc_ht=scontent-lax3-2.cdninstagram.com&_nc_ohc=ELDhjk2vT2QAX8JhLtt&tp=1&oh=6ac24898edeb97ec5980e73388421312&oe=5FEDA590"
    },
    {
      "text": "Happy Customers",
      "src": "https://scontent-lax3-1.cdninstagram.com/v/t51.12442-15/e35/c3.521.1035.1035a/s150x150/82971928_1904836696317286_7265120500781935891_n.jpg?_nc_ht=scontent-lax3-1.cdninstagram.com&_nc_cat=110&_nc_ohc=ndWxv_UaopsAX8OgNRQ&tp=1&oh=8db015cf56b4667deea8d3c1edee58ac&oe=5FC5E35D"
    },
    {
      "text": "Giveaway",
      "src": "https://scontent-lax3-1.cdninstagram.com/v/t51.12442-15/e35/c1.428.1035.1035a/s150x150/71783926_2461488107428225_90168630461829192_n.jpg?_nc_ht=scontent-lax3-1.cdninstagram.com&_nc_cat=101&_nc_ohc=SYavChh9h2EAX9UO2d6&tp=1&oh=207e8bd6dba2005f80422142415c1d64&oe=5FC61055"
    },
    {
      "text": "Laptops - Bulk",
      "src": "https://scontent-lax3-2.cdninstagram.com/v/t51.12442-15/e35/c90.388.1035.1035a/s150x150/73287452_581533666012687_6217295418836812728_n.jpg?_nc_ht=scontent-lax3-2.cdninstagram.com&_nc_cat=107&_nc_ohc=mHbqwlEHLL8AX9G5xqE&tp=1&oh=dd0481ed45a1d649f34574a46e67e3b4&oe=5FC5E2A6"
    },
    {
      "text": "Dis. Products",
      "src": "https://scontent-lax3-1.cdninstagram.com/v/t51.12442-15/e35/c26.489.1035.1035a/s150x150/73385860_741143582993709_8589809836084358182_n.jpg?_nc_ht=scontent-lax3-1.cdninstagram.com&_nc_cat=109&_nc_ohc=oMw5jh2GZkwAX-jocA-&tp=1&oh=6c5795a0b42b0823d582c261aac082c0&oe=5FC5E2AC"
    }
  ],
  "posts": [
    {
      "src": "https://scontent-lax3-2.cdninstagram.com/v/t51.2885-15/sh0.08/e35/s640x640/127094592_379508353156523_2969565945839319759_n.jpg?_nc_ht=scontent-lax3-2.cdninstagram.com&_nc_cat=111&_nc_ohc=HoSdyifE2tsAX_FdoMM&tp=1&oh=ac298d0003049e541ed705f8966f4e33&oe=5FED6ED3"
    },
    {
      "src": "https://scontent-lax3-2.cdninstagram.com/v/t51.2885-15/sh0.08/e35/s640x640/127303892_678151809510379_8349147434554970726_n.jpg?_nc_ht=scontent-lax3-2.cdninstagram.com&_nc_cat=107&_nc_ohc=MTkjjARGZdYAX-BhwQy&tp=1&oh=ebae06709d3cff5dff4d80769dcdb6f0&oe=5FEC49F6"
    },
    {
      "src": "https://scontent-lax3-2.cdninstagram.com/v/t51.2885-15/sh0.08/e35/s640x640/126058692_448585099461930_1652782116314389761_n.jpg?_nc_ht=scontent-lax3-2.cdninstagram.com&_nc_cat=106&_nc_ohc=lwAX8qN0WoQAX_xD7Ph&tp=1&oh=db2442aacda79e01f1010c93ccbeb77d&oe=5FECF26B"
    },
    {
      "src": "https://scontent-lax3-2.cdninstagram.com/v/t51.2885-15/sh0.08/e35/s640x640/127236511_391132568899267_6941133926142515469_n.jpg?_nc_ht=scontent-lax3-2.cdninstagram.com&_nc_cat=107&_nc_ohc=OjYkNe-9yTQAX9WPaSW&tp=1&oh=bb0bcba9896a19456f41e5d7657c42cf&oe=5FEE7304"
    },
    {
      "src": "https://scontent-lax3-2.cdninstagram.com/v/t51.2885-15/sh0.08/e35/s640x640/127186201_113699950464583_979631735549242682_n.jpg?_nc_ht=scontent-lax3-2.cdninstagram.com&_nc_cat=107&_nc_ohc=0W_Q1sT5YrQAX_lnFT6&tp=1&oh=4d0f91a74cf20b1bfbc6ca7dae5846a4&oe=5FEC1975"
    },
    {
      "src": "https://scontent-lax3-1.cdninstagram.com/v/t51.2885-15/sh0.08/e35/s640x640/127908300_3574203612667133_8476755731971191726_n.jpg?_nc_ht=scontent-lax3-1.cdninstagram.com&_nc_cat=105&_nc_ohc=4TSpCLqS8_MAX875i9V&tp=1&oh=fbd95ca9a2ff7decb8602441132f204d&oe=5FED2B09"
    },
    {
      "src": "https://scontent-lax3-1.cdninstagram.com/v/t51.2885-15/sh0.08/e35/s640x640/126997037_183767233363894_8183873089059896415_n.jpg?_nc_ht=scontent-lax3-1.cdninstagram.com&_nc_cat=110&_nc_ohc=kMdYKwKkZKoAX83EB3k&tp=1&oh=0a4cfa74f05d03dfd0ec353f33a89477&oe=5FEC7E70"
    },
    {
      "src": "https://scontent-lax3-2.cdninstagram.com/v/t51.2885-15/sh0.08/e35/c0.5.1144.1144a/s640x640/127162657_730599897814699_8904255851481519647_n.jpg?_nc_ht=scontent-lax3-2.cdninstagram.com&_nc_cat=107&_nc_ohc=YiU9hofh0_wAX-Cahnb&tp=1&oh=2a3247ebfc0edadf682b766677380eab&oe=5FEB289D"
    },
    {
      "src": "https://scontent-lax3-1.cdninstagram.com/v/t51.2885-15/sh0.08/e35/s640x640/127817476_213289823566192_2619420299227788983_n.jpg?_nc_ht=scontent-lax3-1.cdninstagram.com&_nc_cat=104&_nc_ohc=mQr6dZ20zDMAX-8DptZ&tp=1&oh=5d5a9d198a03377fd9b5f68194c180ee&oe=5FECC191"
    },
    {
      "src": "https://scontent-lax3-1.cdninstagram.com/v/t51.2885-15/sh0.08/e35/s640x640/127182979_656371981709864_6444680773965237128_n.jpg?_nc_ht=scontent-lax3-1.cdninstagram.com&_nc_cat=108&_nc_ohc=kXZn5cioyAwAX8AbF8U&tp=1&oh=eb78b88db3ce241433e5a1083ebfec77&oe=5FED7ED5"
    },
    {
      "src": "https://scontent-lax3-1.cdninstagram.com/v/t51.2885-15/e35/c144.0.352.352a/126910872_1012475255918614_8089963298512322861_n.jpg?_nc_ht=scontent-lax3-1.cdninstagram.com&_nc_cat=110&_nc_ohc=q9unzFg7N0YAX_EbOZi&tp=1&oh=af3b23ebb8c2bdfc96e0dc43a95b551d&oe=5FC606A4"
    },
    {
      "src": "https://scontent-lax3-1.cdninstagram.com/v/t51.2885-15/e35/c0.168.432.432a/125887286_426377808371885_4669575107565861180_n.jpg?_nc_ht=scontent-lax3-1.cdninstagram.com&_nc_cat=105&_nc_ohc=Qmshx1HeD94AX-Maf2G&tp=1&oh=94155d9b0259d5a5268fe6603f3fc188&oe=5FC5856C"
    },
    {
      "src": "https://scontent-lax3-1.cdninstagram.com/v/t51.2885-15/sh0.08/e35/s640x640/126100507_1365092137161917_5679177049463263721_n.jpg?_nc_ht=scontent-lax3-1.cdninstagram.com&_nc_cat=105&_nc_ohc=RH9yHeYeOzcAX-WRHRW&tp=1&oh=16e31d72f0c3ba74a8aa6740b3153851&oe=5FEBB9BE"
    },
    {
      "src": "https://scontent-lax3-1.cdninstagram.com/v/t51.2885-15/e35/c144.0.352.352a/126394063_208096724057609_1784170225138558734_n.jpg?_nc_ht=scontent-lax3-1.cdninstagram.com&_nc_cat=105&_nc_ohc=0dmD8YNLTXEAX-FAiHh&tp=1&oh=56ef931685626b22eb2ee2081d8d6bf3&oe=5FC5D8A4"
    },
    {
      "src": "https://scontent-lax3-1.cdninstagram.com/v/t51.2885-15/sh0.08/e35/s640x640/126094745_153381549810604_5114435817807406943_n.jpg?_nc_ht=scontent-lax3-1.cdninstagram.com&_nc_cat=104&_nc_ohc=5VX2RQs28NIAX961zqI&tp=1&oh=978f27bcf8ed5588839a16de6954ebce&oe=5FEDDDA2"
    },
    {
      "src": "https://scontent-lax3-1.cdninstagram.com/v/t51.2885-15/e35/c144.0.352.352a/126260396_384715556100374_5095548923377273629_n.jpg?_nc_ht=scontent-lax3-1.cdninstagram.com&_nc_cat=102&_nc_ohc=Crh8xTv-5JUAX_T-pin&tp=1&oh=74f06064bedc94353ae49a93e9c38685&oe=5FC5F8A6"
    },
    {
      "src": "https://scontent-lax3-1.cdninstagram.com/v/t51.2885-15/sh0.08/e35/s640x640/126225920_107555057770126_2492736381752634501_n.jpg?_nc_ht=scontent-lax3-1.cdninstagram.com&_nc_cat=110&_nc_ohc=1mU8RH1KJG4AX9AtNM-&tp=1&oh=23f92209fa10785cfa79e6ad1b170670&oe=5FEC8A04"
    },
    {
      "src": "https://scontent-lax3-1.cdninstagram.com/v/t51.2885-15/e35/c144.0.352.352a/126352640_3303830079725942_4094824657188070182_n.jpg?_nc_ht=scontent-lax3-1.cdninstagram.com&_nc_cat=102&_nc_ohc=Vwubqpi1NOkAX9qVBE9&tp=1&oh=131c18b2e0d1e9548bfd93c74ed32020&oe=5FC5839F"
    },
    {
      "src": "https://scontent-lax3-1.cdninstagram.com/v/t51.2885-15/sh0.08/e35/s640x640/126195364_217507156458576_559434639929861539_n.jpg?_nc_ht=scontent-lax3-1.cdninstagram.com&_nc_cat=100&_nc_ohc=dCJhg3OWeZsAX-Bxp60&tp=1&oh=08738663a444fce8809c216358c6731b&oe=5FEC80F3"
    },
    {
      "src": "https://scontent-lax3-1.cdninstagram.com/v/t51.2885-15/sh0.08/e35/s640x640/126200110_180101393750333_3373167527499839849_n.jpg?_nc_ht=scontent-lax3-1.cdninstagram.com&_nc_cat=105&_nc_ohc=2JpVxvhmny0AX8gyGn5&tp=1&oh=6704f4cd15b82a70b1699d04245b9086&oe=5FEB088C"
    },
    {
      "src": "https://scontent-lax3-1.cdninstagram.com/v/t51.2885-15/sh0.08/e35/s640x640/126104811_805078020343820_3065073188025420275_n.jpg?_nc_ht=scontent-lax3-1.cdninstagram.com&_nc_cat=108&_nc_ohc=yyHvgZSzubsAX_O8X6p&tp=1&oh=85646eb9e2e2804a4613bc79a88a10ac&oe=5FEC496B"
    },
    {
      "src": "https://scontent-lax3-1.cdninstagram.com/v/t51.2885-15/sh0.08/e35/s640x640/125904791_212708476894346_6906190657350500939_n.jpg?_nc_ht=scontent-lax3-1.cdninstagram.com&_nc_cat=102&_nc_ohc=yY6BZBqatQMAX-nRZxn&tp=1&oh=38c2bb9e7dd8689ce3897271ee616ee9&oe=5FED4479"
    },
    {
      "src": "https://scontent-lax3-1.cdninstagram.com/v/t51.2885-15/sh0.08/e35/s640x640/126304521_141846317695441_4178870685999135922_n.jpg?_nc_ht=scontent-lax3-1.cdninstagram.com&_nc_cat=101&_nc_ohc=3qgkDQSzSkQAX8Sa3Um&tp=1&oh=9e5ea1c06413fae333ddf9a0c3f18825&oe=5FEE9DB8"
    },
    {
      "src": "https://scontent-lax3-2.cdninstagram.com/v/t51.2885-15/e35/c144.0.352.352a/125525138_205258944306234_8164678754419715026_n.jpg?_nc_ht=scontent-lax3-2.cdninstagram.com&_nc_cat=106&_nc_ohc=qXzglzsMZEUAX_2piUU&tp=1&oh=8e400b817e6bbb1da6f9ebb1d76b22ca&oe=5FC57616"
    }
  ]
}