{
  "user_name": "shoppingspree_co",
  "profile_photo": "https://scontent-lax3-2.cdninstagram.com/v/t51.2885-19/s150x150/66391681_347266382892490_261483050704044032_n.jpg?_nc_ht=scontent-lax3-2.cdninstagram.com&_nc_ohc=vCPexy-WBjIAX-HDvkU&tp=1&oh=4cb5f20c78c4b730be53f75066ebb33a&oe=5FEE7E72",
  "name": "PHONECASE COMPANY",
  "webiste": "https://l.instagram.com/?u=http%3A%2F%2Fapi.whatsapp.com%2Fsend%3Fphone%3D23409066060476&e=ATMGOelpotRypoAXLe8piMHI44TgnY-O6zAfjh28Os4Ts4SNk3_PAeyov-m0pILHNtCILzfKDgyGmdwK4yCl-A&s=1",
  "bio": "📍| Lagos<br>🛒| PHONE ACCESSORIES AND MORE<br>Work hours<br>MON - SAT : 8am - 8pm<br>SUN : 4pm -8:30pm <br>📮CLICK THE LINK BELOW TO CHAT WITH US  ON WHATSAPP",
  "category": "",
  "posts_count": "4,403",
  "followers_count": "40.3k",
  "following_count": "1,200",
  "story_highlights": [
    {
      "text": "Reviews❤️",
      "src": "https://scontent-lax3-2.cdninstagram.com/v/t51.2885-15/s150x150/127307515_223866295763991_4812330628731907626_n.jpg?_nc_ht=scontent-lax3-2.cdninstagram.com&_nc_ohc=ifxDqz15YXwAX8esFx4&tp=1&oh=7049b3e5cc786bb883ab3c2369074d8d&oe=5FEC0F40"
    },
    {
      "text": "Reviews❤️",
      "src": "https://scontent-lax3-2.cdninstagram.com/v/t51.2885-15/s150x150/125447170_727937894486666_5118003836772757002_n.jpg?_nc_ht=scontent-lax3-2.cdninstagram.com&_nc_ohc=QyBnyXmOGoYAX_nOghX&tp=1&oh=ce1c8e7776cbee8208c93bfe98d9f60c&oe=5FEB6103"
    },
    {
      "text": "Reviews❤️",
      "src": "https://scontent-lax3-2.cdninstagram.com/v/t51.2885-15/s150x150/123131800_680507906217109_4896412645026725970_n.jpg?_nc_ht=scontent-lax3-2.cdninstagram.com&_nc_ohc=fMtknrOUKuYAX9ZWsL-&tp=1&oh=30247bb4b63a5659dea899794d4eeb80&oe=5FEC6F09"
    },
    {
      "text": "Reviews❤️",
      "src": "https://scontent-lax3-2.cdninstagram.com/v/t51.2885-15/s150x150/120371680_191026905766376_7050292701656122649_n.jpg?_nc_ht=scontent-lax3-2.cdninstagram.com&_nc_ohc=JVKp8csCb3wAX-loUzS&tp=1&oh=18851863724b938b661af12441aecc58&oe=5FEBB9B7"
    },
    {
      "text": "Reviews❤️",
      "src": "https://scontent-lax3-2.cdninstagram.com/v/t51.2885-15/s150x150/119006007_121779032990496_2185756186583854355_n.jpg?_nc_ht=scontent-lax3-2.cdninstagram.com&_nc_ohc=tRj6yZBKBlUAX-lZbRo&tp=1&oh=34ef901ffb5b7f5ed2757ce8f9bdd1e4&oe=5FEC806A"
    },
    {
      "text": "Reviews❤️",
      "src": "https://scontent-lax3-1.cdninstagram.com/v/t51.2885-15/e35/c37.457.1152.1152a/s150x150/118194060_1045689225847570_497342868134976684_n.jpg?_nc_ht=scontent-lax3-1.cdninstagram.com&_nc_cat=110&_nc_ohc=rwr_Qcujp1MAX_OLMMs&tp=1&oh=10229681c4934881777720b4325cc031&oe=5FC576D9"
    },
    {
      "text": "Deliveries❤️",
      "src": "https://scontent-lax3-1.cdninstagram.com/v/t51.2885-15/e15/c39.667.1001.1001a/s150x150/118246870_324971675286257_779218277036762810_n.jpg?_nc_ht=scontent-lax3-1.cdninstagram.com&_nc_cat=105&_nc_ohc=dCS4Sk2A4_EAX-s-MWt&tp=1&oh=00340c9b3265e2499dbab3d7c8f1b065&oe=5FC5DC5C"
    },
    {
      "text": "Reviews❤️",
      "src": "https://scontent-lax3-1.cdninstagram.com/v/t51.2885-15/e35/c15.380.1152.1152a/s150x150/118194060_1045689225847570_497342868134976684_n.jpg?_nc_ht=scontent-lax3-1.cdninstagram.com&_nc_cat=110&_nc_ohc=rwr_Qcujp1MAX_OLMMs&tp=1&oh=87f543bdddf7055d7cf226e777fabadf&oe=5FC5CCB7"
    },
    {
      "text": "Reviews❤️",
      "src": "https://scontent-lax3-1.cdninstagram.com/v/t51.2885-15/e35/c46.455.1152.1152a/s150x150/118194060_1045689225847570_497342868134976684_n.jpg?_nc_ht=scontent-lax3-1.cdninstagram.com&_nc_cat=110&_nc_ohc=rwr_Qcujp1MAX_OLMMs&tp=1&oh=24af822a23c082aeb12178b40ad30bb4&oe=5FC56E68"
    },
    {
      "text": "Reviews❤️",
      "src": "https://scontent-lax3-1.cdninstagram.com/v/t51.2885-15/e35/c7.528.1152.1152a/s150x150/118194060_1045689225847570_497342868134976684_n.jpg?_nc_ht=scontent-lax3-1.cdninstagram.com&_nc_cat=110&_nc_ohc=rwr_Qcujp1MAX_OLMMs&tp=1&oh=addb2493564dd64e45aee5c949d01358&oe=5FC60071"
    }
  ],
  "posts": [
    {
      "src": "https://scontent-lax3-1.cdninstagram.com/v/t51.2885-15/sh0.08/e35/c0.179.1440.1440a/s640x640/127632048_1073380199766285_2460717790260599171_n.jpg?_nc_ht=scontent-lax3-1.cdninstagram.com&_nc_cat=109&_nc_ohc=kh2zfb_40U4AX849H7d&tp=1&oh=9690a3c1cf109f2e6d1606ac63361347&oe=5FED18F4"
    },
    {
      "src": "https://scontent-lax3-1.cdninstagram.com/v/t51.2885-15/sh0.08/e35/c0.90.720.720a/s640x640/127961549_411944250161209_4367306588044120139_n.jpg?_nc_ht=scontent-lax3-1.cdninstagram.com&_nc_cat=101&_nc_ohc=PEssk7jYpgMAX8OKcYb&tp=1&oh=a4cea0a2e436cb0a52d450bdf5a40082&oe=5FC5A4EA"
    },
    {
      "src": "https://scontent-lax3-1.cdninstagram.com/v/t51.2885-15/sh0.08/e35/c0.90.720.720a/s640x640/127331750_146647767208933_6299514144014787743_n.jpg?_nc_ht=scontent-lax3-1.cdninstagram.com&_nc_cat=101&_nc_ohc=y2wSVZO418kAX-zySTO&tp=1&oh=417293a2d7de9ff454ae8a087f6a8378&oe=5FC5A858"
    },
    {
      "src": "https://scontent-lax3-1.cdninstagram.com/v/t51.2885-15/sh0.08/e35/c0.180.1440.1440a/s640x640/127918341_2438766489752025_7632647765178660013_n.jpg?_nc_ht=scontent-lax3-1.cdninstagram.com&_nc_cat=109&_nc_ohc=jYaSxse4zdUAX_p7D2I&tp=1&oh=a82e7d7c23d31aa6523ec4ed3d1e082d&oe=5FEC537A"
    },
    {
      "src": "https://scontent-lax3-1.cdninstagram.com/v/t51.2885-15/sh0.08/e35/c0.180.1440.1440a/s640x640/127413822_994133464417250_8302511972109510375_n.jpg?_nc_ht=scontent-lax3-1.cdninstagram.com&_nc_cat=102&_nc_ohc=ZarOzKrQWQEAX8WKfvU&tp=1&oh=7b684223308aea5829dd4ce241009015&oe=5FED1B12"
    },
    {
      "src": "https://scontent-lax3-1.cdninstagram.com/v/t51.2885-15/sh0.08/e35/c0.180.1440.1440a/s640x640/127466017_3567543936647570_5506421873357307481_n.jpg?_nc_ht=scontent-lax3-1.cdninstagram.com&_nc_cat=102&_nc_ohc=hzyzlA0uCCkAX-lL4Mp&tp=1&oh=51d8cebe8572b380f851d0e0104431c6&oe=5FEC39B9"
    },
    {
      "src": "https://scontent-lax3-1.cdninstagram.com/v/t51.2885-15/sh0.08/e35/c0.180.1440.1440a/s640x640/127315637_988616554880296_8346316844824061895_n.jpg?_nc_ht=scontent-lax3-1.cdninstagram.com&_nc_cat=104&_nc_ohc=AvJdmIvH6vgAX8Gvfgo&tp=1&oh=815a478b61e86e7592a0dfeee89bec47&oe=5FEE31D9"
    },
    {
      "src": "https://scontent-lax3-2.cdninstagram.com/v/t51.2885-15/sh0.08/e35/c0.180.1440.1440a/s640x640/127627408_485735202437898_4258254933224902857_n.jpg?_nc_ht=scontent-lax3-2.cdninstagram.com&_nc_cat=106&_nc_ohc=NhV1ci7CkrQAX_P6X1N&tp=1&oh=6bd1b416ccba65e9e053664af7e00374&oe=5FEC46A5"
    },
    {
      "src": "https://scontent-lax3-1.cdninstagram.com/v/t51.2885-15/sh0.08/e35/c0.180.1440.1440a/s640x640/127235733_379773546627637_7258158993422853987_n.jpg?_nc_ht=scontent-lax3-1.cdninstagram.com&_nc_cat=101&_nc_ohc=mgKTT2yISwkAX-Pbk7O&tp=1&oh=f956e89cfad4d478d1a96816f965c493&oe=5FED9ABE"
    },
    {
      "src": "https://scontent-lax3-1.cdninstagram.com/v/t51.2885-15/e35/128109388_710910976209188_4758334574012338108_n.jpg?_nc_ht=scontent-lax3-1.cdninstagram.com&_nc_cat=108&_nc_ohc=ea3E2WvFYSUAX943jhU&tp=1&oh=a14e9c07463c09b7c0698f98b393256d&oe=5FEB803F"
    },
    {
      "src": "https://scontent-lax3-1.cdninstagram.com/v/t51.2885-15/e35/c0.80.640.640a/127906847_200906538270308_7368863776800927787_n.jpg?_nc_ht=scontent-lax3-1.cdninstagram.com&_nc_cat=108&_nc_ohc=40Q8zFyJ52UAX8YrCGs&tp=1&oh=95b0122449ae7be4e7848b4e1b0a061d&oe=5FC5BDF3"
    },
    {
      "src": "https://scontent-lax3-1.cdninstagram.com/v/t51.2885-15/sh0.08/e35/s640x640/127368636_654967258490936_3784413049316335902_n.jpg?_nc_ht=scontent-lax3-1.cdninstagram.com&_nc_cat=108&_nc_ohc=Ep4Y9vH2fVkAX8TpqqM&tp=1&oh=6a81b8fbf7cbcfee19f7f9566b11388f&oe=5FEEC65A"
    },
    {
      "src": "https://scontent-lax3-1.cdninstagram.com/v/t51.2885-15/sh0.08/e35/c0.179.1440.1440a/s640x640/127106264_677793926265015_3690737333683976524_n.jpg?_nc_ht=scontent-lax3-1.cdninstagram.com&_nc_cat=103&_nc_ohc=nRMAC_z_LIIAX_8TX4z&tp=1&oh=2a8493a00f470276bf2c5c7b3c362926&oe=5FEC3E06"
    },
    {
      "src": "https://scontent-lax3-1.cdninstagram.com/v/t51.2885-15/sh0.08/e35/c0.90.720.720a/s640x640/127250307_384185476032032_3042996182190689005_n.jpg?_nc_ht=scontent-lax3-1.cdninstagram.com&_nc_cat=108&_nc_ohc=EtE9cZnMTpwAX8Rn7qk&tp=1&oh=03d8da48070963019567f0035aa50fa3&oe=5FC604D9"
    },
    {
      "src": "https://scontent-lax3-1.cdninstagram.com/v/t51.2885-15/e35/127447839_707780223445492_7625693738169162803_n.jpg?_nc_ht=scontent-lax3-1.cdninstagram.com&_nc_cat=104&_nc_ohc=eQsdx6NdtTcAX-CN8-H&tp=1&oh=ac9305cc23772773fea2989b4263f810&oe=5FEBD44B"
    },
    {
      "src": "https://scontent-lax3-1.cdninstagram.com/v/t51.2885-15/sh0.08/e35/c0.180.1440.1440a/s640x640/127107345_416272643091785_817091396963677547_n.jpg?_nc_ht=scontent-lax3-1.cdninstagram.com&_nc_cat=105&_nc_ohc=nzxmSrtUGY0AX_5lUN8&tp=1&oh=c91c97715a4b0bdf552ec5303ca4e83b&oe=5FEB0D00"
    },
    {
      "src": "https://scontent-lax3-2.cdninstagram.com/v/t51.2885-15/sh0.08/e35/c0.90.720.720a/s640x640/127859143_684173248961323_7508030296012813175_n.jpg?_nc_ht=scontent-lax3-2.cdninstagram.com&_nc_cat=107&_nc_ohc=ApmLfplDM3EAX9k-k91&tp=1&oh=cdee1aeb80401f4e876dcf28c6309ba9&oe=5FC57CBA"
    },
    {
      "src": "https://scontent-lax3-1.cdninstagram.com/v/t51.2885-15/sh0.08/e35/c0.179.1440.1440a/s640x640/126062762_1551974571669364_6788758206660238978_n.jpg?_nc_ht=scontent-lax3-1.cdninstagram.com&_nc_cat=104&_nc_ohc=c17EnTeYemkAX8qgPNe&tp=1&oh=64b954046ae1730a6d5a41228d628d13&oe=5FED6819"
    },
    {
      "src": "https://scontent-lax3-1.cdninstagram.com/v/t51.2885-15/sh0.08/e35/c0.180.1440.1440a/s640x640/127076523_853192785430925_668652622938732070_n.jpg?_nc_ht=scontent-lax3-1.cdninstagram.com&_nc_cat=105&_nc_ohc=WZweDWkuS4MAX8mJOIE&tp=1&oh=a9fc8bf16e5c8079c093f2b2afe46f7c&oe=5FEB93BA"
    },
    {
      "src": "https://scontent-lax3-1.cdninstagram.com/v/t51.2885-15/sh0.08/e35/c0.90.720.720a/s640x640/127083810_136353331573873_7102698547453643388_n.jpg?_nc_ht=scontent-lax3-1.cdninstagram.com&_nc_cat=101&_nc_ohc=e35z07R_sKYAX95QjMk&tp=1&oh=8e19f786c534c953b08c3e250bcf5f6c&oe=5FC57FC0"
    },
    {
      "src": "https://scontent-lax3-2.cdninstagram.com/v/t51.2885-15/sh0.08/e35/c0.180.1440.1440a/s640x640/127182624_719076452054383_9058997757997387252_n.jpg?_nc_ht=scontent-lax3-2.cdninstagram.com&_nc_cat=107&_nc_ohc=p1BWGR9w00QAX-4AZg1&tp=1&oh=70d7c65cb7d81d895c7588cbcc8d6345&oe=5FED90B8"
    },
    {
      "src": "https://scontent-lax3-1.cdninstagram.com/v/t51.2885-15/sh0.08/e35/c0.180.1440.1440a/s640x640/127315635_1085078065273912_8425419884270371689_n.jpg?_nc_ht=scontent-lax3-1.cdninstagram.com&_nc_cat=104&_nc_ohc=Dvxgw6lnG5sAX83Xv5W&tp=1&oh=a9fc45b097ad9544110a7b308f3ddbab&oe=5FEE793C"
    },
    {
      "src": "https://scontent-lax3-1.cdninstagram.com/v/t51.2885-15/sh0.08/e35/c0.90.720.720a/s640x640/126329308_681602769206589_6276288217065334954_n.jpg?_nc_ht=scontent-lax3-1.cdninstagram.com&_nc_cat=109&_nc_ohc=kqxgnp6UD3QAX9PvLXt&tp=1&oh=ccbb328ce1bf459d714d80ceb42ce3d4&oe=5FC57E5D"
    },
    {
      "src": "https://scontent-lax3-1.cdninstagram.com/v/t51.2885-15/sh0.08/e35/c0.179.1440.1440a/s640x640/127002504_852580398821649_4736219533253876847_n.jpg?_nc_ht=scontent-lax3-1.cdninstagram.com&_nc_cat=109&_nc_ohc=ZGttUPUhM-4AX8vhE3f&tp=1&oh=52bdb133b3e4d46cebce9dd695284ab6&oe=5FEEBBE7"
    }
  ]
}