{
  "user_name": "straightlynegadgets",
  "profile_photo": "https://scontent-lax3-2.cdninstagram.com/v/t51.2885-19/s150x150/69424350_917218185277322_5620200358786629632_n.jpg?_nc_ht=scontent-lax3-2.cdninstagram.com&_nc_ohc=rxF9YOaxIF0AX8ifHQT&tp=1&oh=45c1e6e479e989b506d13a90d5b0a509&oe=5FEE30E6",
  "name": "Straighlyne Telecommunication",
  "webiste": "",
  "bio": "<a class=\" xil3i\" href=\"/explore/tags/straightlynegadgets/\" tabindex=\"0\">#straightlynegadgets</a><br>📌 WeSwap&amp;WeSell<br>📌Phones|Laptops|Accessories<br>📌Payment💸 on delivery <br>📌Nationwide delivery<br>📞08065003090<br>https://wa.me/2348065003090",
  "category": "",
  "posts_count": "216",
  "followers_count": "2,267",
  "following_count": "6,560",
  "story_highlights": [
    {
      "text": "Kids Tab",
      "src": "https://scontent-lax3-2.cdninstagram.com/v/t51.2885-15/e15/c28.309.662.662a/s150x150/120203687_2612341679079162_2055918898582443666_n.jpg?_nc_ht=scontent-lax3-2.cdninstagram.com&_nc_cat=106&_nc_ohc=KpfswvbXQDgAX-hf6tx&tp=1&oh=8d5533969bc516a11d5b560672bcf020&oe=5FC592C6"
    },
    {
      "text": "Good deals",
      "src": "https://scontent-lax3-1.cdninstagram.com/v/t51.12442-15/e15/c0.280.720.720a/s150x150/103069108_2579602312292732_7212577657609099532_n.jpg?_nc_ht=scontent-lax3-1.cdninstagram.com&_nc_cat=108&_nc_ohc=vRmsd2N0X9UAX_xkkj-&tp=1&oh=58ddd272ad584f51adc92bed1bfba633&oe=5FC607BB"
    },
    {
      "text": "Airpods",
      "src": "https://scontent-lax3-1.cdninstagram.com/v/t51.12442-15/e35/c0.483.1242.1242a/s150x150/76884935_596983897505038_8564644935743182994_n.jpg?_nc_ht=scontent-lax3-1.cdninstagram.com&_nc_cat=110&_nc_ohc=PRUTHMywhj4AX89dDiC&tp=1&oh=7f1c912904d53b74728443ee34354ab0&oe=5FC5D778"
    },
    {
      "text": "SWAP DEAL",
      "src": "https://scontent-lax3-1.cdninstagram.com/v/t51.12442-15/e35/c0.420.1080.1080a/s150x150/71331097_190504815318605_5717687126868373517_n.jpg?_nc_ht=scontent-lax3-1.cdninstagram.com&_nc_cat=105&_nc_ohc=c6von1IET3cAX9rsx1q&tp=1&oh=41c1ae8abd03e01ac38dbeee4219d54a&oe=5FC5A10B"
    },
    {
      "text": "Best deal ever",
      "src": "https://scontent-lax3-2.cdninstagram.com/v/t51.2885-15/s150x150/67954588_156681085411958_7329474623360951589_n.jpg?_nc_ht=scontent-lax3-2.cdninstagram.com&_nc_ohc=BENJVbQ6IL0AX8dXH5G&tp=1&oh=5da1f99098ba62e3cd98729a88c0a6b8&oe=5FED3EC1"
    }
  ],
  "posts": [
    {
      "src": "https://scontent-lax3-1.cdninstagram.com/v/t51.2885-15/sh0.08/e35/s640x640/127494015_393219455251886_874924822940177809_n.jpg?_nc_ht=scontent-lax3-1.cdninstagram.com&_nc_cat=102&_nc_ohc=1JKr7H81UF8AX_9m003&tp=1&oh=778cbf32859489637b3798bbcdf17767&oe=5FEC44CD"
    },
    {
      "src": "https://scontent-lax3-2.cdninstagram.com/v/t51.2885-15/sh0.08/e35/s640x640/127720636_309411913463935_5134808650528592984_n.jpg?_nc_ht=scontent-lax3-2.cdninstagram.com&_nc_cat=107&_nc_ohc=lPcYI-ITZ2IAX91AFrB&tp=1&oh=a58ef163bb50ee0a04073793a7b67816&oe=5FC5AFF8"
    },
    {
      "src": "https://scontent-lax3-1.cdninstagram.com/v/t51.2885-15/e35/127697719_135860371630779_1960465803334872116_n.jpg?_nc_ht=scontent-lax3-1.cdninstagram.com&_nc_cat=103&_nc_ohc=DSiijJd6jeMAX_iUf2H&tp=1&oh=271c5886ef1a241155b8a268e56111b3&oe=5FEE576D"
    },
    {
      "src": "https://scontent-lax3-1.cdninstagram.com/v/t51.2885-15/e35/126999816_414981186342529_5130026205918950013_n.jpg?_nc_ht=scontent-lax3-1.cdninstagram.com&_nc_cat=101&_nc_ohc=IdEPYCJl1mMAX-5d6aB&tp=1&oh=ecf006f855e06dd924fe1f953680baad&oe=5FEBEFE2"
    },
    {
      "src": "https://scontent-lax3-2.cdninstagram.com/v/t51.2885-15/e35/127072513_712902852661746_7713203383407537879_n.jpg?_nc_ht=scontent-lax3-2.cdninstagram.com&_nc_cat=106&_nc_ohc=TbAKbNqdi5QAX8D9LfN&tp=1&oh=53913c8c074b00914255d51757f87161&oe=5FEECF32"
    },
    {
      "src": "https://scontent-lax3-2.cdninstagram.com/v/t51.2885-15/sh0.08/e35/s640x640/127637908_1063650030707015_1188025754338280759_n.jpg?_nc_ht=scontent-lax3-2.cdninstagram.com&_nc_cat=111&_nc_ohc=z0C1fTcevZsAX_AJ5K3&tp=1&oh=475c22a400daad48cafe1fe4b7316da8&oe=5FC58D6A"
    },
    {
      "src": "https://scontent-lax3-1.cdninstagram.com/v/t51.2885-15/sh0.08/e35/s640x640/127184451_825593384901689_6568983528720127681_n.jpg?_nc_ht=scontent-lax3-1.cdninstagram.com&_nc_cat=105&_nc_ohc=d7ppsMEdFyQAX_GInDW&tp=1&oh=7da7a3464244e34c23ec58d37e976d06&oe=5FEB0471"
    },
    {
      "src": "https://scontent-lax3-1.cdninstagram.com/v/t51.2885-15/sh0.08/e35/s640x640/126516829_861025181310793_5424488526969707314_n.jpg?_nc_ht=scontent-lax3-1.cdninstagram.com&_nc_cat=101&_nc_ohc=Yu059Y3Y42oAX_cC7KN&tp=1&oh=f83501eb72a5cd74c08f1249837218ac&oe=5FEB4EFB"
    },
    {
      "src": "https://scontent-lax3-1.cdninstagram.com/v/t51.2885-15/sh0.08/e35/s640x640/125998721_1650635195098344_6679879364870461427_n.jpg?_nc_ht=scontent-lax3-1.cdninstagram.com&_nc_cat=100&_nc_ohc=WoJeQq7lZisAX_KzZWB&tp=1&oh=183b0bb6673ee04a02287e5fabab30e3&oe=5FECE7D9"
    },
    {
      "src": "https://scontent-lax3-1.cdninstagram.com/v/t51.2885-15/sh0.08/e35/s640x640/126086501_1086735095110704_7629004813710597410_n.jpg?_nc_ht=scontent-lax3-1.cdninstagram.com&_nc_cat=100&_nc_ohc=jboupHxgUdIAX_lLiKh&tp=1&oh=6d80ce0514707f5b64fd56115c4ecca7&oe=5FED9A84"
    },
    {
      "src": "https://scontent-lax3-2.cdninstagram.com/v/t51.2885-15/sh0.08/e35/s640x640/125791082_2641725509472587_5974305151965311318_n.jpg?_nc_ht=scontent-lax3-2.cdninstagram.com&_nc_cat=111&_nc_ohc=DiX7U8YnwTUAX_CFC5u&tp=1&oh=27a9beac9da4bbd27eef7af4488ce710&oe=5FEC17EB"
    },
    {
      "src": "https://scontent-lax3-1.cdninstagram.com/v/t51.2885-15/e35/126508910_668531987164118_4524914307678767564_n.jpg?_nc_ht=scontent-lax3-1.cdninstagram.com&_nc_cat=102&_nc_ohc=UEj7QDulFwwAX9KF8mt&tp=1&oh=488d90b27d577459f92a0cb36086f78e&oe=5FEED286"
    },
    {
      "src": "https://scontent-lax3-2.cdninstagram.com/v/t51.2885-15/sh0.08/e35/s640x640/125787413_381259379972142_1994934067137749174_n.jpg?_nc_ht=scontent-lax3-2.cdninstagram.com&_nc_cat=106&_nc_ohc=PgPeDURvKeIAX8yocK2&tp=1&oh=ccecc402e0c983cbf5f44d155bda7241&oe=5FEED17C"
    },
    {
      "src": "https://scontent-lax3-2.cdninstagram.com/v/t51.2885-15/sh0.08/e35/s640x640/125929285_2467617830205846_5110601128299956943_n.jpg?_nc_ht=scontent-lax3-2.cdninstagram.com&_nc_cat=106&_nc_ohc=55zZVFfZBj8AX9nHxpV&tp=1&oh=499e66482ef7528f15c69cf31b5ea0ad&oe=5FEDA4B4"
    },
    {
      "src": "https://scontent-lax3-2.cdninstagram.com/v/t51.2885-15/e35/c1.0.428.428a/125352186_717566622195246_4431839266419292090_n.jpg?_nc_ht=scontent-lax3-2.cdninstagram.com&_nc_cat=106&_nc_ohc=T0PxM22qCOYAX9SnGxX&tp=1&oh=b6c4a34ff434ec174b8ba35568dfe6ac&oe=5FEE0750"
    },
    {
      "src": "https://scontent-lax3-1.cdninstagram.com/v/t51.2885-15/sh0.08/e35/s640x640/125090291_651542652143001_763462536046676576_n.jpg?_nc_ht=scontent-lax3-1.cdninstagram.com&_nc_cat=109&_nc_ohc=kJg8-XhS-tAAX8NhhqH&tp=1&oh=1faa22aefad2ae018488ac7430711789&oe=5FEC1B06"
    },
    {
      "src": "https://scontent-lax3-1.cdninstagram.com/v/t51.2885-15/sh0.08/e35/s640x640/124576994_382688176494421_7469819430490576789_n.jpg?_nc_ht=scontent-lax3-1.cdninstagram.com&_nc_cat=101&_nc_ohc=Ui5JARD99WIAX_HO-cB&tp=1&oh=d041bc14d5337c5e65ff9d451125441e&oe=5FEC4166"
    },
    {
      "src": "https://scontent-lax3-1.cdninstagram.com/v/t51.2885-15/sh0.08/e35/s640x640/123819975_272210484219423_2137004783691984947_n.jpg?_nc_ht=scontent-lax3-1.cdninstagram.com&_nc_cat=103&_nc_ohc=2yQ4-CrLfMkAX_nJl9J&tp=1&oh=b7ae254728dd0e462cec4e3a9199c2f0&oe=5FEE8588"
    },
    {
      "src": "https://scontent-lax3-1.cdninstagram.com/v/t51.2885-15/sh0.08/e35/s640x640/123632522_401677411214163_8235745324343967317_n.jpg?_nc_ht=scontent-lax3-1.cdninstagram.com&_nc_cat=103&_nc_ohc=IjIVCMPWL1sAX_1h49s&tp=1&oh=5f46854c1466e6171462988634fcc286&oe=5FEB4D5C"
    },
    {
      "src": "https://scontent-lax3-1.cdninstagram.com/v/t51.2885-15/sh0.08/e35/s640x640/123135697_202667321294758_8829806399777954339_n.jpg?_nc_ht=scontent-lax3-1.cdninstagram.com&_nc_cat=110&_nc_ohc=74pV8E3B4rAAX8ojfgg&tp=1&oh=073b09093202b756476d515ab141487f&oe=5FECD049"
    },
    {
      "src": "https://scontent-lax3-1.cdninstagram.com/v/t51.2885-15/sh0.08/e35/c0.94.750.750a/s640x640/123694729_178018150578621_4012705569839956871_n.jpg?_nc_ht=scontent-lax3-1.cdninstagram.com&_nc_cat=109&_nc_ohc=zmyH2noWiowAX8Ng-69&tp=1&oh=24b3bdb5ae6964e13463bd21510155c9&oe=5FEB4149"
    },
    {
      "src": "https://scontent-lax3-1.cdninstagram.com/v/t51.2885-15/sh0.08/e35/s640x640/123334188_416787259708054_8228080036522192501_n.jpg?_nc_ht=scontent-lax3-1.cdninstagram.com&_nc_cat=110&_nc_ohc=HNAb0_QjreIAX8EegQ5&tp=1&oh=86fc78fae016cd78d04b4fb66c0a8363&oe=5FEB9407"
    },
    {
      "src": "https://scontent-lax3-2.cdninstagram.com/v/t51.2885-15/sh0.08/e35/s640x640/123135339_268233414625350_4127823069615151883_n.jpg?_nc_ht=scontent-lax3-2.cdninstagram.com&_nc_cat=106&_nc_ohc=f5UKuvaprN8AX-iV0L9&tp=1&oh=6df73db63b0e1b5ad5285cb153054a06&oe=5FEE0A76"
    },
    {
      "src": "https://scontent-lax3-1.cdninstagram.com/v/t51.2885-15/sh0.08/e35/s640x640/122772183_385505102570872_3871310935908692732_n.jpg?_nc_ht=scontent-lax3-1.cdninstagram.com&_nc_cat=104&_nc_ohc=exBKGAaraJoAX-9bkP4&tp=1&oh=dbe6bccbcde173997a3e0c4fd1dfc312&oe=5FEBC600"
    }
  ]
}