{
  "user_name": "surpranoclothing",
  "profile_photo": "https://scontent-lax3-2.cdninstagram.com/v/t51.2885-19/s150x150/123142112_1598913160294048_6190915671713487094_n.jpg?_nc_ht=scontent-lax3-2.cdninstagram.com&_nc_ohc=6LlRfJul0HIAX-b0PVw&tp=1&oh=916d34eb40a257365805266547a8b1ca&oe=5FECA05A",
  "name": "NUMBER 1 ADIRE TIE-DYE HUB",
  "webiste": "https://l.instagram.com/?u=https%3A%2F%2Fwww.facebook.com%2Fsurpranoclothingnow%2F&e=ATNemsxdoXkpiwagACitsScPb860eMdvkHOt5ByY2u7Z_HehnhmNvSsSzlZ4ToOUPcQsY5Teb_ff-cs3rCLMvw&s=1",
  "bio": "Redefining African culture through urban Fusion and contemporary fashion.Your number 1(Adire)TIE DYE HUB 🇳🇬. Complete only with you.Twitter@surpranocl",
  "category": "",
  "posts_count": "623",
  "followers_count": "3,988",
  "following_count": "1,919",
  "story_highlights": [
    {
      "text": "shirts",
      "src": "https://scontent-lax3-2.cdninstagram.com/v/t51.2885-15/e35/c0.465.1080.1080a/s150x150/106478078_935291016972042_242754713233307675_n.jpg?_nc_ht=scontent-lax3-2.cdninstagram.com&_nc_cat=106&_nc_ohc=pKPu3-tCH_wAX-0_942&tp=1&oh=9a4a0cc7d1f921a9dbd4efa606a9c8cd&oe=5FC5C511"
    },
    {
      "text": "Joggers",
      "src": "https://scontent-lax3-1.cdninstagram.com/v/t51.2885-15/e35/c0.310.1080.1080a/s150x150/106797369_366547107644577_8298576409945478448_n.jpg?_nc_ht=scontent-lax3-1.cdninstagram.com&_nc_cat=109&_nc_ohc=jREm_qeE9CgAX9yL-Oa&tp=1&oh=aaee31e92f3083bdcfc2f02b5540faa2&oe=5FC5983E"
    },
    {
      "text": "Crop tops",
      "src": "https://scontent-lax3-1.cdninstagram.com/v/t51.2885-15/e35/c0.207.800.800a/s150x150/103719893_1661006024046512_7847957839768772761_n.jpg?_nc_ht=scontent-lax3-1.cdninstagram.com&_nc_cat=108&_nc_ohc=fUG934_9J10AX9y3MkM&tp=1&oh=16359355ef815643639bcb779b46efbf&oe=5FC5CC3C"
    },
    {
      "text": "SHORT SLEEVE TOP",
      "src": "https://scontent-lax3-1.cdninstagram.com/v/t51.12442-15/e35/c0.280.720.720a/s150x150/62270378_162193031494222_3522354443848373045_n.jpg?_nc_ht=scontent-lax3-1.cdninstagram.com&_nc_cat=110&_nc_ohc=upozZk6zXYEAX-ZqYjn&tp=1&oh=6dbcec53c842e13024d49231a8566175&oe=5FC5FB04"
    },
    {
      "text": "PURPLE 💜💜💜💜💜",
      "src": "https://scontent-lax3-1.cdninstagram.com/v/t51.12442-15/e35/c0.190.800.800a/s150x150/101644736_334549440918381_3315023569359259126_n.jpg?_nc_ht=scontent-lax3-1.cdninstagram.com&_nc_cat=109&_nc_ohc=IumEdaIai1kAX9sRWcR&tp=1&oh=6d0d095178e5677951404cc119f78bee&oe=5FC598CD"
    },
    {
      "text": "BLUE 💙💙",
      "src": "https://scontent-lax3-1.cdninstagram.com/v/t51.12442-15/e35/c0.207.800.800a/s150x150/96254258_918379531937626_6351389335991730914_n.jpg?_nc_ht=scontent-lax3-1.cdninstagram.com&_nc_cat=110&_nc_ohc=1k5fBABtgXIAX9xICWV&tp=1&oh=1ae19e756d56a4253707c06144f57fc6&oe=5FC597E7"
    },
    {
      "text": "#colorspeaks",
      "src": "https://scontent-lax3-2.cdninstagram.com/v/t51.12442-15/e35/c0.204.800.800a/s150x150/95435415_237482740935763_296541729882061475_n.jpg?_nc_ht=scontent-lax3-2.cdninstagram.com&_nc_cat=107&_nc_ohc=fejvlrqyOrkAX94HZfR&tp=1&oh=7b8c2b146b3a01c63ce3aca1259cfae8&oe=5FC5E547"
    },
    {
      "text": "HOODIE",
      "src": "https://scontent-lax3-2.cdninstagram.com/v/t51.12442-15/e35/c0.207.800.800a/s150x150/91401827_533385894279095_7073849384312448254_n.jpg?_nc_ht=scontent-lax3-2.cdninstagram.com&_nc_cat=111&_nc_ohc=hZMlkZm8KT0AX8d5m8P&tp=1&oh=4539ae0f66e420b8feccf775e663e4ea&oe=5FC60C10"
    },
    {
      "text": "LONG SLEEVE TOP",
      "src": "https://scontent-lax3-2.cdninstagram.com/v/t51.12442-15/e35/c0.159.480.480a/s150x150/87481663_102291288001722_4509967193889941019_n.jpg?_nc_ht=scontent-lax3-2.cdninstagram.com&_nc_cat=106&_nc_ohc=ZHpqJ5JGSQAAX9gUOV3&tp=1&oh=3dae72aea7201b54404bc2c066f3089d&oe=5FC590D9"
    }
  ],
  "posts": [
    {
      "src": "https://scontent-lax3-1.cdninstagram.com/v/t51.2885-15/sh0.08/e35/s640x640/127958561_401152314631460_7351096991230522992_n.jpg?_nc_ht=scontent-lax3-1.cdninstagram.com&_nc_cat=108&_nc_ohc=gQXeOkvj9dUAX--Ah5S&tp=1&oh=1efd40ea2179cd439b214ffeef1a51cd&oe=5FEB8C35"
    },
    {
      "src": "https://scontent-lax3-1.cdninstagram.com/v/t51.2885-15/sh0.08/e35/c0.135.1080.1080a/s640x640/127491334_3593323084120118_7054187416483044393_n.jpg?_nc_ht=scontent-lax3-1.cdninstagram.com&_nc_cat=102&_nc_ohc=Eg5dU8vXjKMAX_QAyZK&tp=1&oh=2c48528e7fd5c6d423d07117b75b1447&oe=5FEB10BE"
    },
    {
      "src": "https://scontent-lax3-1.cdninstagram.com/v/t51.2885-15/sh0.08/e35/s640x640/127225725_200837108171806_2017874780869249076_n.jpg?_nc_ht=scontent-lax3-1.cdninstagram.com&_nc_cat=110&_nc_ohc=ablEm7VGm14AX8BUiD8&tp=1&oh=d1315aa5959f0cc6cd9514d12001f9a4&oe=5FEEE918"
    },
    {
      "src": "https://scontent-lax3-1.cdninstagram.com/v/t51.2885-15/sh0.08/e35/c0.135.1080.1080a/s640x640/127247412_196629428607592_105348858652381722_n.jpg?_nc_ht=scontent-lax3-1.cdninstagram.com&_nc_cat=104&_nc_ohc=633uBIsY8M8AX-9KVGD&tp=1&oh=b416279aa1ea3f03a4e37aca4ffd87e6&oe=5FEE9AAC"
    },
    {
      "src": "https://scontent-lax3-1.cdninstagram.com/v/t51.2885-15/sh0.08/e35/s640x640/125919968_495170038053197_7605927977747543841_n.jpg?_nc_ht=scontent-lax3-1.cdninstagram.com&_nc_cat=105&_nc_ohc=bhEqd_rZHnUAX9aDcWM&tp=1&oh=7f0bd6e6598070980b7ec34f8801b60d&oe=5FEB49EE"
    },
    {
      "src": "https://scontent-lax3-1.cdninstagram.com/v/t51.2885-15/sh0.08/e35/s640x640/126222551_454034895566781_3769676136852972054_n.jpg?_nc_ht=scontent-lax3-1.cdninstagram.com&_nc_cat=109&_nc_ohc=K12Kr0wbVkgAX_oXVoU&tp=1&oh=e3687ed3c8928bf2b3e4608e565f229f&oe=5FEDF792"
    },
    {
      "src": "https://scontent-lax3-1.cdninstagram.com/v/t51.2885-15/sh0.08/e35/s640x640/126508287_727190001485774_2205332093205712270_n.jpg?_nc_ht=scontent-lax3-1.cdninstagram.com&_nc_cat=102&_nc_ohc=Avy6SJTGgHYAX99L5am&tp=1&oh=b4f8aedd81a4796dfdb64403f888c378&oe=5FEBF249"
    },
    {
      "src": "https://scontent-lax3-1.cdninstagram.com/v/t51.2885-15/sh0.08/e35/s640x640/126031728_856969648441817_6379655625335657595_n.jpg?_nc_ht=scontent-lax3-1.cdninstagram.com&_nc_cat=105&_nc_ohc=byTNMBAY_vEAX9VlmCp&tp=1&oh=5d40ef559490dcd09c9c5b1bd7e96f96&oe=5FEB1C03"
    },
    {
      "src": "https://scontent-lax3-1.cdninstagram.com/v/t51.2885-15/sh0.08/e35/s640x640/125894073_379253463385196_4501475056008452950_n.jpg?_nc_ht=scontent-lax3-1.cdninstagram.com&_nc_cat=108&_nc_ohc=loiKoN4-CNMAX8on8UX&tp=1&oh=9cf8c7c96e1ae2f41db59b39ff400138&oe=5FEE2C22"
    },
    {
      "src": "https://scontent-lax3-1.cdninstagram.com/v/t51.2885-15/sh0.08/e35/s640x640/125235301_991631064648529_3328782982911284546_n.jpg?_nc_ht=scontent-lax3-1.cdninstagram.com&_nc_cat=101&_nc_ohc=cELKqQFuX4sAX8zwn7l&tp=1&oh=acd33d9733eaee288ac29dc4748dd036&oe=5FEB4AC1"
    },
    {
      "src": "https://scontent-lax3-1.cdninstagram.com/v/t51.2885-15/sh0.08/e35/s640x640/125418553_809080859887436_4346394829040732178_n.jpg?_nc_ht=scontent-lax3-1.cdninstagram.com&_nc_cat=108&_nc_ohc=MvrfPUiVVMgAX8dmkjO&tp=1&oh=4fb9402083961b9e9c31d5e3d1282d17&oe=5FEC62AB"
    },
    {
      "src": "https://scontent-lax3-1.cdninstagram.com/v/t51.2885-15/sh0.08/e35/s640x640/125395767_3597773033617092_2681889223345915783_n.jpg?_nc_ht=scontent-lax3-1.cdninstagram.com&_nc_cat=100&_nc_ohc=bB9nuKeG5eQAX9QshPy&tp=1&oh=1417568cef6596c6e78997d12492ef03&oe=5FEB304A"
    },
    {
      "src": "https://scontent-lax3-1.cdninstagram.com/v/t51.2885-15/sh0.08/e35/s640x640/125093360_853646405397852_1460608999974315681_n.jpg?_nc_ht=scontent-lax3-1.cdninstagram.com&_nc_cat=100&_nc_ohc=Mgacni_L3SgAX8OuCd_&tp=1&oh=578625597e4f2a7797d118324ecc98ba&oe=5FEBD288"
    },
    {
      "src": "https://scontent-lax3-1.cdninstagram.com/v/t51.2885-15/sh0.08/e35/s640x640/125095685_374130963912444_2152422138341032208_n.jpg?_nc_ht=scontent-lax3-1.cdninstagram.com&_nc_cat=100&_nc_ohc=vRdAuGoQUaQAX_U2P43&tp=1&oh=fd1e64f1209042ce7166e8c2a721ebf6&oe=5FEB34BB"
    },
    {
      "src": "https://scontent-lax3-1.cdninstagram.com/v/t51.2885-15/sh0.08/e35/s640x640/124469629_113362820461498_403840449722049973_n.jpg?_nc_ht=scontent-lax3-1.cdninstagram.com&_nc_cat=110&_nc_ohc=MAw47flQ1gwAX_r-FQ0&tp=1&oh=c67e9ec2d87b332e814ad98a53b0748d&oe=5FEBD238"
    },
    {
      "src": "https://scontent-lax3-1.cdninstagram.com/v/t51.2885-15/sh0.08/e35/s640x640/124830906_1407351959458893_5615917522634354094_n.jpg?_nc_ht=scontent-lax3-1.cdninstagram.com&_nc_cat=109&_nc_ohc=oDb4K1SeXx8AX9wBTXE&tp=1&oh=45e534811bc58bb40adb72c8a0d631e9&oe=5FEC300E"
    },
    {
      "src": "https://scontent-lax3-1.cdninstagram.com/v/t51.2885-15/sh0.08/e35/c0.113.910.910a/s640x640/124325365_158113215902516_6574638263180742349_n.jpg?_nc_ht=scontent-lax3-1.cdninstagram.com&_nc_cat=108&_nc_ohc=82JQkM_KuegAX_Tljhl&tp=1&oh=ef281ce9ef3e0c83a3d643b084a3fe36&oe=5FEEA771"
    },
    {
      "src": "https://scontent-lax3-1.cdninstagram.com/v/t51.2885-15/sh0.08/e35/c0.108.870.870a/s640x640/123827260_656506428396208_4572839777055682690_n.jpg?_nc_ht=scontent-lax3-1.cdninstagram.com&_nc_cat=104&_nc_ohc=dJZVk_xWNXcAX_vAW58&tp=1&oh=3c6973ca78c18d64e51a451a7f28fe31&oe=5FEC00F7"
    },
    {
      "src": "https://scontent-lax3-1.cdninstagram.com/v/t51.2885-15/sh0.08/e35/c0.87.698.698a/s640x640/124086345_206997374116454_2028226540789646276_n.jpg?_nc_ht=scontent-lax3-1.cdninstagram.com&_nc_cat=102&_nc_ohc=OKtoGVNt0CgAX_hsgb2&tp=1&oh=b60f042e318482f62cdaae056b8ce714&oe=5FED0A06"
    },
    {
      "src": "https://scontent-lax3-2.cdninstagram.com/v/t51.2885-15/sh0.08/e35/c0.126.1004.1004a/s640x640/123366651_279754593327991_7184818210146704014_n.jpg?_nc_ht=scontent-lax3-2.cdninstagram.com&_nc_cat=107&_nc_ohc=BLqCIVhkd0UAX9Q1hpj&tp=1&oh=e7f0f9d8afec0257f2e291a0003263d3&oe=5FED4A12"
    },
    {
      "src": "https://scontent-lax3-1.cdninstagram.com/v/t51.2885-15/sh0.08/e35/c0.111.889.889a/s640x640/123474055_168388328281824_7801392969777635976_n.jpg?_nc_ht=scontent-lax3-1.cdninstagram.com&_nc_cat=100&_nc_ohc=H2CrcyORRGIAX_k5qmC&tp=1&oh=3426de4f9541dc7f01b34aaff43e99df&oe=5FEEAA7A"
    },
    {
      "src": "https://scontent-lax3-2.cdninstagram.com/v/t51.2885-15/sh0.08/e35/c0.126.1004.1004a/s640x640/123356518_346234133346078_9025408638018310242_n.jpg?_nc_ht=scontent-lax3-2.cdninstagram.com&_nc_cat=106&_nc_ohc=FKG1vnxGjAYAX8ON2iQ&tp=1&oh=d751505aa6026362c2fd6d2256938b64&oe=5FEC4839"
    },
    {
      "src": "https://scontent-lax3-1.cdninstagram.com/v/t51.2885-15/sh0.08/e35/c0.126.1004.1004a/s640x640/123379728_386402155820704_4364632594411559685_n.jpg?_nc_ht=scontent-lax3-1.cdninstagram.com&_nc_cat=104&_nc_ohc=LF2RaxIudyoAX-8_HQE&tp=1&oh=5c69a1f7e1128a008802827a73e2b496&oe=5FEE96B9"
    },
    {
      "src": "https://scontent-lax3-1.cdninstagram.com/v/t51.2885-15/sh0.08/e35/c0.111.887.887a/s640x640/123380810_176923637397370_7831993875568439806_n.jpg?_nc_ht=scontent-lax3-1.cdninstagram.com&_nc_cat=110&_nc_ohc=digx4oLRlD8AX9grs1D&tp=1&oh=8238f042eeaabbda7085da181f520030&oe=5FEB6C27"
    }
  ]
}