{
  "user_name": "techsourcesng",
  "profile_photo": "https://scontent-lax3-2.cdninstagram.com/v/t51.2885-19/s150x150/29740500_181100572516756_4647627180933644288_n.jpg?_nc_ht=scontent-lax3-2.cdninstagram.com&_nc_ohc=KiUrXOzwUq8AX--8kis&tp=1&oh=0e85be48a11174c5d872f87d21badf61&oe=5FECC9D0",
  "name": "Laptops | Dell | HP | Acer",
  "webiste": "https://l.instagram.com/?u=http%3A%2F%2Fbit.ly%2Ftechsourcejobs&e=ATMl4piV9JmeGoutXLeW_PSaCpKT3taN2bWJwWevc0-t9BzTANmX3hdwlA2skSHt227vNKFEKXKANZ3l3FZghg&s=1",
  "bio": "☎️ 07035646848<br>No SWAPPING of Laptops (I don't do swaps) <br>We sell <a class=\" xil3i\" href=\"/explore/tags/laptops/\" tabindex=\"0\">#Laptops</a> and <a class=\" xil3i\" href=\"/explore/tags/gadgets/\" tabindex=\"0\">#Gadgets</a> that fit ur needs at prices that fit ur pocket. <br>(JW. Org) 👌",
  "category": "",
  "posts_count": "1,230",
  "followers_count": "16.8k",
  "following_count": "3,343",
  "story_highlights": [
    {
      "text": "HP Folio 1040 G3",
      "src": "https://scontent-lax3-1.cdninstagram.com/v/t51.12442-15/e15/c0.355.720.720a/s150x150/79543189_608390799922485_453023726720433579_n.jpg?_nc_ht=scontent-lax3-1.cdninstagram.com&_nc_cat=109&_nc_ohc=A3SOV3eqSQAAX-TFQZv&tp=1&oh=591a965cda9269bcb80e19542f2f2475&oe=5FC58386"
    },
    {
      "text": "Dell G7 7588",
      "src": "https://scontent-lax3-1.cdninstagram.com/v/t51.12442-15/e15/c0.355.720.720a/s150x150/83524944_337760063806109_7847832582586824686_n.jpg?_nc_ht=scontent-lax3-1.cdninstagram.com&_nc_cat=105&_nc_ohc=ciKQ6qEvihUAX8Lt30G&tp=1&oh=b7109b00633e0b9b49083a3106ab3295&oe=5FC5A745"
    },
    {
      "text": "Dell G5",
      "src": "https://scontent-lax3-1.cdninstagram.com/v/t51.12442-15/e35/c0.355.720.720a/s150x150/70014936_385350825726665_2033625358528951205_n.jpg?_nc_ht=scontent-lax3-1.cdninstagram.com&_nc_cat=105&_nc_ohc=60ZcRRSSk2sAX9AithI&tp=1&oh=993c37d799f1dd92e1ac50bbcf6bec07&oe=5FC58D1A"
    },
    {
      "text": "Dell",
      "src": "https://scontent-lax3-2.cdninstagram.com/v/t51.12442-15/e35/c0.532.1080.1080a/s150x150/54447384_457240461682866_659235348257606845_n.jpg?_nc_ht=scontent-lax3-2.cdninstagram.com&_nc_cat=106&_nc_ohc=_vY-pL3rVP0AX8wty4P&tp=1&oh=f875688a83d97f3369b18142b4bd97fe&oe=5FC5779B"
    },
    {
      "text": "HP spectre 15",
      "src": "https://scontent-lax3-1.cdninstagram.com/v/t51.12442-15/e35/c0.477.1080.1080a/s150x150/51400288_267119827518051_978128881785183261_n.jpg?_nc_ht=scontent-lax3-1.cdninstagram.com&_nc_cat=103&_nc_ohc=nKalrTFxoqQAX-7eTsy&tp=1&oh=dfd661e66ef9a283be2dad75cd07b40e&oe=5FC5A81A"
    }
  ],
  "posts": [
    {
      "src": "https://scontent-lax3-2.cdninstagram.com/v/t51.2885-15/sh0.08/e35/s640x640/127186923_693197478295319_2149255033946459097_n.jpg?_nc_ht=scontent-lax3-2.cdninstagram.com&_nc_cat=111&_nc_ohc=UO0XDL4Bh2sAX_4mGe0&tp=1&oh=dce5ec573ab842ebbf9c1c095564c789&oe=5FEE0DE4"
    },
    {
      "src": "https://scontent-lax3-1.cdninstagram.com/v/t51.2885-15/sh0.08/e35/s640x640/127266340_733026180699502_3480972175360814262_n.jpg?_nc_ht=scontent-lax3-1.cdninstagram.com&_nc_cat=110&_nc_ohc=p_blrq6xnCAAX8g02ym&tp=1&oh=17276a2e2d530e0f182a4fea156fbc91&oe=5FEDB6B1"
    },
    {
      "src": "https://scontent-lax3-2.cdninstagram.com/v/t51.2885-15/sh0.08/e35/s640x640/127161707_1475225429345346_4353825580738435500_n.jpg?_nc_ht=scontent-lax3-2.cdninstagram.com&_nc_cat=106&_nc_ohc=cBRzW1kiLdUAX9iPSrq&tp=1&oh=2ce54872f8580c9d91409d443bce6b59&oe=5FEE24C1"
    },
    {
      "src": "https://scontent-lax3-2.cdninstagram.com/v/t51.2885-15/sh0.08/e35/s640x640/127186926_2848329365386986_8933566326615825280_n.jpg?_nc_ht=scontent-lax3-2.cdninstagram.com&_nc_cat=106&_nc_ohc=OgMqTqqyFTUAX_94GI4&tp=1&oh=ce3df3acc7936e2dc34082c0c3dbcfed&oe=5FEBA7FB"
    },
    {
      "src": "https://scontent-lax3-1.cdninstagram.com/v/t51.2885-15/sh0.08/e35/s640x640/127164688_1069638196816644_8594875840174139952_n.jpg?_nc_ht=scontent-lax3-1.cdninstagram.com&_nc_cat=100&_nc_ohc=7ru825lExegAX_leIuf&tp=1&oh=f146281a28e32e3b0f415ff25cc0a4d7&oe=5FEC6F26"
    },
    {
      "src": "https://scontent-lax3-1.cdninstagram.com/v/t51.2885-15/sh0.08/e35/s640x640/127616420_371727364116549_1550322070816781486_n.jpg?_nc_ht=scontent-lax3-1.cdninstagram.com&_nc_cat=109&_nc_ohc=7j_bPEizh38AX8KrJd5&tp=1&oh=2927438b84c77a234c59e1e34f9b0b0f&oe=5FEE44E4"
    },
    {
      "src": "https://scontent-lax3-1.cdninstagram.com/v/t51.2885-15/sh0.08/e35/s640x640/127247406_3032848996991308_4637536944990816639_n.jpg?_nc_ht=scontent-lax3-1.cdninstagram.com&_nc_cat=104&_nc_ohc=55zV4dWj7agAX_g51Pp&tp=1&oh=1f1247fd45e162fc7fae08feeca57e61&oe=5FEBBE38"
    },
    {
      "src": "https://scontent-lax3-1.cdninstagram.com/v/t51.2885-15/sh0.08/e35/s640x640/126210956_3461572047252228_2528748244956156964_n.jpg?_nc_ht=scontent-lax3-1.cdninstagram.com&_nc_cat=100&_nc_ohc=RUZyx_wAjaQAX9Qyri8&tp=1&oh=1205c50d1b1c3e2932fa8519eb19b8bd&oe=5FEC4ECF"
    },
    {
      "src": "https://scontent-lax3-1.cdninstagram.com/v/t51.2885-15/sh0.08/e35/s640x640/126904957_129886508681457_689145085972265132_n.jpg?_nc_ht=scontent-lax3-1.cdninstagram.com&_nc_cat=109&_nc_ohc=HoaVlx2km9UAX-loAOD&tp=1&oh=9b35ca8898ff332df69aa803da781521&oe=5FED33C0"
    },
    {
      "src": "https://scontent-lax3-2.cdninstagram.com/v/t51.2885-15/sh0.08/e35/s640x640/126370673_872547660156115_6250643410970493519_n.jpg?_nc_ht=scontent-lax3-2.cdninstagram.com&_nc_cat=107&_nc_ohc=dkwa3p2TmK4AX_BkWcU&tp=1&oh=af135aa4fd47dd3d813498bce63bc1a6&oe=5FECCBA6"
    },
    {
      "src": "https://scontent-lax3-2.cdninstagram.com/v/t51.2885-15/sh0.08/e35/s640x640/127086926_383969526255426_4047144337550541929_n.jpg?_nc_ht=scontent-lax3-2.cdninstagram.com&_nc_cat=106&_nc_ohc=qGqIv8FOkFUAX_paOw2&tp=1&oh=ede152d15034d1d45e37d10305342cdd&oe=5FEC64BF"
    },
    {
      "src": "https://scontent-lax3-1.cdninstagram.com/v/t51.2885-15/sh0.08/e35/s640x640/127287235_708830063077382_2732925481762717_n.jpg?_nc_ht=scontent-lax3-1.cdninstagram.com&_nc_cat=102&_nc_ohc=SFXWpVTiJBwAX9F2TGt&tp=1&oh=e42e61bc3d38d7e5fbfe55e3f745d2de&oe=5FEE7667"
    },
    {
      "src": "https://scontent-lax3-1.cdninstagram.com/v/t51.2885-15/sh0.08/e35/s640x640/127410474_1694498064047461_3545303872643070226_n.jpg?_nc_ht=scontent-lax3-1.cdninstagram.com&_nc_cat=101&_nc_ohc=wBTPQTyRyOMAX-v3Sp5&tp=1&oh=43164a5ac0a630da2c5d772b6e2865c8&oe=5FEC8295"
    },
    {
      "src": "https://scontent-lax3-1.cdninstagram.com/v/t51.2885-15/sh0.08/e35/s640x640/126917887_724212075114178_6867530488741864530_n.jpg?_nc_ht=scontent-lax3-1.cdninstagram.com&_nc_cat=110&_nc_ohc=1qjE2Mia4kMAX8eyq8b&tp=1&oh=1decac0ddf9f5f629445c5527491c24b&oe=5FEEE2A0"
    },
    {
      "src": "https://scontent-lax3-1.cdninstagram.com/v/t51.2885-15/sh0.08/e35/s640x640/127394471_410615270319711_2724778563638224025_n.jpg?_nc_ht=scontent-lax3-1.cdninstagram.com&_nc_cat=103&_nc_ohc=KlvdirDO4hsAX91vhVn&tp=1&oh=93aa7441676a8a88efca21f8f7a033f5&oe=5FEC9487"
    },
    {
      "src": "https://scontent-lax3-2.cdninstagram.com/v/t51.2885-15/sh0.08/e35/s640x640/126910872_713182119320539_1511825727558343981_n.jpg?_nc_ht=scontent-lax3-2.cdninstagram.com&_nc_cat=107&_nc_ohc=45FLWEh5ezYAX-WeaoS&tp=1&oh=65bf7eb93c78a3f9588d85aaa51adeda&oe=5FEC95F5"
    },
    {
      "src": "https://scontent-lax3-2.cdninstagram.com/v/t51.2885-15/sh0.08/e35/s640x640/126877386_171405731303659_3495975200877657805_n.jpg?_nc_ht=scontent-lax3-2.cdninstagram.com&_nc_cat=107&_nc_ohc=IFT_u88qNyQAX-oOHH_&tp=1&oh=df738fc65bcdd1c73220c0ee686fcefa&oe=5FEDFD1C"
    },
    {
      "src": "https://scontent-lax3-2.cdninstagram.com/v/t51.2885-15/sh0.08/e35/s640x640/126904262_284229193016755_2204929217296751126_n.jpg?_nc_ht=scontent-lax3-2.cdninstagram.com&_nc_cat=107&_nc_ohc=U1Fpl10FpKAAX-s5X6S&tp=1&oh=7bbd17f8d1cec20fad15eb287db96e5c&oe=5FEC06BE"
    },
    {
      "src": "https://scontent-lax3-2.cdninstagram.com/v/t51.2885-15/sh0.08/e35/s640x640/126105343_927639021105510_6223695017801204833_n.jpg?_nc_ht=scontent-lax3-2.cdninstagram.com&_nc_cat=106&_nc_ohc=ZNkIRi8EcUIAX_md-ej&tp=1&oh=48ae14b649656a1990ad7dc07d33b8d5&oe=5FEE088A"
    },
    {
      "src": "https://scontent-lax3-1.cdninstagram.com/v/t51.2885-15/sh0.08/e35/s640x640/126852891_805063813405968_4197135282188948838_n.jpg?_nc_ht=scontent-lax3-1.cdninstagram.com&_nc_cat=100&_nc_ohc=Lo6DSbkowHcAX9qPMhh&tp=1&oh=d4e61758243af1b2d15056a19ff15294&oe=5FEDC58F"
    },
    {
      "src": "https://scontent-lax3-1.cdninstagram.com/v/t51.2885-15/sh0.08/e35/s640x640/125803325_709722376323785_8611721394370092717_n.jpg?_nc_ht=scontent-lax3-1.cdninstagram.com&_nc_cat=105&_nc_ohc=OCRoENDOuOoAX9DD210&tp=1&oh=6152e0418fd45b80721ac063503269c6&oe=5FEEC25C"
    },
    {
      "src": "https://scontent-lax3-1.cdninstagram.com/v/t51.2885-15/sh0.08/e35/s640x640/126213484_441343180363240_8698288918082558862_n.jpg?_nc_ht=scontent-lax3-1.cdninstagram.com&_nc_cat=104&_nc_ohc=xLEqMLuHXhwAX_NZVUA&tp=1&oh=c6ff90750f72cd89db45e818d94e87b4&oe=5FEEBDDF"
    },
    {
      "src": "https://scontent-lax3-2.cdninstagram.com/v/t51.2885-15/sh0.08/e35/s640x640/126059681_663770381167847_147832144430659049_n.jpg?_nc_ht=scontent-lax3-2.cdninstagram.com&_nc_cat=111&_nc_ohc=pj568Xv4XnoAX9PisbU&tp=1&oh=cb61b4c4b1af51ad86b968c3bcd8fa0a&oe=5FEDAC19"
    },
    {
      "src": "https://scontent-lax3-1.cdninstagram.com/v/t51.2885-15/sh0.08/e35/s640x640/126160594_1093516011068584_644391141302264116_n.jpg?_nc_ht=scontent-lax3-1.cdninstagram.com&_nc_cat=104&_nc_ohc=JYu3TekmdUsAX8RV50U&tp=1&oh=0a8cb4cf694540ea274125fcf0643703&oe=5FECF23D"
    }
  ]
}