{
  "user_name": "uk_laptop_wenecomputers",
  "profile_photo": "https://scontent-lax3-2.cdninstagram.com/v/t51.2885-19/s150x150/76831880_4046192708757211_6286094424820678656_n.jpg?_nc_ht=scontent-lax3-2.cdninstagram.com&_nc_ohc=ZFBows-3xqQAX_7Fjol&tp=1&oh=c0edffada38c3aea3c5f89ad63917f53&oe=5FED7238",
  "name": "💻 Laptop |📱 phones | 🎮 Gadgets",
  "webiste": "https://l.instagram.com/?u=https%3A%2F%2Fwenecomputers.com%2F&e=ATMudzAjZ5CQnbAn2v4xdvl9bxHgbCa_VvddnJQ1b4IYV4NQ06PtK3coplyaxa6X1-uMOobgb9QMpgK-6VYu9Q&s=1",
  "bio": "No.1 Leading &amp; Trusted Computer Store<br>▫️30 Days Warranty 💥💥<br>▫️Quality Guaranteed<br>🤝🏽 certified Customer satisfaction<br>📞Whatsapp 08146079134<br>📞07086025954",
  "category": "",
  "posts_count": "938",
  "followers_count": "24.1k",
  "following_count": "1,109",
  "story_highlights": [
    {
      "text": "Giveaways",
      "src": "https://scontent-lax3-2.cdninstagram.com/v/t51.2885-15/s150x150/79377489_2620330824865203_2349828184321290761_n.jpg?_nc_ht=scontent-lax3-2.cdninstagram.com&_nc_ohc=yZkIaFFSJKYAX-kSgue&tp=1&oh=bdb7d79fb4ff8207475d7a3dc5486e90&oe=5FEC40FF"
    },
    {
      "text": "Free Delivery",
      "src": "https://scontent-lax3-2.cdninstagram.com/v/t51.2885-15/s150x150/81562591_127886074987850_1517407156829447316_n.jpg?_nc_ht=scontent-lax3-2.cdninstagram.com&_nc_ohc=_Q9Nj5qtNHMAX-kbTxU&tp=1&oh=980e6a26e8a253e7fd15ab655aefe5a1&oe=5FEDD16E"
    },
    {
      "text": "About Us",
      "src": "https://scontent-lax3-2.cdninstagram.com/v/t51.2885-15/s150x150/80027224_151475626266349_6300613081832356922_n.jpg?_nc_ht=scontent-lax3-2.cdninstagram.com&_nc_ohc=KvynXjaURCwAX_ECskT&tp=1&oh=d2abbe18e27ca9a9c68931b128871742&oe=5FEC052C"
    },
    {
      "text": "Bank Account",
      "src": "https://scontent-lax3-2.cdninstagram.com/v/t51.2885-15/s150x150/81462703_2620568474700597_4528205599859358375_n.jpg?_nc_ht=scontent-lax3-2.cdninstagram.com&_nc_ohc=vDKvQGk1cx8AX_HjU7H&tp=1&oh=0234cc489955b263259f428bf6249cfc&oe=5FEB73EB"
    },
    {
      "text": "Contact Us",
      "src": "https://scontent-lax3-2.cdninstagram.com/v/t51.2885-15/s150x150/79994216_777093592796959_2771026660928590045_n.jpg?_nc_ht=scontent-lax3-2.cdninstagram.com&_nc_ohc=EGNFeag8SpcAX_9OaaD&tp=1&oh=5d38392271b8a0f936acc2810b6a564b&oe=5FED9AD7"
    },
    {
      "text": "Discount sale",
      "src": "https://scontent-lax3-2.cdninstagram.com/v/t51.2885-15/s150x150/79269420_138097167639202_3134075252934769422_n.jpg?_nc_ht=scontent-lax3-2.cdninstagram.com&_nc_ohc=3QUIbvdUtWwAX8pCP6V&tp=1&oh=bf35e921c235d7b65121731fa980dab2&oe=5FECCF31"
    }
  ],
  "posts": [
    {
      "src": "https://scontent-lax3-1.cdninstagram.com/v/t51.2885-15/sh0.08/e35/s640x640/127084414_745895956006466_2825168329989664084_n.jpg?_nc_ht=scontent-lax3-1.cdninstagram.com&_nc_cat=102&_nc_ohc=zWEbl3fSfSUAX-ubJy1&tp=1&oh=2be0319a130e4705bb812e95a41071af&oe=5FEE34E3"
    },
    {
      "src": "https://scontent-lax3-1.cdninstagram.com/v/t51.2885-15/sh0.08/e35/s640x640/127096215_185030499960586_8458614484346267609_n.jpg?_nc_ht=scontent-lax3-1.cdninstagram.com&_nc_cat=110&_nc_ohc=p7oAwjRef0kAX_xw84o&tp=1&oh=f161a8feadab722626f683f3d6bb720a&oe=5FEBC80D"
    },
    {
      "src": "https://scontent-lax3-1.cdninstagram.com/v/t51.2885-15/sh0.08/e35/s640x640/126029917_741541793377804_3821782763440979879_n.jpg?_nc_ht=scontent-lax3-1.cdninstagram.com&_nc_cat=104&_nc_ohc=TISm3R7-PG8AX9EAT-v&tp=1&oh=705e72b0b0c641f152659894889393bc&oe=5FEEE14F"
    },
    {
      "src": "https://scontent-lax3-1.cdninstagram.com/v/t51.2885-15/sh0.08/e35/s640x640/126204664_710915492884706_7499474671461042907_n.jpg?_nc_ht=scontent-lax3-1.cdninstagram.com&_nc_cat=102&_nc_ohc=7PUyb4xnUIUAX-9ibDS&tp=1&oh=402fcf2da2256d7d9a076663b08489a9&oe=5FEB9464"
    },
    {
      "src": "https://scontent-lax3-1.cdninstagram.com/v/t51.2885-15/sh0.08/e35/s640x640/126559318_1094663130953305_1142770118859854394_n.jpg?_nc_ht=scontent-lax3-1.cdninstagram.com&_nc_cat=101&_nc_ohc=Mx9hs4qOi4YAX-3fZPI&tp=1&oh=52af8f5f29ea01928bbb95e9cdbacee5&oe=5FECA277"
    },
    {
      "src": "https://scontent-lax3-1.cdninstagram.com/v/t51.2885-15/sh0.08/e35/s640x640/127081313_368733950899188_988790823929253869_n.jpg?_nc_ht=scontent-lax3-1.cdninstagram.com&_nc_cat=100&_nc_ohc=CLKGOYxIblwAX8RsdH5&tp=1&oh=09bace4aae2b4b50c0cb387681dcd2ff&oe=5FEEABC7"
    },
    {
      "src": "https://scontent-lax3-1.cdninstagram.com/v/t51.2885-15/sh0.08/e35/s640x640/126427378_862734597801609_2187045872301232946_n.jpg?_nc_ht=scontent-lax3-1.cdninstagram.com&_nc_cat=109&_nc_ohc=MsquMxz2QrkAX9nPqZL&tp=1&oh=fb4ef1e0ca350da232c49d6fddbea3fb&oe=5FEE282B"
    },
    {
      "src": "https://scontent-lax3-1.cdninstagram.com/v/t51.2885-15/sh0.08/e35/s640x640/126580466_677346703167813_356514928038828338_n.jpg?_nc_ht=scontent-lax3-1.cdninstagram.com&_nc_cat=109&_nc_ohc=dglpRFQOI80AX9mtWF7&tp=1&oh=26d07ea648ebaa989ba50f66f375ad91&oe=5FED0C8C"
    },
    {
      "src": "https://scontent-lax3-1.cdninstagram.com/v/t51.2885-15/sh0.08/e35/s640x640/126837211_370800860863704_8584845889348891000_n.jpg?_nc_ht=scontent-lax3-1.cdninstagram.com&_nc_cat=100&_nc_ohc=CgvwokJbrXIAX99Oh7F&tp=1&oh=84b6aff10cbd7a7532072494ec8619e1&oe=5FEB5975"
    },
    {
      "src": "https://scontent-lax3-2.cdninstagram.com/v/t51.2885-15/sh0.08/e35/s640x640/126902313_282460866529734_8708194528760721103_n.jpg?_nc_ht=scontent-lax3-2.cdninstagram.com&_nc_cat=106&_nc_ohc=IUoXvx_C-zEAX8drAPg&tp=1&oh=cb60a868d57417dd94e6742e86d9fdb8&oe=5FEC45B7"
    },
    {
      "src": "https://scontent-lax3-2.cdninstagram.com/v/t51.2885-15/sh0.08/e35/s640x640/126740847_1680524732127739_5702839046234170751_n.jpg?_nc_ht=scontent-lax3-2.cdninstagram.com&_nc_cat=107&_nc_ohc=o9lZn1t_0nAAX9pssVt&tp=1&oh=c18dc67dbff2e093e0fc5606fa14e3b9&oe=5FED75D1"
    },
    {
      "src": "https://scontent-lax3-1.cdninstagram.com/v/t51.2885-15/sh0.08/e35/s640x640/126276114_288647695836608_7446635407743547280_n.jpg?_nc_ht=scontent-lax3-1.cdninstagram.com&_nc_cat=108&_nc_ohc=Qw1Nvyqz09EAX8_14SW&tp=1&oh=5239c4ce1a496bd6c9104ba1a2dd7522&oe=5FED54C5"
    },
    {
      "src": "https://scontent-lax3-2.cdninstagram.com/v/t51.2885-15/sh0.08/e35/s640x640/126229903_816149379170035_5055372804688887135_n.jpg?_nc_ht=scontent-lax3-2.cdninstagram.com&_nc_cat=107&_nc_ohc=YULx9r_0A9cAX-EayMr&tp=1&oh=b32e495ea3b98d57b5e91f61ece7f7c6&oe=5FEC0FE5"
    },
    {
      "src": "https://scontent-lax3-1.cdninstagram.com/v/t51.2885-15/sh0.08/e35/s640x640/125511075_365639564496105_4161414340423694392_n.jpg?_nc_ht=scontent-lax3-1.cdninstagram.com&_nc_cat=109&_nc_ohc=QoEoexjgv-wAX8PPxno&tp=1&oh=fcde8e16752511c056fbbf7f2c39591d&oe=5FEEE2B9"
    },
    {
      "src": "https://scontent-lax3-1.cdninstagram.com/v/t51.2885-15/sh0.08/e35/s640x640/125292198_218465956563926_1540041610624884316_n.jpg?_nc_ht=scontent-lax3-1.cdninstagram.com&_nc_cat=102&_nc_ohc=tk8g7W-WDTMAX88Zbsq&tp=1&oh=4143bd8e5932916afa6c61e66332ac07&oe=5FEEB739"
    },
    {
      "src": "https://scontent-lax3-1.cdninstagram.com/v/t51.2885-15/sh0.08/e35/s640x640/125347715_417792612723732_7913209071295168450_n.jpg?_nc_ht=scontent-lax3-1.cdninstagram.com&_nc_cat=100&_nc_ohc=Ov777qrkgI8AX9YT-gg&tp=1&oh=387a5568db58ff31d204d6e69d523290&oe=5FED3498"
    },
    {
      "src": "https://scontent-lax3-1.cdninstagram.com/v/t51.2885-15/sh0.08/e35/s640x640/125542076_3477822045776645_5198335470977936031_n.jpg?_nc_ht=scontent-lax3-1.cdninstagram.com&_nc_cat=105&_nc_ohc=5ftdinLraDQAX_DxTJu&tp=1&oh=c1a3d83cc864c2b65095d993fbad21a6&oe=5FEBA53C"
    },
    {
      "src": "https://scontent-lax3-1.cdninstagram.com/v/t51.2885-15/sh0.08/e35/s640x640/125362489_662396254455725_1668207364732738693_n.jpg?_nc_ht=scontent-lax3-1.cdninstagram.com&_nc_cat=105&_nc_ohc=E__mHz6YMC8AX_Ixbu3&tp=1&oh=3f1c4e6416aceeaf72328b4d2a6e6041&oe=5FEE26FB"
    },
    {
      "src": "https://scontent-lax3-1.cdninstagram.com/v/t51.2885-15/sh0.08/e35/s640x640/125268191_133357924862469_6213936206315400728_n.jpg?_nc_ht=scontent-lax3-1.cdninstagram.com&_nc_cat=109&_nc_ohc=srtfT0rQg1YAX_hr-n0&tp=1&oh=19a0b51a7b0f0e0a36247f920a97f1fe&oe=5FEB650A"
    },
    {
      "src": "https://scontent-lax3-1.cdninstagram.com/v/t51.2885-15/sh0.08/e35/s640x640/124927993_3558691064184399_5941978900860507558_n.jpg?_nc_ht=scontent-lax3-1.cdninstagram.com&_nc_cat=103&_nc_ohc=zhpYdC2VRnAAX-dFsgJ&tp=1&oh=8ce8be986bfb967f7a55c75e6e6b311a&oe=5FECA80C"
    },
    {
      "src": "https://scontent-lax3-1.cdninstagram.com/v/t51.2885-15/sh0.08/e35/s640x640/125230823_1062517350850030_5982870942493780277_n.jpg?_nc_ht=scontent-lax3-1.cdninstagram.com&_nc_cat=110&_nc_ohc=ZtBIWheyUWkAX-pbFc7&tp=1&oh=4450fb98c372c2376f5a2c5c340f05df&oe=5FEE9741"
    },
    {
      "src": "https://scontent-lax3-1.cdninstagram.com/v/t51.2885-15/sh0.08/e35/s640x640/125403100_184518179892476_1764672448369298666_n.jpg?_nc_ht=scontent-lax3-1.cdninstagram.com&_nc_cat=108&_nc_ohc=WeCzNiIpkPgAX_DxRz4&tp=1&oh=94d666839b4be4930db07bc8bd0a44d1&oe=5FEB32C2"
    },
    {
      "src": "https://scontent-lax3-1.cdninstagram.com/v/t51.2885-15/sh0.08/e35/s640x640/125220660_3422942644421174_894021741937187983_n.jpg?_nc_ht=scontent-lax3-1.cdninstagram.com&_nc_cat=102&_nc_ohc=LVS02qja0a4AX-pFhqz&tp=1&oh=0ad214d3b4e3faabba7923a1b259b6fb&oe=5FEDEB2F"
    },
    {
      "src": "https://scontent-lax3-2.cdninstagram.com/v/t51.2885-15/sh0.08/e35/s640x640/124981410_798305394296447_4017654268897404859_n.jpg?_nc_ht=scontent-lax3-2.cdninstagram.com&_nc_cat=111&_nc_ohc=ydYzMvdUJbAAX8a_AYv&tp=1&oh=7d68de6f2a83dd08b9253a20f805f076&oe=5FEE2CD1"
    }
  ]
}