{
  "user_name": "wow_ng",
  "profile_photo": "https://scontent-lax3-2.cdninstagram.com/v/t51.2885-19/s150x150/123171427_144566894068560_5502751211839217287_n.jpg?_nc_ht=scontent-lax3-2.cdninstagram.com&_nc_ohc=qQWG_XFbE_AAX9DBzKe&tp=1&oh=5fd2bd5a0131a5bf2852332c73ea3636&oe=5FED3F89",
  "name": "WOW NG GADGET STORE🇳🇬",
  "webiste": "https://l.instagram.com/?u=https%3A%2F%2Fform.jotform.com%2Fwowng.ltd%2Fps5-Pre-order&e=ATMfs8JkaFpFTbZEsMsu_lfJtzLrgMjirN8Oeiuw6QgIQsDu-NyTaBy-XzxIR_RKOFTHqacMh0DRn9Vp6NRJOQ&s=1",
  "bio": "BLACK FRIDAY 20th-30th<br>09035506390 ABJ<br>08065720779 LAG<br>07042228079 PH<br>Lagos Office- suite U23 Tairas Plaza,Somoloye Osundairo street, Computer Village",
  "category": "",
  "posts_count": "4,209",
  "followers_count": "21.9k",
  "following_count": "3,727",
  "story_highlights": [
    {
      "text": "BLACK FRIDAY",
      "src": "https://scontent-lax3-2.cdninstagram.com/v/t51.2885-15/s150x150/123311732_385711149276969_734397398154913188_n.jpg?_nc_ht=scontent-lax3-2.cdninstagram.com&_nc_ohc=fe25wRRqaW0AX-3EoGv&tp=1&oh=02956280f1144fa5327707dfe34fdbaa&oe=5FEC8FEE"
    },
    {
      "text": "Apple MacBooks",
      "src": "https://scontent-lax3-2.cdninstagram.com/v/t51.2885-15/s150x150/118554888_230141765051670_7786944575773865376_n.jpg?_nc_ht=scontent-lax3-2.cdninstagram.com&_nc_ohc=sBXGZZEEGX8AX-CR2IY&tp=1&oh=8bb5955a5399ce51cb3cf65c5ea98fe2&oe=5FEE2626"
    },
    {
      "text": "SWAP",
      "src": "https://scontent-lax3-2.cdninstagram.com/v/t51.2885-15/e35/c50.658.1152.1152a/s150x150/118403381_2783998085035471_5478536728942850798_n.jpg?_nc_ht=scontent-lax3-2.cdninstagram.com&_nc_cat=107&_nc_ohc=upqlNEKKGUsAX_MBnrw&tp=1&oh=ed3f3969164740ceb33c093ef9418dbd&oe=5FC5FB85"
    },
    {
      "text": "Smart Watches",
      "src": "https://scontent-lax3-1.cdninstagram.com/v/t51.2885-15/e35/c36.601.1152.1152a/s150x150/118471032_315140973161076_3416628582618146447_n.jpg?_nc_ht=scontent-lax3-1.cdninstagram.com&_nc_cat=100&_nc_ohc=ZQeu59lkdtAAX-XhGVV&tp=1&oh=62a21b1757e77be37c2b094c32a403b9&oe=5FC5D186"
    },
    {
      "text": "GiftCards",
      "src": "https://scontent-lax3-2.cdninstagram.com/v/t51.2885-15/e35/c37.639.1151.1151a/s150x150/118604501_440422976918587_2162453470138493685_n.jpg?_nc_ht=scontent-lax3-2.cdninstagram.com&_nc_cat=107&_nc_ohc=_XLu5zJTkyYAX_uKiE6&tp=1&oh=1f6140d7237d44954011c2c8a7e23c12&oe=5FC601AD"
    },
    {
      "text": "Ps4 Game",
      "src": "https://scontent-lax3-2.cdninstagram.com/v/t51.2885-15/s150x150/118651443_1054481758305176_8275978794237527717_n.jpg?_nc_ht=scontent-lax3-2.cdninstagram.com&_nc_ohc=5OGqrEN5HvgAX8X17Ik&tp=1&oh=6cd853ab3277c6610aa061f955fb4586&oe=5FEDCAA6"
    },
    {
      "text": "Camera &amp; stuff",
      "src": "https://scontent-lax3-2.cdninstagram.com/v/t51.2885-15/s150x150/118592206_368198600849198_2667017211265467533_n.jpg?_nc_ht=scontent-lax3-2.cdninstagram.com&_nc_ohc=4PNAx7YZCvEAX-QDzLt&tp=1&oh=7c9b592a7454a6cd6dc185f34a7c5637&oe=5FEE76B0"
    },
    {
      "text": "Game Pads",
      "src": "https://scontent-lax3-2.cdninstagram.com/v/t51.2885-15/s150x150/118458861_169434351384858_5444151022923215541_n.jpg?_nc_ht=scontent-lax3-2.cdninstagram.com&_nc_ohc=WZ-UA4qJleEAX9lE1YX&tp=1&oh=228c3bace238cac06ec5c1f100aa1502&oe=5FEBEF04"
    },
    {
      "text": "iPhone deals",
      "src": "https://scontent-lax3-2.cdninstagram.com/v/t51.2885-15/s150x150/118411993_684233902448451_6160692619598771330_n.jpg?_nc_ht=scontent-lax3-2.cdninstagram.com&_nc_ohc=oqf2e1Cj6WkAX-H5nsC&tp=1&oh=0ba0b9bcad454b2980cc72d5a4196e73&oe=5FED361F"
    },
    {
      "text": "SWAP DEALS",
      "src": "https://scontent-lax3-2.cdninstagram.com/v/t51.2885-15/s150x150/118471143_647374415892988_2083691085189469066_n.jpg?_nc_ht=scontent-lax3-2.cdninstagram.com&_nc_ohc=Goe1_QyHAwwAX_rVJFl&tp=1&oh=0923523782d3b070e19df786b4e22e9a&oe=5FEEB4AC"
    },
    {
      "text": "Gamers",
      "src": "https://scontent-lax3-2.cdninstagram.com/v/t51.2885-15/s150x150/118415650_834298843641337_837607826188355792_n.jpg?_nc_ht=scontent-lax3-2.cdninstagram.com&_nc_ohc=NHUtKADGpWcAX8vSRsy&tp=1&oh=b70271c68962f78f22bca51b56642d39&oe=5FEC12B3"
    },
    {
      "text": "CELEBS",
      "src": "https://scontent-lax3-2.cdninstagram.com/v/t51.2885-15/s150x150/118476537_410741119912648_3061330283385467312_n.jpg?_nc_ht=scontent-lax3-2.cdninstagram.com&_nc_ohc=r8ytK_rlog0AX867QNq&tp=1&oh=9fc726fff715513c798624f02d37efb4&oe=5FEE1EF2"
    },
    {
      "text": "11 pro max",
      "src": "https://scontent-lax3-2.cdninstagram.com/v/t51.2885-15/s150x150/118403937_189224109228478_2837577317361946338_n.jpg?_nc_ht=scontent-lax3-2.cdninstagram.com&_nc_ohc=r5vrCmiM0J0AX_j6vHI&tp=1&oh=c9cc7ced7a3d8cba0724371449774012&oe=5FEC276C"
    }
  ],
  "posts": [
    {
      "src": "https://scontent-lax3-2.cdninstagram.com/v/t51.2885-15/sh0.08/e35/c0.126.1012.1012a/s640x640/128037833_139490370933755_3368932067684260448_n.jpg?_nc_ht=scontent-lax3-2.cdninstagram.com&_nc_cat=111&_nc_ohc=AkyjKc036DkAX_YmJGa&tp=1&oh=616c5147d7732158a72a9d8157cac1ef&oe=5FEBADE2"
    },
    {
      "src": "https://scontent-lax3-1.cdninstagram.com/v/t51.2885-15/sh0.08/e35/c135.0.810.810a/s640x640/127640011_251552439832983_8471639037412342036_n.jpg?_nc_ht=scontent-lax3-1.cdninstagram.com&_nc_cat=103&_nc_ohc=Xnxc1CjfH7IAX-x7I-K&tp=1&oh=690bc7302fdab04e364e106e53dc99ff&oe=5FED6332"
    },
    {
      "src": "https://scontent-lax3-1.cdninstagram.com/v/t51.2885-15/sh0.08/e35/c0.180.1440.1440a/s640x640/127830948_213810263474777_7441080810396161232_n.jpg?_nc_ht=scontent-lax3-1.cdninstagram.com&_nc_cat=105&_nc_ohc=QdHOWQxysQMAX8euGhJ&tp=1&oh=92ce834380de005eeaa2a31d05991ab6&oe=5FEC835D"
    },
    {
      "src": "https://scontent-lax3-1.cdninstagram.com/v/t51.2885-15/sh0.08/e35/c0.126.1012.1012a/s640x640/128251148_372542820483876_5198892287105271426_n.jpg?_nc_ht=scontent-lax3-1.cdninstagram.com&_nc_cat=100&_nc_ohc=wLHKoWtCwaYAX9FzyJU&tp=1&oh=86291cbb4f28da7d577b6e7fa078040e&oe=5FEE40E8"
    },
    {
      "src": "https://scontent-lax3-1.cdninstagram.com/v/t51.2885-15/sh0.08/e35/c0.180.1440.1440a/s640x640/128048532_450280735958782_3386685802253898744_n.jpg?_nc_ht=scontent-lax3-1.cdninstagram.com&_nc_cat=110&_nc_ohc=7UAGavvSgOUAX_QqhE1&tp=1&oh=b8c68a7410cb078bb351aa9f1f117fd8&oe=5FEB08F9"
    },
    {
      "src": "https://scontent-lax3-2.cdninstagram.com/v/t51.2885-15/sh0.08/e35/c0.180.1440.1440a/s640x640/127470965_2407445172885282_1787226024249126274_n.jpg?_nc_ht=scontent-lax3-2.cdninstagram.com&_nc_cat=106&_nc_ohc=FsEvYURpccEAX_x-HUS&tp=1&oh=2c496c612cb466a629ca96b66e080221&oe=5FEB1617"
    },
    {
      "src": "https://scontent-lax3-1.cdninstagram.com/v/t51.2885-15/sh0.08/e35/s640x640/128183943_2635378290087613_3434188855769912851_n.jpg?_nc_ht=scontent-lax3-1.cdninstagram.com&_nc_cat=101&_nc_ohc=mwjbO4BVxiYAX-aLFam&tp=1&oh=40774579d4f6f0cee438744b515ecba8&oe=5FEC6161"
    },
    {
      "src": "https://scontent-lax3-1.cdninstagram.com/v/t51.2885-15/sh0.08/e35/c67.0.945.945a/s640x640/127766453_162231668930242_6030537399947945353_n.jpg?_nc_ht=scontent-lax3-1.cdninstagram.com&_nc_cat=110&_nc_ohc=Vw9qbZ4fZn8AX8EKVy7&tp=1&oh=cf6ab942bbaa70dc712a75a09015bbe6&oe=5FEDEFAD"
    },
    {
      "src": "https://scontent-lax3-1.cdninstagram.com/v/t51.2885-15/sh0.08/e35/c0.90.720.720a/s640x640/127278833_401346584550454_4601647897918725952_n.jpg?_nc_ht=scontent-lax3-1.cdninstagram.com&_nc_cat=110&_nc_ohc=rRBbWd9Aq8MAX9203l1&tp=1&oh=f57ba835b61bb4a414e10e325f84d464&oe=5FC5CD30"
    },
    {
      "src": "https://scontent-lax3-1.cdninstagram.com/v/t51.2885-15/sh0.08/e35/c0.77.1080.1080a/s640x640/127616493_828851281212932_3807983754323737562_n.jpg?_nc_ht=scontent-lax3-1.cdninstagram.com&_nc_cat=108&_nc_ohc=fTPRPauEGS4AX-eyWws&tp=1&oh=b7d8ffd8706b5d0c02407bc8fa9cbd9b&oe=5FEE392D"
    },
    {
      "src": "https://scontent-lax3-1.cdninstagram.com/v/t51.2885-15/sh0.08/e35/s640x640/127495245_412561346582858_99037919301559818_n.jpg?_nc_ht=scontent-lax3-1.cdninstagram.com&_nc_cat=102&_nc_ohc=IURajYqS4P4AX_Zxy0s&tp=1&oh=144738c3b786b688a839913d3b2ee82b&oe=5FEE8F2E"
    },
    {
      "src": "https://scontent-lax3-1.cdninstagram.com/v/t51.2885-15/sh0.08/e35/c0.0.1439.1439a/s640x640/127315637_382615716494702_8285111658459949643_n.jpg?_nc_ht=scontent-lax3-1.cdninstagram.com&_nc_cat=102&_nc_ohc=YZ_x4CehimIAX8hXGZD&tp=1&oh=e4a5d12013fb3f0632d6435c3f3e76df&oe=5FECBB05"
    },
    {
      "src": "https://scontent-lax3-1.cdninstagram.com/v/t51.2885-15/sh0.08/e35/c0.0.1439.1439a/s640x640/127250883_2502907463339680_3303894079762535563_n.jpg?_nc_ht=scontent-lax3-1.cdninstagram.com&_nc_cat=104&_nc_ohc=gcG9ucyvxSgAX81rWAd&tp=1&oh=55698f69ad002410850b003a689b0fb1&oe=5FEEBE30"
    },
    {
      "src": "https://scontent-lax3-1.cdninstagram.com/v/t51.2885-15/sh0.08/e35/c0.118.944.944a/s640x640/127297325_191815972281531_521209639418849613_n.jpg?_nc_ht=scontent-lax3-1.cdninstagram.com&_nc_cat=103&_nc_ohc=KPSAtEKlZrQAX8xvTee&tp=1&oh=c8d0421e75d238c3414c3fe330e0c9af&oe=5FEE62E1"
    },
    {
      "src": "https://scontent-lax3-1.cdninstagram.com/v/t51.2885-15/sh0.08/e35/c0.180.1440.1440a/s640x640/127353254_3566193736810455_9198721889669132062_n.jpg?_nc_ht=scontent-lax3-1.cdninstagram.com&_nc_cat=103&_nc_ohc=4CfAhpTNwDoAX-hchh7&tp=1&oh=819120ed9f472328a4c54f1eeedf7629&oe=5FEC0591"
    },
    {
      "src": "https://scontent-lax3-1.cdninstagram.com/v/t51.2885-15/sh0.08/e35/s640x640/127625243_379634783377707_5409163351372315118_n.jpg?_nc_ht=scontent-lax3-1.cdninstagram.com&_nc_cat=103&_nc_ohc=e-iOz1GvH8QAX918RXQ&tp=1&oh=5fae103dfcb858be1c4599a6ed6f7b47&oe=5FED5F5B"
    },
    {
      "src": "https://scontent-lax3-1.cdninstagram.com/v/t51.2885-15/e35/c0.60.480.480a/127287241_442229043841298_5459610950339504453_n.jpg?_nc_ht=scontent-lax3-1.cdninstagram.com&_nc_cat=102&_nc_ohc=R-7YGrsTtK4AX8hMRmE&tp=1&oh=9806dbbc319b59b6a19bd473ada85849&oe=5FC5B08F"
    },
    {
      "src": "https://scontent-lax3-2.cdninstagram.com/v/t51.2885-15/sh0.08/e35/c0.120.1282.1282a/s640x640/127821404_150685916798167_6288885490295571098_n.jpg?_nc_ht=scontent-lax3-2.cdninstagram.com&_nc_cat=107&_nc_ohc=mZflN5evgLAAX_YYGSd&tp=1&oh=7c99102c55619be9b393cdfccba129f5&oe=5FEDD7DB"
    },
    {
      "src": "https://scontent-lax3-1.cdninstagram.com/v/t51.2885-15/sh0.08/e35/c0.180.1440.1440a/s640x640/127418620_1010028462811617_6151892234000746827_n.jpg?_nc_ht=scontent-lax3-1.cdninstagram.com&_nc_cat=109&_nc_ohc=G5WKnS8gddcAX8_1UUa&tp=1&oh=49ae6e8324ccef92f434adbcf97b9f8e&oe=5FECFFB0"
    },
    {
      "src": "https://scontent-lax3-1.cdninstagram.com/v/t51.2885-15/sh0.08/e35/c0.180.1440.1440a/s640x640/127144083_2354034714742874_15744910488438301_n.jpg?_nc_ht=scontent-lax3-1.cdninstagram.com&_nc_cat=102&_nc_ohc=dfRQmdh-AL0AX_no2fk&tp=1&oh=dc273e3fc528f2b682a80791efd9ae38&oe=5FEE4D8A"
    },
    {
      "src": "https://scontent-lax3-1.cdninstagram.com/v/t51.2885-15/sh0.08/e35/c0.0.1439.1439a/s640x640/127300413_212907206885521_5445943693252583054_n.jpg?_nc_ht=scontent-lax3-1.cdninstagram.com&_nc_cat=101&_nc_ohc=5b0kjKqYhGAAX8Sx50-&tp=1&oh=ea63edf72fd3d6c4a33d62a8ab104163&oe=5FEEABC6"
    },
    {
      "src": "https://scontent-lax3-1.cdninstagram.com/v/t51.2885-15/sh0.08/e35/s640x640/127055116_676723159701220_7110590479476144580_n.jpg?_nc_ht=scontent-lax3-1.cdninstagram.com&_nc_cat=104&_nc_ohc=UOtT7NTT_nYAX8ceJGD&tp=1&oh=4176e13d0437a6514938e71477eb4d0e&oe=5FEB1F92"
    },
    {
      "src": "https://scontent-lax3-1.cdninstagram.com/v/t51.2885-15/e35/127405690_389933405661494_4363883226321319883_n.jpg?_nc_ht=scontent-lax3-1.cdninstagram.com&_nc_cat=102&_nc_ohc=tH6ZLGkzoFQAX_AATxy&tp=1&oh=8b8397e025ec5bed2059ca6476cdb859&oe=5FC5AC62"
    },
    {
      "src": "https://scontent-lax3-1.cdninstagram.com/v/t51.2885-15/sh0.08/e35/c0.90.720.720a/s640x640/127315635_200771418232217_6001237293294833360_n.jpg?_nc_ht=scontent-lax3-1.cdninstagram.com&_nc_cat=105&_nc_ohc=c0nzXp2aE9EAX_lAswr&tp=1&oh=296b49e4e328f07f7dbd6d32448f866e&oe=5FC5973C"
    }
  ]
}