{
  "user_name": "yamba_inspired",
  "profile_photo": "https://scontent-lax3-2.cdninstagram.com/v/t51.2885-19/s150x150/117950102_344540396573927_4918165366554403529_n.jpg?_nc_ht=scontent-lax3-2.cdninstagram.com&_nc_ohc=RsMG-VStmj8AX8T-DAq&tp=1&oh=223c4350c51adaac974b97825603037f&oe=5FECE5FC",
  "name": "𝑌𝑎𝑚𝑏𝑎𝐼𝑛𝑠𝑝𝑖𝑟𝑒𝑑",
  "webiste": "",
  "bio": "𝚀𝚞𝚊𝚕𝚒𝚝𝚢 𝚅𝚒𝚗𝚝𝚊𝚐𝚎 𝙸𝚝𝚎𝚖𝚜 🎞<br>𝑇ℎ𝑟𝑖𝑓𝑡𝑒𝑑 𝑤𝑖𝑡ℎ 𝑐𝑎𝑟𝑒✨<br>▫️Dm to order 🎯<br>▫️Nationwide Delivery 🚚<br>▫️No refunds 💸",
  "category": "",
  "posts_count": "60",
  "followers_count": "131",
  "following_count": "96",
  "story_highlights": [
    {
      "text": "𝑆𝑛𝑒𝑎𝑘 𝑝𝑒𝑒𝑘!",
      "src": "https://scontent-lax3-2.cdninstagram.com/v/t51.2885-15/e15/c0.280.720.720a/s150x150/118580585_1253460415010155_2096583603144840554_n.jpg?_nc_ht=scontent-lax3-2.cdninstagram.com&_nc_cat=107&_nc_ohc=XLbKmr8pzyoAX__GpIA&tp=1&oh=be368a93f9d0f7becd9356f2c45a1a32&oe=5FC5F8CA"
    },
    {
      "text": "𝐵𝑢𝑐𝑘𝑒𝑡 𝐻𝑎𝑡𝑠🧢",
      "src": "https://scontent-lax3-2.cdninstagram.com/v/t51.2885-15/e15/c0.280.720.720a/s150x150/127087475_433349991319446_1215357175021539739_n.jpg?_nc_ht=scontent-lax3-2.cdninstagram.com&_nc_cat=106&_nc_ohc=T7WTnrQVH5gAX9SLFJy&tp=1&oh=16e5628edfa5d5239bd2f1866e8f5b0f&oe=5FC5B2DD"
    },
    {
      "text": "𝐶𝑢𝑠𝑡𝑜𝑚𝑒𝑟𝑠✨",
      "src": "https://scontent-lax3-2.cdninstagram.com/v/t51.2885-15/s150x150/119004835_151866373253673_3385441509516170625_n.jpg?_nc_ht=scontent-lax3-2.cdninstagram.com&_nc_ohc=CcxJXJDJzMoAX9bPbpm&tp=1&oh=1980b9b52d4342c150ce96e4bb199baa&oe=5FEDE189"
    },
    {
      "text": "𝑠𝑐𝑎𝑟𝑓𝑠✨",
      "src": "https://scontent-lax3-2.cdninstagram.com/v/t51.2885-15/s150x150/118954470_1212979689035366_2062794546790856921_n.jpg?_nc_ht=scontent-lax3-2.cdninstagram.com&_nc_ohc=DA70kFGQSzYAX_6FtSs&tp=1&oh=5f818d6ed4428115cad785b949437646&oe=5FEB16C7"
    },
    {
      "text": "𝐸𝑥𝑡𝑟𝑎𝑠✨",
      "src": "https://scontent-lax3-1.cdninstagram.com/v/t51.2885-15/e35/c0.322.828.828a/s150x150/118699409_600257207519801_5568027287059924086_n.jpg?_nc_ht=scontent-lax3-1.cdninstagram.com&_nc_cat=105&_nc_ohc=WnpoIJwbQiMAX_0vdny&tp=1&oh=95141c6fad30c7eaa0be229f767726d4&oe=5FC5B952"
    }
  ],
  "posts": [
    {
      "src": "https://scontent-lax3-2.cdninstagram.com/v/t51.2885-15/sh0.08/e35/c0.169.1349.1349a/s640x640/125831963_772113190037011_1101964413364760664_n.jpg?_nc_ht=scontent-lax3-2.cdninstagram.com&_nc_cat=107&_nc_ohc=i5C_iSzgBXoAX8YsD9A&tp=1&oh=2221ca8b0b220c5bde8fbd174ec1d931&oe=5FEEB0AB"
    },
    {
      "src": "https://scontent-lax3-1.cdninstagram.com/v/t51.2885-15/sh0.08/e35/c0.169.1349.1349a/s640x640/126361150_367726651198029_135502466247393281_n.jpg?_nc_ht=scontent-lax3-1.cdninstagram.com&_nc_cat=109&_nc_ohc=GySQln7ogxIAX9DuxZc&tp=1&oh=9515181ceaff4a469f69119d4953d6d0&oe=5FEDAC5B"
    },
    {
      "src": "https://scontent-lax3-1.cdninstagram.com/v/t51.2885-15/sh0.08/e35/c0.169.1349.1349a/s640x640/127747414_3496077553772316_7117818641306325869_n.jpg?_nc_ht=scontent-lax3-1.cdninstagram.com&_nc_cat=100&_nc_ohc=BcOQsOb4t8UAX9QAbX7&tp=1&oh=1f7254f3127e940880f2b39f6f5feb70&oe=5FED76BE"
    },
    {
      "src": "https://scontent-lax3-2.cdninstagram.com/v/t51.2885-15/sh0.08/e35/s640x640/125336096_216072106540187_6781594949691769721_n.jpg?_nc_ht=scontent-lax3-2.cdninstagram.com&_nc_cat=111&_nc_ohc=mR5xvcNvuBQAX_Hg74n&tp=1&oh=715198e8941dd2bce929e6f65a4f57a4&oe=5FEC3967"
    },
    {
      "src": "https://scontent-lax3-2.cdninstagram.com/v/t51.2885-15/sh0.08/e35/s640x640/125424699_712251256374198_9199992997722330505_n.jpg?_nc_ht=scontent-lax3-2.cdninstagram.com&_nc_cat=106&_nc_ohc=N9A9sDlduuUAX9aDQ6F&tp=1&oh=75f50ea99ada14f422176fba984b94df&oe=5FEC0945"
    },
    {
      "src": "https://scontent-lax3-1.cdninstagram.com/v/t51.2885-15/sh0.08/e35/s640x640/123143926_784743558987312_1574618592371446775_n.jpg?_nc_ht=scontent-lax3-1.cdninstagram.com&_nc_cat=100&_nc_ohc=LylQjTixjwcAX9TYtbM&tp=1&oh=3af4a32565b8a89a25341fe4f028cd0c&oe=5FEE3BEB"
    },
    {
      "src": "https://scontent-lax3-2.cdninstagram.com/v/t51.2885-15/sh0.08/e35/c294.0.646.646a/s640x640/122102460_421039838902147_4590288086336488406_n.jpg?_nc_ht=scontent-lax3-2.cdninstagram.com&_nc_cat=107&_nc_ohc=jCMQa435qP4AX8tgOdA&tp=1&oh=4bab84d5f24b557840de9ee1f9c2778b&oe=5FECB827"
    },
    {
      "src": "https://scontent-lax3-1.cdninstagram.com/v/t51.2885-15/sh0.08/e35/s640x640/121608390_257672799013534_2055698164713812984_n.jpg?_nc_ht=scontent-lax3-1.cdninstagram.com&_nc_cat=110&_nc_ohc=NRWFB2JB5wAAX_d2z5W&tp=1&oh=93718609861963102d5634ff30ddbf25&oe=5FEEEDE0"
    },
    {
      "src": "https://scontent-lax3-1.cdninstagram.com/v/t51.2885-15/sh0.08/e35/c106.0.727.727a/s640x640/121613212_133264514803060_4953396810353632289_n.jpg?_nc_ht=scontent-lax3-1.cdninstagram.com&_nc_cat=104&_nc_ohc=SypKz3MG9OYAX9IBg_X&tp=1&oh=69e0eb9c7e9c49be65ba8a550e21a128&oe=5FEB0989"
    },
    {
      "src": "https://scontent-lax3-2.cdninstagram.com/v/t51.2885-15/sh0.08/e35/s640x640/120157979_457051425212507_1358202115719254682_n.jpg?_nc_ht=scontent-lax3-2.cdninstagram.com&_nc_cat=111&_nc_ohc=r7iz6zLh_uMAX-RhW4B&tp=1&oh=feaf7d2a238207ab3615e54b6ed710bc&oe=5FEC2CEF"
    },
    {
      "src": "https://scontent-lax3-1.cdninstagram.com/v/t51.2885-15/sh0.08/e35/s640x640/119871900_773906723158417_5386170724568630724_n.jpg?_nc_ht=scontent-lax3-1.cdninstagram.com&_nc_cat=101&_nc_ohc=Rh-eZwVRPWEAX_Phj-u&tp=1&oh=2da54770897fe7b3f88a458a76a09dcd&oe=5FEB979F"
    },
    {
      "src": "https://scontent-lax3-1.cdninstagram.com/v/t51.2885-15/sh0.08/e35/c0.117.937.937a/s640x640/119646629_245634836786405_4652412626520677868_n.jpg?_nc_ht=scontent-lax3-1.cdninstagram.com&_nc_cat=105&_nc_ohc=yprOMZtmvkgAX9Nuc6u&tp=1&oh=ff0ad3ea9220749c07ee706e0d30b56a&oe=5FEB48FA"
    },
    {
      "src": "https://scontent-lax3-1.cdninstagram.com/v/t51.2885-15/e35/c0.67.540.540a/119232804_375764880488180_2234897713767028558_n.jpg?_nc_ht=scontent-lax3-1.cdninstagram.com&_nc_cat=108&_nc_ohc=dGOkTLhyTRYAX9sBXbB&tp=1&oh=608402c15df9f807498efafb9e940d09&oe=5FC5D8C4"
    },
    {
      "src": "https://scontent-lax3-1.cdninstagram.com/v/t51.2885-15/sh0.08/e35/c0.117.937.937a/s640x640/119172805_175792427360127_7266642210219350456_n.jpg?_nc_ht=scontent-lax3-1.cdninstagram.com&_nc_cat=103&_nc_ohc=qYEeNHyJ1PgAX_uL31J&tp=1&oh=f8e862dde3399623f10663aa1aafbada&oe=5FEDC3C1"
    },
    {
      "src": "https://scontent-lax3-1.cdninstagram.com/v/t51.2885-15/e35/c0.224.576.576a/118975126_321916912450897_7037521371892985970_n.jpg?_nc_ht=scontent-lax3-1.cdninstagram.com&_nc_cat=101&_nc_ohc=ejuDrQhVby8AX8Fm0-0&tp=1&oh=1ad0cc643b8200d10e14d46633341700&oe=5FC5F820"
    },
    {
      "src": "https://scontent-lax3-1.cdninstagram.com/v/t51.2885-15/sh0.08/e35/c0.169.1349.1349a/s640x640/118787625_310878333315088_3796552973735806951_n.jpg?_nc_ht=scontent-lax3-1.cdninstagram.com&_nc_cat=104&_nc_ohc=StxtxPYipSUAX_U1MY1&tp=1&oh=4e7a98ac714d1ff2d7d6b1f650a5a2cc&oe=5FED8D1B"
    },
    {
      "src": "https://scontent-lax3-2.cdninstagram.com/v/t51.2885-15/sh0.08/e35/c0.169.1349.1349a/s640x640/118781452_1425744250952862_567417364511699487_n.jpg?_nc_ht=scontent-lax3-2.cdninstagram.com&_nc_cat=106&_nc_ohc=a1DfI1I95SEAX9jhWIr&tp=1&oh=efa0a3bd35fe5fba7b133224a656d458&oe=5FEE77B2"
    },
    {
      "src": "https://scontent-lax3-2.cdninstagram.com/v/t51.2885-15/sh0.08/e35/c0.169.1349.1349a/s640x640/118947128_2058264914310679_723309487605643565_n.jpg?_nc_ht=scontent-lax3-2.cdninstagram.com&_nc_cat=107&_nc_ohc=LlfKYAG_C8wAX8ULucn&tp=1&oh=586910526f5be8f0d89758f7ce58e59a&oe=5FECDBD1"
    },
    {
      "src": "https://scontent-lax3-1.cdninstagram.com/v/t51.2885-15/sh0.08/e35/c0.169.1349.1349a/s640x640/118946407_323446638758188_8369052282791098706_n.jpg?_nc_ht=scontent-lax3-1.cdninstagram.com&_nc_cat=104&_nc_ohc=aIccbdhX7XMAX8Nwm_U&tp=1&oh=d43bb713445f68284adf2beb546b2566&oe=5FEC7AED"
    },
    {
      "src": "https://scontent-lax3-1.cdninstagram.com/v/t51.2885-15/sh0.08/e35/c0.169.1349.1349a/s640x640/118782143_3234671669985670_3813886662503777515_n.jpg?_nc_ht=scontent-lax3-1.cdninstagram.com&_nc_cat=110&_nc_ohc=LLOXc-OGwFcAX-xKNhr&tp=1&oh=bf9e9351eee9d19d1a75819d07897d3a&oe=5FEBB72C"
    },
    {
      "src": "https://scontent-lax3-1.cdninstagram.com/v/t51.2885-15/sh0.08/e35/c0.169.1349.1349a/s640x640/118787349_682876052333477_7283746826713475162_n.jpg?_nc_ht=scontent-lax3-1.cdninstagram.com&_nc_cat=105&_nc_ohc=CU3S1KTKYvoAX9LEHCP&tp=1&oh=eb2bb8572a58a104a178fc2533c6de87&oe=5FEE9849"
    },
    {
      "src": "https://scontent-lax3-1.cdninstagram.com/v/t51.2885-15/sh0.08/e35/c0.169.1349.1349a/s640x640/118833094_319287732722432_9062758609544277039_n.jpg?_nc_ht=scontent-lax3-1.cdninstagram.com&_nc_cat=108&_nc_ohc=QKhKiqdNad8AX-lU3mE&tp=1&oh=9d7a70dc2c73ae64d95db41b894043e2&oe=5FED18D1"
    },
    {
      "src": "https://scontent-lax3-1.cdninstagram.com/v/t51.2885-15/sh0.08/e35/c0.169.1349.1349a/s640x640/118795164_167562881607096_2220426079714779870_n.jpg?_nc_ht=scontent-lax3-1.cdninstagram.com&_nc_cat=100&_nc_ohc=m8D1i-m4UyQAX-ZdHKU&tp=1&oh=6c221da7b998322c8081fbd9dd8ec0a8&oe=5FEB1B3E"
    },
    {
      "src": "https://scontent-lax3-1.cdninstagram.com/v/t51.2885-15/sh0.08/e35/c0.169.1349.1349a/s640x640/118909158_724673668092289_3865592285304992463_n.jpg?_nc_ht=scontent-lax3-1.cdninstagram.com&_nc_cat=101&_nc_ohc=VznVmEiCZIgAX8ry5ZF&tp=1&oh=8d4be87ec515cad0b41c966f565834a3&oe=5FEB9446"
    }
  ]
}