{
  "user_name": "zanehousekenya",
  "profile_photo": "https://scontent-lax3-2.cdninstagram.com/v/t51.2885-19/s150x150/120748868_393879382002698_8416530885990524681_n.jpg?_nc_ht=scontent-lax3-2.cdninstagram.com&_nc_ohc=keHv5d9sfTQAX-XW2W7&tp=1&oh=89cf6fa00df21ef510fb63deb058b7ae&oe=5FECAD77",
  "name": "Zanehouse_Kenya",
  "webiste": "",
  "bio": "Thrift Shop under sh1000<br>For Quality trendy outfits X UK clothes 👗<br>For Mpesa and deliveries ☎ : 0112276200",
  "category": "",
  "posts_count": "6",
  "followers_count": "16",
  "following_count": "19",
  "story_highlights": [
    {
      "text": "SIZE CHART",
      "src": "https://scontent-lax3-1.cdninstagram.com/v/t51.2885-15/e35/c0.420.1080.1080a/s150x150/121067288_264365904820221_38555498949016134_n.jpg?_nc_ht=scontent-lax3-1.cdninstagram.com&_nc_cat=109&_nc_ohc=H-PGQQF3l1kAX--R2zT&tp=1&oh=1c11b0e4846d0e166d810a52421b0ffa&oe=5FC609E4"
    }
  ],
  "posts": [
    {
      "src": "https://scontent-lax3-1.cdninstagram.com/v/t51.2885-15/sh0.08/e35/c0.99.796.796a/s640x640/120752783_175187800833190_5808007172943968258_n.jpg?_nc_ht=scontent-lax3-1.cdninstagram.com&_nc_cat=110&_nc_ohc=ho2h3kFoMjIAX8zrtSZ&tp=1&oh=f701f893e97a0db764d187b276050326&oe=5FEC821A"
    },
    {
      "src": "https://scontent-lax3-2.cdninstagram.com/v/t51.2885-15/sh0.08/e35/c0.135.1080.1080a/s640x640/120891027_2892286574325667_3578062501672466840_n.jpg?_nc_ht=scontent-lax3-2.cdninstagram.com&_nc_cat=107&_nc_ohc=mHCFZTzsLd8AX8xIUQb&tp=1&oh=87f413f9693347cbfc7c2a41ed85982e&oe=5FEC55E4"
    },
    {
      "src": "https://scontent-lax3-1.cdninstagram.com/v/t51.2885-15/sh0.08/e35/s640x640/121077687_345790209869548_2868513293117858931_n.jpg?_nc_ht=scontent-lax3-1.cdninstagram.com&_nc_cat=104&_nc_ohc=5gwACoGCyRkAX8RZcs5&tp=1&oh=ca68e5ad59e3116a629efa9cd57eea33&oe=5FEDB151"
    },
    {
      "src": "https://scontent-lax3-2.cdninstagram.com/v/t51.2885-15/sh0.08/e35/c0.126.1013.1013a/s640x640/120791967_132288781931898_5555568299015238119_n.jpg?_nc_ht=scontent-lax3-2.cdninstagram.com&_nc_cat=106&_nc_ohc=v2GJJP66JxwAX8ERww8&tp=1&oh=861d64f6bf8025e37116167bd478e856&oe=5FEC662C"
    },
    {
      "src": "https://scontent-lax3-1.cdninstagram.com/v/t51.2885-15/sh0.08/e35/c0.129.1035.1035a/s640x640/120854504_180177330327817_2221734372723893925_n.jpg?_nc_ht=scontent-lax3-1.cdninstagram.com&_nc_cat=101&_nc_ohc=3E7EjOEHFLIAX8hH1Sw&tp=1&oh=3fbc6efc327488633cfa03c037e00f4d&oe=5FED7385"
    },
    {
      "src": "https://scontent-lax3-1.cdninstagram.com/v/t51.2885-15/e35/120844310_2458640231107320_3308334423089345124_n.jpg?_nc_ht=scontent-lax3-1.cdninstagram.com&_nc_cat=100&_nc_ohc=OFvYN5zbPSMAX9EoMVD&tp=1&oh=492131d2c792ff8711dc75482edad26e&oe=5FEE3DB3"
    }
  ]
}