{
  "user_name": "zonagadgetstore",
  "profile_photo": "https://scontent-lax3-2.cdninstagram.com/v/t51.2885-19/s150x150/115230550_3692286380801084_8665251215360999947_n.jpg?_nc_ht=scontent-lax3-2.cdninstagram.com&_nc_ohc=NiJ5WJaAkzAAX-hbgL2&tp=1&oh=ccb31bc652dc96f636d07da752d7879e&oe=5FED0875",
  "name": "Zona Gadget Store",
  "webiste": "https://l.instagram.com/?u=http%3A%2F%2Fwww.zona.com.ng%2F&e=ATOSkK4BNlf923nq8_JuLJpbzt5q46YtI3iZM7ZmTJ6bY7IVEjp2hMfsTflsQ1l2Fpi6py7I0RV0kitSfjts4g&s=1",
  "bio": "Brand new &amp; Uk Used Phones/Laptops/Accessories<br>Mon-sat 8:30am-6pm/Thursday 10am-6pm <br>Call/DM for enquires <br>08130551686<br>09036054682<br>08131288695",
  "category": "",
  "posts_count": "2,276",
  "followers_count": "134k",
  "following_count": "478",
  "story_highlights": [
    {
      "text": "CustomersReview",
      "src": "https://scontent-lax3-1.cdninstagram.com/v/t51.12442-15/e35/c0.398.1024.1024a/s150x150/64565198_2063693700420118_4737449441137072647_n.jpg?_nc_ht=scontent-lax3-1.cdninstagram.com&_nc_cat=110&_nc_ohc=xDk5NtijtyYAX9_Tqoa&tp=1&oh=ec2bb128cccb79d74d673aaa7a8e1521&oe=5FC60389"
    },
    {
      "text": "Highlights",
      "src": "https://scontent-lax3-1.cdninstagram.com/v/t51.12442-15/e35/c0.483.1242.1242a/s150x150/76877125_412600559431912_7180034579570286937_n.jpg?_nc_ht=scontent-lax3-1.cdninstagram.com&_nc_cat=104&_nc_ohc=BrWLZYtstJIAX9VfhnE&tp=1&oh=77458f2a13e317c1360e772c707c8068&oe=5FC5C1F2"
    },
    {
      "text": "Highlights",
      "src": "https://scontent-lax3-2.cdninstagram.com/v/t51.12442-15/e35/c0.233.480.480a/s150x150/72360450_720975425047026_2237622001525368169_n.jpg?_nc_ht=scontent-lax3-2.cdninstagram.com&_nc_cat=106&_nc_ohc=HF66a13HjoAAX9Ty4Kv&tp=1&oh=db440adc4be29e10ded84c1d22cdce6a&oe=5FC5A7BB"
    },
    {
      "text": "Premium Uk used",
      "src": "https://scontent-lax3-2.cdninstagram.com/v/t51.12442-15/e15/c0.280.720.720a/s150x150/49586009_2222150744699915_8358097861559552168_n.jpg?_nc_ht=scontent-lax3-2.cdninstagram.com&_nc_cat=111&_nc_ohc=-VEoF1BesO4AX-bbdp0&tp=1&oh=1a27c171ab5d50eca0c4a1a9a4486698&oe=5FC596E7"
    },
    {
      "text": "Testimonies",
      "src": "https://scontent-lax3-2.cdninstagram.com/v/t51.12442-15/e35/c0.570.1080.1080a/s150x150/51453464_147192739530391_3405278796019092989_n.jpg?_nc_ht=scontent-lax3-2.cdninstagram.com&_nc_cat=107&_nc_ohc=G4comw1WniAAX9_LnLs&tp=1&oh=c3cee26b4fa49d221f7974597145a457&oe=5FC57323"
    },
    {
      "text": "SWAP",
      "src": "https://scontent-lax3-1.cdninstagram.com/v/t51.12442-15/e15/c0.280.720.720a/s150x150/50112100_912654202238365_388514125159888326_n.jpg?_nc_ht=scontent-lax3-1.cdninstagram.com&_nc_cat=101&_nc_ohc=ZF1F8JJWLiMAX-zaZfN&tp=1&oh=ad7c75bf2d6a2ca64a02386de384245b&oe=5FC591CB"
    },
    {
      "text": "S10 series",
      "src": "https://scontent-lax3-1.cdninstagram.com/v/t51.12442-15/e15/c0.280.720.720a/s150x150/52703048_2129553847120365_3367006188958167359_n.jpg?_nc_ht=scontent-lax3-1.cdninstagram.com&_nc_cat=109&_nc_ohc=WUCICIn3HgwAX_vmNF-&tp=1&oh=f931204e2ef98ddb3e81dee404479773&oe=5FC58C07"
    },
    {
      "text": "Giveaway",
      "src": "https://scontent-lax3-1.cdninstagram.com/v/t51.12442-15/e35/c0.292.750.750a/s150x150/51053210_391960291376797_441475190751354125_n.jpg?_nc_ht=scontent-lax3-1.cdninstagram.com&_nc_cat=101&_nc_ohc=1z1RwUgMTKoAX9MDBN4&tp=1&oh=c322abd278aa0d1544a662af06e54cf8&oe=5FC5E672"
    }
  ],
  "posts": [
    {
      "src": "https://scontent-lax3-1.cdninstagram.com/v/t51.2885-15/sh0.08/e35/s640x640/127768598_855054848602438_3775412442378744825_n.jpg?_nc_ht=scontent-lax3-1.cdninstagram.com&_nc_cat=110&_nc_ohc=gE6uKp40s3EAX-AVwMn&tp=1&oh=e34ae19d313d3178d608808f77635a91&oe=5FEB0959"
    },
    {
      "src": "https://scontent-lax3-1.cdninstagram.com/v/t51.2885-15/e35/c0.150.540.540a/127419837_2875652292691420_610429020423095169_n.jpg?_nc_ht=scontent-lax3-1.cdninstagram.com&_nc_cat=104&_nc_ohc=ptziz2J6ZfcAX-9GwFy&tp=1&oh=9be76c766c133760b684b044f15587dc&oe=5FC57B93"
    },
    {
      "src": "https://scontent-lax3-1.cdninstagram.com/v/t51.2885-15/sh0.08/e35/s640x640/127554089_292179772155416_3423317127775966105_n.jpg?_nc_ht=scontent-lax3-1.cdninstagram.com&_nc_cat=108&_nc_ohc=fiLd2XfTAyEAX-Gzmaz&tp=1&oh=04efb3e82f75203bce3fcfee36ee04d8&oe=5FEE4EC8"
    },
    {
      "src": "https://scontent-lax3-2.cdninstagram.com/v/t51.2885-15/sh0.08/e35/c0.483.1242.1242a/s640x640/127157346_1226618567722747_8398184703036757047_n.jpg?_nc_ht=scontent-lax3-2.cdninstagram.com&_nc_cat=107&_nc_ohc=pbfLHIqO8fQAX94X5N5&tp=1&oh=fb58b95964097890283d9a36d97d8415&oe=5FC58746"
    },
    {
      "src": "https://scontent-lax3-1.cdninstagram.com/v/t51.2885-15/sh0.08/e35/c0.78.1044.1044a/s640x640/127506866_716167439008104_8332177221206788466_n.jpg?_nc_ht=scontent-lax3-1.cdninstagram.com&_nc_cat=100&_nc_ohc=MVGm6YshWtsAX9Ya61z&tp=1&oh=c3857cfc3b7574b468489c4b82f0d8e4&oe=5FED0D77"
    },
    {
      "src": "https://scontent-lax3-1.cdninstagram.com/v/t51.2885-15/sh0.08/e35/c10.0.1419.1419a/s640x640/127569686_2880999748835852_5810157503710960186_n.jpg?_nc_ht=scontent-lax3-1.cdninstagram.com&_nc_cat=108&_nc_ohc=v_E3iSV4FXwAX8oFCsY&tp=1&oh=dcbe2a0b4c6ae509dc20d381ad832ca4&oe=5FECC6D9"
    },
    {
      "src": "https://scontent-lax3-2.cdninstagram.com/v/t51.2885-15/sh0.08/e35/c0.60.1079.1079a/s640x640/128160423_313880392974479_170841750895321170_n.jpg?_nc_ht=scontent-lax3-2.cdninstagram.com&_nc_cat=111&_nc_ohc=lXF6iFBjxDEAX8QBYc5&tp=1&oh=38529dcda2370c5e370af6e4d253e6b2&oe=5FEDE5ED"
    },
    {
      "src": "https://scontent-lax3-2.cdninstagram.com/v/t51.2885-15/sh0.08/e35/c0.78.1044.1044a/s640x640/127466799_2821545718114967_1948258833284764210_n.jpg?_nc_ht=scontent-lax3-2.cdninstagram.com&_nc_cat=111&_nc_ohc=FtH8BTy50F8AX8m_NAF&tp=1&oh=56c67cf5b01121a4a31cbb252b50fa8b&oe=5FEE38C2"
    },
    {
      "src": "https://scontent-lax3-1.cdninstagram.com/v/t51.2885-15/sh0.08/e35/c0.78.1044.1044a/s640x640/127347166_421682169178252_2937893855502125593_n.jpg?_nc_ht=scontent-lax3-1.cdninstagram.com&_nc_cat=104&_nc_ohc=yFHO8Y9qx2cAX9czpTa&tp=1&oh=62989f02664a47caf36b660935b1ef73&oe=5FEB8DCA"
    },
    {
      "src": "https://scontent-lax3-1.cdninstagram.com/v/t51.2885-15/sh0.08/e35/c0.78.1044.1044a/s640x640/127635515_2687048521512718_3566917855914267020_n.jpg?_nc_ht=scontent-lax3-1.cdninstagram.com&_nc_cat=110&_nc_ohc=d2_X7d4vKb0AX-UyrPN&tp=1&oh=09804e710e95d014c8b5d93fb9317621&oe=5FEDF1DB"
    },
    {
      "src": "https://scontent-lax3-2.cdninstagram.com/v/t51.2885-15/sh0.08/e35/c20.0.768.768a/s640x640/127471910_185490923205738_7274150251311644737_n.jpg?_nc_ht=scontent-lax3-2.cdninstagram.com&_nc_cat=106&_nc_ohc=-WDg7Ofn_icAX_IL_WC&tp=1&oh=c1a1057b71f1dfce8833c4ff89bf605a&oe=5FED13FC"
    },
    {
      "src": "https://scontent-lax3-1.cdninstagram.com/v/t51.2885-15/sh0.08/e35/c0.179.1440.1440a/s640x640/125781435_128567972374640_2539117659103093805_n.jpg?_nc_ht=scontent-lax3-1.cdninstagram.com&_nc_cat=108&_nc_ohc=Zz_SH-Bg1rwAX9-2mgm&tp=1&oh=cc1e9724f8648978e567d0c15b340bef&oe=5FED897E"
    },
    {
      "src": "https://scontent-lax3-1.cdninstagram.com/v/t51.2885-15/sh0.08/e35/c0.180.1440.1440a/s640x640/127213770_167179945089968_5298623509791504756_n.jpg?_nc_ht=scontent-lax3-1.cdninstagram.com&_nc_cat=108&_nc_ohc=Jwmo6IKifcYAX9KI7fR&tp=1&oh=719b8312a53414f0f0ab94ccf60aa45c&oe=5FED254B"
    },
    {
      "src": "https://scontent-lax3-1.cdninstagram.com/v/t51.2885-15/sh0.08/e35/c0.180.1440.1440a/s640x640/127143518_455827972073485_4177679304746847197_n.jpg?_nc_ht=scontent-lax3-1.cdninstagram.com&_nc_cat=101&_nc_ohc=nc3Z4WP29yAAX_du4_w&tp=1&oh=01a5f68717b857e7be4888d64ef49cbb&oe=5FEDEE2A"
    },
    {
      "src": "https://scontent-lax3-2.cdninstagram.com/v/t51.2885-15/sh0.08/e35/c0.75.1440.1440a/s640x640/127194309_208252140818454_4647332909052297467_n.jpg?_nc_ht=scontent-lax3-2.cdninstagram.com&_nc_cat=106&_nc_ohc=JvGb9vnVM4kAX8UDqt0&tp=1&oh=35608e8a76b139e682aaeeba7f5621d8&oe=5FEEA208"
    },
    {
      "src": "https://scontent-lax3-1.cdninstagram.com/v/t51.2885-15/sh0.08/e35/s640x640/127159310_500382410922687_4099078336394125425_n.jpg?_nc_ht=scontent-lax3-1.cdninstagram.com&_nc_cat=103&_nc_ohc=r7qigV2c7qAAX9uKwGr&tp=1&oh=33217ebcebdd224af4e4c4d66961e1a1&oe=5FEC834E"
    },
    {
      "src": "https://scontent-lax3-2.cdninstagram.com/v/t51.2885-15/sh0.08/e35/c0.180.1440.1440a/s640x640/127856619_2862997203981199_6248007800492926801_n.jpg?_nc_ht=scontent-lax3-2.cdninstagram.com&_nc_cat=107&_nc_ohc=z7wVy97SJZMAX8aoi9V&tp=1&oh=b0136b935120552faa371806af512a72&oe=5FECF8B0"
    },
    {
      "src": "https://scontent-lax3-1.cdninstagram.com/v/t51.2885-15/sh0.08/e35/c0.180.1440.1440a/s640x640/127283784_2812982069023876_4973326801084973313_n.jpg?_nc_ht=scontent-lax3-1.cdninstagram.com&_nc_cat=104&_nc_ohc=nF1AzNGnd-sAX83FQ98&tp=1&oh=234be4779926c898f275b4cd8b74bf46&oe=5FEE2665"
    },
    {
      "src": "https://scontent-lax3-2.cdninstagram.com/v/t51.2885-15/sh0.08/e35/c0.180.1440.1440a/s640x640/127621376_1625174210988239_9071313650743308440_n.jpg?_nc_ht=scontent-lax3-2.cdninstagram.com&_nc_cat=111&_nc_ohc=bqys0HKuIY0AX9G1wwv&tp=1&oh=dcd8c93a31d4d903aaa4392e6a5af829&oe=5FED4DC5"
    },
    {
      "src": "https://scontent-lax3-2.cdninstagram.com/v/t51.2885-15/sh0.08/e35/s640x640/127331751_226815515537155_2798427954646345762_n.jpg?_nc_ht=scontent-lax3-2.cdninstagram.com&_nc_cat=107&_nc_ohc=Y5TS4-Xib34AX81_WSk&tp=1&oh=6c2fb49a225b5cdbb7896a7fddd91fe8&oe=5FED9AF3"
    },
    {
      "src": "https://scontent-lax3-1.cdninstagram.com/v/t51.2885-15/sh0.08/e35/c0.180.1440.1440a/s640x640/126996634_403543790829436_2891773868393182616_n.jpg?_nc_ht=scontent-lax3-1.cdninstagram.com&_nc_cat=104&_nc_ohc=uj1KTXbYiFAAX-4jy3H&tp=1&oh=309322cf8500112d0178aaf02dfebeec&oe=5FEC85E1"
    },
    {
      "src": "https://scontent-lax3-2.cdninstagram.com/v/t51.2885-15/sh0.08/e35/c0.180.1440.1440a/s640x640/127090097_702904913955402_8786060798539816986_n.jpg?_nc_ht=scontent-lax3-2.cdninstagram.com&_nc_cat=106&_nc_ohc=3q4M0kovCnUAX9v-Gj-&tp=1&oh=b7246a4c29c28ec769de12e6d860a427&oe=5FEB1D3E"
    },
    {
      "src": "https://scontent-lax3-1.cdninstagram.com/v/t51.2885-15/sh0.08/e35/c88.0.1264.1264a/s640x640/127285236_386078682473967_3644880858768233611_n.jpg?_nc_ht=scontent-lax3-1.cdninstagram.com&_nc_cat=103&_nc_ohc=NaFcHZs8avMAX91RNGC&tp=1&oh=d0863c5bb55c7ffd4e618925f19314a7&oe=5FEB2946"
    },
    {
      "src": "https://scontent-lax3-2.cdninstagram.com/v/t51.2885-15/sh0.08/e35/c0.90.720.720a/s640x640/127079340_306935160440927_6543891046566125414_n.jpg?_nc_ht=scontent-lax3-2.cdninstagram.com&_nc_cat=111&_nc_ohc=EvSwyN_wvcEAX-sEi83&tp=1&oh=789b333e9c68f03243f9508b5bcb0dc0&oe=5FC5948F"
    }
  ]
}